location_id;latitude;longitude;elevation;utc_offset_seconds;timezone;timezone_abbreviation;;;;;;;;;;;
0;10.790.861;1.066.313;6.0;25200;Asia/Bangkok;GMT+7;;;;;;;;;;;
1;2.049.209;1.060.423;3.0;25200;Asia/Bangkok;GMT+7;;;;;;;;;;;
2;1.648.506;107.571.434;8.0;25200;Asia/Bangkok;GMT+7;;;;;;;;;;;
;;;;;;;;;;;;;;;;;
location_id;time;temperature_2m_mean (°C);temperature_2m_max (°C);temperature_2m_min (°C);precipitation_sum (mm);rain_sum (mm);wind_speed_10m_min (km/h);relative_humidity_2m_mean (%);weather_code (wmo code);sunshine_duration (s);wind_speed_10m_max (km/h);winddirection_10m_dominant (°);apparent_temperature_mean (°C);apparent_temperature_max (°C);apparent_temperature_min (°C);precipitation_hours (h);daylight_duration (s)
0;2020-01-01;28.8;33.9;23.1;0.00;0.00;6.1;52;3;40368.68;18.3;45;30.1;35.0;24.0;0.0;41412.52
0;2020-01-02;28.6;33.9;22.9;0.00;0.00;0.7;57;3;39558.12;16.0;47;30.8;36.2;24.8;0.0;41421.33
0;2020-01-03;28.4;33.6;23.1;0.00;0.00;2.6;60;3;38876.08;14.1;59;31.2;36.0;24.6;0.0;41430.90
0;2020-01-04;27.8;33.5;23.5;0.00;0.00;1.6;65;3;37870.19;12.7;109;31.0;35.5;26.5;0.0;41441.23
0;2020-01-05;27.6;33.0;22.8;0.00;0.00;1.1;62;3;41023.01;14.7;115;30.4;36.0;26.5;0.0;41452.30
0;2020-01-06;27.7;34.0;22.0;0.00;0.00;1.3;63;3;40158.90;15.2;56;30.3;35.9;24.8;0.0;41464.09
0;2020-01-07;29.0;34.4;24.3;0.30;0.30;2.7;61;51;39353.79;14.5;99;32.1;37.7;28.6;2.0;41476.60
0;2020-01-08;29.7;35.5;25.2;0.00;0.00;3.8;58;3;40351.02;12.9;91;32.5;37.6;28.7;0.0;41489.78
0;2020-01-09;28.9;34.9;24.5;0.20;0.20;0.4;64;51;41074.96;15.0;145;32.6;39.2;29.1;2.0;41503.65
0;2020-01-10;28.9;34.3;24.6;0.00;0.00;3.1;59;2;39626.98;16.0;80;31.5;36.8;28.0;0.0;41518.16
0;2020-01-11;28.0;32.5;24.2;0.10;0.10;0.0;66;51;38783.24;16.0;206;31.3;35.9;27.9;1.0;41533.31
0;2020-01-12;27.3;31.6;24.8;0.90;0.90;1.5;72;51;26801.72;17.6;142;30.9;34.5;28.9;9.0;41549.08
0;2020-01-13;27.3;33.0;22.3;0.00;0.00;2.2;66;3;41137.05;17.3;77;30.1;35.4;26.2;0.0;41565.45
0;2020-01-14;27.1;33.4;22.3;0.00;0.00;3.0;62;3;41154.11;21.5;118;29.3;35.8;25.7;0.0;41582.42
0;2020-01-15;27.0;33.3;21.7;0.00;0.00;3.9;58;3;41172.19;17.1;106;28.8;35.4;23.3;0.0;41600.15
0;2020-01-16;27.9;34.1;22.3;0.00;0.00;3.3;63;2;41191.10;15.9;120;30.7;37.0;25.5;0.0;41618.69
0;2020-01-17;28.0;33.9;23.5;0.00;0.00;1.3;65;3;40035.98;19.4;112;31.1;36.8;27.6;0.0;41638.03
0;2020-01-18;27.4;32.3;23.7;0.10;0.10;0.4;66;51;39840.20;17.1;142;30.4;36.2;27.3;1.0;41658.11
0;2020-01-19;27.8;33.8;23.2;0.00;0.00;2.9;59;3;41184.93;16.8;108;30.0;36.4;25.8;0.0;41678.91
0;2020-01-20;28.2;34.6;23.4;0.00;0.00;1.1;62;3;40961.60;19.1;124;30.8;37.2;27.1;0.0;41700.40
0;2020-01-21;28.7;35.1;24.1;0.00;0.00;4.0;55;3;40988.86;19.2;113;30.9;37.9;26.5;0.0;41722.53
0;2020-01-22;28.7;35.0;23.7;0.00;0.00;5.9;58;3;41319.88;20.4;121;30.8;38.2;26.2;0.0;41745.27
0;2020-01-23;28.5;34.8;24.2;0.00;0.00;6.2;54;3;41290.64;20.0;112;29.8;36.9;25.6;0.0;41768.59
0;2020-01-24;28.2;35.6;22.9;0.00;0.00;5.5;54;3;41065.38;24.0;127;29.3;36.5;24.1;0.0;41792.46
0;2020-01-25;27.5;33.0;23.8;0.00;0.00;8.4;66;3;41392.51;19.7;145;29.7;35.2;26.0;0.0;41816.85
0;2020-01-26;27.4;34.1;23.0;0.00;0.00;5.0;72;3;41111.62;21.0;139;30.8;37.3;27.4;0.0;41841.71
0;2020-01-27;26.9;32.8;23.5;0.40;0.40;5.9;74;51;40636.72;21.9;145;29.7;35.0;27.5;4.0;41867.02
0;2020-01-28;26.9;33.6;22.7;0.00;0.00;6.0;72;2;40304.23;23.1;140;29.5;35.7;26.7;0.0;41892.76
0;2020-01-29;26.6;32.9;22.0;0.00;0.00;5.6;73;3;41495.81;21.1;136;29.4;36.2;25.3;0.0;41918.87
0;2020-01-30;27.1;31.9;23.4;0.40;0.40;1.9;72;51;37940.16;16.1;101;30.4;35.0;27.6;3.0;41945.34
0;2020-01-31;26.8;31.6;23.5;0.40;0.40;1.8;64;51;39153.05;16.8;119;29.2;35.6;26.4;3.0;41972.13
0;2020-02-01;26.7;33.2;22.7;0.00;0.00;4.8;57;3;40731.51;21.7;124;27.9;35.6;24.4;0.0;41999.22
0;2020-02-02;26.3;32.5;21.4;0.00;0.00;2.2;59;3;41604.54;18.5;127;28.1;35.6;22.8;0.0;42026.56
0;2020-02-03;26.9;34.0;21.6;0.00;0.00;4.7;59;3;41632.36;21.3;121;28.4;34.9;23.7;0.0;42054.15
0;2020-02-04;27.6;34.0;22.7;0.00;0.00;4.7;57;3;41660.68;19.6;113;29.2;36.2;25.2;0.0;42082.23
0;2020-02-05;27.6;34.5;22.6;0.00;0.00;2.1;51;3;41689.58;18.4;111;28.6;36.2;23.6;0.0;42110.88
0;2020-02-06;26.6;33.0;21.4;0.00;0.00;2.3;53;3;41719.03;22.0;126;27.4;36.1;21.9;0.0;42140.07
0;2020-02-07;27.1;34.2;21.4;0.00;0.00;5.7;53;3;41748.99;18.9;121;28.1;36.3;22.1;0.0;42169.77
0;2020-02-08;27.9;33.4;21.5;0.00;0.00;2.5;61;3;38710.17;11.2;345;30.4;35.6;24.1;0.0;42199.94
0;2020-02-09;27.8;30.7;25.2;0.40;0.40;1.1;55;51;13749.88;21.5;43;29.4;33.7;25.7;3.0;42230.55
0;2020-02-10;27.7;32.0;23.4;0.00;0.00;0.4;57;3;32867.27;13.0;60;29.9;34.3;25.4;0.0;42261.55
0;2020-02-11;28.9;35.0;23.7;0.00;0.00;4.0;58;3;41556.06;21.5;113;30.7;36.4;26.8;0.0;42292.92
0;2020-02-12;29.1;34.7;24.9;0.30;0.30;10.6;59;51;41905.29;21.2;124;30.8;36.3;26.8;3.0;42324.63
0;2020-02-13;28.4;35.8;24.5;0.00;0.00;6.4;68;3;41560.27;24.4;141;31.1;38.5;28.0;0.0;42356.64
0;2020-02-14;27.7;33.5;24.5;0.00;0.00;8.7;72;3;41561.05;22.0;145;30.6;35.8;28.3;0.0;42388.92
0;2020-02-15;27.6;33.1;23.5;0.00;0.00;7.2;73;3;38527.65;19.6;145;30.6;36.5;27.6;0.0;42421.43
0;2020-02-16;28.4;34.6;23.7;0.00;0.00;1.5;71;3;38044.18;18.6;139;32.4;39.1;28.6;0.0;42454.15
0;2020-02-17;28.7;33.6;25.5;2.20;2.20;1.8;70;51;41558.36;20.5;112;32.4;39.0;29.4;13.0;42487.05
0;2020-02-18;28.3;33.5;24.9;1.20;1.20;0.4;64;51;32298.82;18.6;122;31.8;37.3;29.0;5.0;42520.08
0;2020-02-19;28.2;34.7;22.3;0.00;0.00;0.8;53;2;42136.01;18.4;99;30.0;37.0;24.0;0.0;42553.24
0;2020-02-20;28.5;35.0;22.6;0.00;0.00;2.9;56;3;42169.55;17.7;112;30.7;38.1;25.5;0.0;42586.48
0;2020-02-21;29.3;35.8;23.4;0.00;0.00;3.3;51;3;42203.12;17.9;74;30.9;37.2;25.9;0.0;42619.76
0;2020-02-22;28.4;35.2;22.1;0.00;0.00;4.6;52;2;42236.71;20.9;71;29.5;36.2;24.5;0.0;42653.08
0;2020-02-23;28.3;34.7;22.6;0.00;0.00;3.1;49;1;42270.27;21.9;61;29.2;36.3;23.3;0.0;42686.39
0;2020-02-24;28.5;35.7;23.1;0.00;0.00;2.4;49;2;42303.87;23.8;119;29.8;36.9;25.2;0.0;42719.96
0;2020-02-25;28.6;35.2;23.2;0.00;0.00;4.0;54;3;42337.85;24.4;123;30.3;37.9;25.5;0.0;42753.87
0;2020-02-26;29.5;35.8;24.9;0.20;0.20;5.4;54;51;42372.15;23.3;104;31.5;38.7;27.5;2.0;42788.10
0;2020-02-27;29.5;36.3;24.5;0.00;0.00;5.6;51;3;42406.74;19.9;108;31.1;38.4;26.7;0.0;42822.62
0;2020-02-28;28.8;35.2;23.9;0.00;0.00;1.1;52;3;42441.61;25.5;138;30.7;38.5;26.6;0.0;42857.41
0;2020-02-29;28.7;35.6;24.1;0.00;0.00;4.9;59;3;42476.01;22.2;130;30.8;38.3;26.7;0.0;42892.43
0;2020-03-01;28.9;35.2;24.5;0.10;0.10;4.4;62;51;42505.69;22.6;134;31.5;38.0;27.8;1.0;42927.65
0;2020-03-02;29.0;36.1;25.1;0.00;0.00;7.1;62;3;42536.04;23.8;126;31.4;38.1;27.8;0.0;42963.06
0;2020-03-03;29.1;36.1;25.0;0.00;0.00;5.2;57;3;42566.99;22.3;122;31.0;38.4;27.1;0.0;42998.61
0;2020-03-04;28.7;34.9;25.0;0.00;0.00;9.2;61;3;42598.48;21.3;131;30.9;37.8;27.7;0.0;43034.29
0;2020-03-05;28.8;34.5;24.9;0.10;0.10;10.2;62;51;42630.43;23.4;125;30.7;36.8;27.6;1.0;43070.07
0;2020-03-06;28.3;34.3;24.9;0.00;0.00;8.0;64;3;42662.80;20.5;139;30.4;37.2;27.7;0.0;43105.92
0;2020-03-07;28.4;34.9;24.7;0.00;0.00;1.6;68;3;42695.48;20.5;140;31.9;39.5;28.4;0.0;43141.81
0;2020-03-08;29.2;34.8;24.5;0.00;0.00;1.1;68;3;33360.09;15.3;175;33.1;38.0;29.3;0.0;43177.72
0;2020-03-09;29.3;34.7;25.5;0.80;0.80;5.9;72;51;42725.56;14.9;169;33.9;39.8;30.0;6.0;43213.62
0;2020-03-10;29.5;35.2;25.5;0.10;0.10;4.4;72;51;40890.72;17.6;153;34.0;40.4;30.7;1.0;43249.48
0;2020-03-11;28.9;33.0;26.0;1.50;1.50;6.8;71;51;39600.00;20.6;135;32.4;37.1;29.1;9.0;43285.29
0;2020-03-12;29.2;36.8;24.4;0.00;0.00;6.1;63;3;42861.55;24.2;135;32.1;39.7;27.9;0.0;43321.01
0;2020-03-13;29.2;35.5;25.3;0.00;0.00;5.5;67;3;42894.81;22.3;143;32.3;39.2;28.9;0.0;43356.62
0;2020-03-14;29.3;37.2;25.5;0.00;0.00;7.1;65;3;42927.93;26.2;132;32.1;40.7;28.4;0.0;43392.09
0;2020-03-15;29.4;37.1;24.4;0.10;0.10;10.3;61;51;42961.31;26.0;129;31.6;39.7;26.9;1.0;43427.66
0;2020-03-16;30.0;37.7;25.2;0.00;0.00;6.9;58;3;42995.36;27.5;116;32.2;40.0;28.4;0.0;43463.42
0;2020-03-17;29.7;36.2;25.4;0.00;0.00;8.9;61;3;43029.99;22.0;125;32.1;37.9;28.8;0.0;43499.35
0;2020-03-18;29.2;36.4;24.6;0.00;0.00;6.2;64;3;43065.15;23.1;143;31.9;38.8;28.0;0.0;43535.43
0;2020-03-19;29.1;35.6;25.9;0.00;0.00;9.5;67;3;43100.76;25.9;142;31.8;37.8;30.1;0.0;43571.62
0;2020-03-20;29.0;35.5;25.1;0.00;0.00;7.2;64;3;43136.74;24.0;139;31.3;36.2;29.2;0.0;43607.91
0;2020-03-21;29.0;35.7;24.9;0.00;0.00;7.7;68;1;43173.04;23.8;137;32.1;38.3;29.3;0.0;43644.27
0;2020-03-22;28.9;34.9;24.8;0.70;0.70;7.6;68;51;43200.00;19.5;139;32.0;37.9;29.1;3.0;43680.68
0;2020-03-23;29.1;35.3;25.5;0.10;0.10;6.6;65;51;43200.00;21.7;143;31.9;38.2;29.0;1.0;43717.12
0;2020-03-24;28.8;35.0;25.0;0.10;0.10;9.7;64;51;43200.00;21.5;134;31.2;37.9;28.1;1.0;43753.55
0;2020-03-25;29.6;36.1;25.1;0.00;0.00;8.2;65;2;43200.00;22.0;129;32.5;38.6;29.0;0.0;43789.96
0;2020-03-26;29.5;35.5;25.5;0.10;0.10;8.5;66;51;43200.00;23.2;136;32.6;38.8;29.5;1.0;43826.31
0;2020-03-27;29.3;35.7;25.6;0.10;0.10;6.5;68;51;43200.00;20.3;135;32.8;39.6;30.1;1.0;43862.61
0;2020-03-28;29.2;34.8;25.9;0.20;0.20;6.4;68;51;36000.00;19.5;142;32.6;38.4;30.2;2.0;43898.80
0;2020-03-29;29.5;35.6;25.7;0.00;0.00;8.4;66;2;43200.00;23.7;142;32.6;38.6;29.8;0.0;43934.87
0;2020-03-30;29.7;35.4;25.8;0.10;0.10;7.0;69;51;43200.00;17.9;145;33.7;39.0;30.7;1.0;43970.78
0;2020-03-31;29.8;35.6;26.2;0.70;0.70;2.5;71;51;43200.00;20.3;144;34.4;40.5;31.7;6.0;44006.53
0;2020-04-01;29.9;36.4;26.3;0.20;0.20;7.9;69;51;43200.00;23.8;138;33.8;39.7;31.3;2.0;44042.08
0;2020-04-02;30.1;36.1;26.1;0.00;0.00;9.4;63;2;43200.00;21.1;128;33.1;39.4;29.8;0.0;44077.41
0;2020-04-03;30.5;37.1;26.2;0.00;0.00;8.7;61;3;43200.00;27.7;131;32.9;39.4;30.0;0.0;44112.49
0;2020-04-04;30.7;37.2;26.3;0.00;0.00;8.7;62;1;43200.00;24.2;118;33.5;40.1;30.5;0.0;44147.55
0;2020-04-05;31.0;38.8;26.0;0.00;0.00;10.5;59;2;43200.00;27.8;123;33.3;40.9;29.4;0.0;44182.67
0;2020-04-06;30.1;35.6;26.2;1.20;1.20;7.7;65;51;43200.00;19.3;135;33.5;39.7;30.2;7.0;44217.82
0;2020-04-07;30.1;36.0;26.7;1.00;1.00;5.9;63;51;43169.34;19.0;137;33.5;40.8;31.2;5.0;44253.00
0;2020-04-08;28.6;32.2;26.1;7.70;7.70;3.3;73;61;43200.00;18.6;134;32.9;36.7;31.2;12.0;44288.16
0;2020-04-09;27.5;30.7;25.3;7.40;7.40;3.6;85;61;31976.61;14.5;120;33.1;38.5;29.7;22.0;44323.29
0;2020-04-10;27.8;30.8;25.2;4.20;4.20;5.2;83;61;42376.72;12.9;125;33.0;37.4;30.5;8.0;44358.37
0;2020-04-11;28.3;32.3;25.6;0.70;0.70;7.6;77;51;43200.00;16.5;135;32.9;37.6;30.4;5.0;44393.37
0;2020-04-12;28.2;32.3;25.5;2.40;2.40;2.8;80;61;43200.00;15.8;121;33.7;40.7;30.6;8.0;44428.26
0;2020-04-13;27.0;30.1;25.4;11.00;11.00;0.4;86;61;6686.36;15.5;58;32.6;35.4;30.2;16.0;44463.03
0;2020-04-14;27.6;32.0;24.4;6.80;6.80;1.1;84;63;41855.37;11.0;52;33.5;39.8;29.6;5.0;44497.64
0;2020-04-15;27.8;31.7;24.8;2.10;2.10;0.8;80;55;41921.97;15.8;82;33.3;37.9;30.2;7.0;44532.06
0;2020-04-16;28.5;33.6;24.9;1.10;1.10;1.8;72;51;43200.00;16.3;134;32.8;40.1;28.3;3.0;44566.29
0;2020-04-17;28.5;33.1;25.5;0.50;0.50;7.8;75;51;43200.00;15.8;136;32.7;38.4;29.4;5.0;44600.28
0;2020-04-18;28.2;32.9;24.5;0.30;0.30;4.7;80;51;43200.00;17.7;115;33.2;37.6;29.6;3.0;44634.01
0;2020-04-19;28.9;34.0;25.6;0.20;0.20;7.9;76;51;43200.00;17.3;137;33.4;39.1;30.1;2.0;44667.46
0;2020-04-20;29.0;35.1;25.3;0.00;0.00;3.4;76;3;43200.00;20.6;136;33.9;41.3;30.5;0.0;44700.59
0;2020-04-21;29.1;35.6;24.7;0.00;0.00;4.7;76;3;43200.00;22.7;138;33.9;42.3;29.7;0.0;44733.38
0;2020-04-22;29.3;33.9;25.6;0.20;0.20;5.4;77;51;43200.00;16.3;139;34.4;38.8;31.3;2.0;44765.80
0;2020-04-23;30.1;35.5;26.3;0.40;0.40;5.9;71;51;43200.00;18.1;129;34.7;41.3;31.8;3.0;44797.83
0;2020-04-24;29.7;34.6;27.0;3.20;3.20;1.1;72;53;35591.84;15.6;102;34.6;39.9;32.2;6.0;44829.66
0;2020-04-25;29.7;34.6;25.5;0.40;0.40;1.5;74;51;43200.00;15.1;102;35.5;41.3;31.4;4.0;44861.40
0;2020-04-26;29.0;35.2;25.8;9.20;9.20;0.7;75;63;43200.00;16.4;10;34.5;42.5;30.9;3.0;44893.01
0;2020-04-27;28.5;33.0;24.6;0.20;0.20;3.0;78;51;42229.54;12.7;202;33.8;38.4;29.6;2.0;44924.46
0;2020-04-28;29.3;33.2;26.0;0.10;0.10;1.1;71;51;42083.20;16.5;144;34.1;38.8;31.2;1.0;44955.73
0;2020-04-29;30.0;36.7;24.7;0.00;0.00;3.6;62;3;43200.00;16.0;114;33.7;40.5;28.8;0.0;44986.80
0;2020-04-30;30.6;35.5;26.5;0.20;0.20;4.9;58;51;43200.00;18.9;112;34.0;39.9;30.0;2.0;45017.65
0;2020-05-01;30.6;36.9;26.2;0.00;0.00;7.2;61;3;43200.00;22.3;135;33.5;40.4;29.8;0.0;45048.23
0;2020-05-02;30.0;34.9;26.5;0.00;0.00;2.1;66;3;43200.00;19.7;141;33.9;40.0;31.9;0.0;45078.53
0;2020-05-03;30.4;35.3;26.8;0.10;0.10;3.3;70;51;43200.00;19.2;140;35.1;39.9;32.7;1.0;45108.52
0;2020-05-04;30.5;35.1;27.2;0.60;0.60;4.1;71;51;43200.00;16.8;144;35.5;40.6;33.4;5.0;45138.17
0;2020-05-05;30.7;35.5;27.4;0.20;0.20;4.0;69;51;43200.00;18.8;146;35.6;40.5;33.0;2.0;45167.45
0;2020-05-06;30.6;35.5;27.1;0.40;0.40;3.3;69;51;43200.00;17.0;152;35.2;39.8;33.2;3.0;45196.33
0;2020-05-07;30.9;35.8;27.5;0.50;0.50;3.6;71;51;43200.00;18.8;147;35.9;40.9;34.0;5.0;45224.79
0;2020-05-08;30.9;36.3;27.5;0.90;0.90;4.8;71;51;43200.00;19.2;151;36.0;41.1;33.8;8.0;45252.79
0;2020-05-09;31.3;36.8;27.8;0.50;0.50;3.8;69;51;43200.00;18.1;152;36.4;41.8;34.2;5.0;45280.31
0;2020-05-10;31.2;36.9;27.8;0.10;0.10;3.6;68;51;43200.00;22.7;145;36.0;40.7;33.7;1.0;45307.31
0;2020-05-11;31.4;36.2;28.0;0.00;0.00;6.6;65;3;43200.00;16.7;143;35.8;40.6;33.8;0.0;45333.77
0;2020-05-12;31.3;36.7;27.7;1.30;1.30;3.8;67;53;43201.46;16.9;137;36.1;41.9;33.6;3.0;45359.64
0;2020-05-13;31.1;35.8;27.7;2.70;2.70;5.6;68;53;43200.00;19.2;138;35.8;41.0;33.3;8.0;45384.92
0;2020-05-14;31.0;36.0;27.3;0.40;0.40;6.5;69;51;43200.00;17.7;129;35.8;41.5;33.1;3.0;45409.76
0;2020-05-15;30.8;34.5;28.1;1.20;1.20;5.0;70;51;43200.00;18.2;146;35.6;39.2;33.9;9.0;45434.26
0;2020-05-16;30.7;35.3;27.5;2.40;2.40;0.4;72;53;42878.43;10.5;129;36.6;41.6;33.7;8.0;45458.37
0;2020-05-17;30.0;33.4;26.7;9.10;9.10;1.6;74;63;39955.74;8.1;175;35.9;39.5;32.6;10.0;45482.09
0;2020-05-18;30.1;34.9;27.2;1.70;1.70;1.3;75;53;43200.00;14.5;176;36.3;41.7;33.8;6.0;45505.39
0;2020-05-19;30.0;35.0;27.4;15.60;15.60;2.8;78;63;39600.00;15.3;187;36.3;42.1;33.8;9.0;45528.23
0;2020-05-20;28.3;32.0;26.3;22.10;22.10;2.2;86;63;22070.17;13.4;172;34.6;39.1;32.2;17.0;45550.60
0;2020-05-21;29.6;33.7;26.1;1.00;1.00;3.1;82;51;43200.00;15.5;238;36.0;40.6;32.7;5.0;45572.48
0;2020-05-22;29.5;32.9;26.6;3.90;3.90;1.1;83;53;39848.08;11.9;199;36.1;40.9;33.0;8.0;45593.85
0;2020-05-23;28.8;33.0;26.6;6.00;6.00;3.6;83;63;29024.10;14.8;196;34.7;38.5;32.8;9.0;45614.67
0;2020-05-24;28.5;32.5;25.8;3.50;3.50;1.1;85;55;32482.21;16.6;161;34.8;40.4;32.5;8.0;45634.92
0;2020-05-25;28.4;32.1;26.4;7.60;7.60;1.3;86;63;41354.34;10.9;178;34.9;39.3;33.1;11.0;45654.58
0;2020-05-26;30.1;35.1;25.7;0.00;0.00;2.3;75;2;43411.31;11.1;214;36.2;41.4;32.1;0.0;45673.61
0;2020-05-27;29.1;33.7;26.4;21.10;21.10;0.4;81;65;36471.41;14.9;250;35.5;40.8;32.7;7.0;45692.01
0;2020-05-28;27.8;32.1;25.0;22.70;22.70;1.6;86;65;19719.44;10.2;155;34.0;39.9;30.1;14.0;45709.74
0;2020-05-29;28.6;32.5;26.1;3.30;3.30;1.6;83;53;41548.60;15.3;161;34.7;38.1;32.1;11.0;45726.76
0;2020-05-30;28.0;31.9;25.5;21.20;21.20;1.1;86;65;29349.93;9.7;129;34.6;40.1;31.9;8.0;45743.08
0;2020-05-31;28.8;32.2;26.0;4.00;4.00;1.3;85;61;41882.25;11.4;132;35.6;38.5;32.8;8.0;45758.65
0;2020-06-01;28.0;32.4;25.4;16.50;16.50;0.5;86;63;31177.33;14.0;339;34.6;41.4;31.4;18.0;45773.45
0;2020-06-02;27.3;31.2;24.3;26.30;26.30;2.0;86;63;31739.89;10.9;158;33.1;39.1;29.4;21.0;45787.45
0;2020-06-03;27.8;32.6;25.5;24.80;24.80;1.8;86;63;32400.00;12.0;167;34.0;40.4;31.5;11.0;45800.76
0;2020-06-04;27.7;32.2;25.7;4.20;4.20;3.9;86;61;33307.08;15.5;174;33.6;39.8;31.7;9.0;45813.42
0;2020-06-05;27.6;32.5;24.8;22.40;22.40;0.7;87;65;28800.00;12.8;199;33.8;41.3;30.9;8.0;45825.43
0;2020-06-06;27.8;32.1;25.4;8.60;8.60;2.3;86;63;36000.00;11.9;210;33.8;39.2;31.5;9.0;45836.77
0;2020-06-07;28.3;32.6;25.1;5.20;5.20;1.8;84;61;40226.17;11.9;223;34.4;39.5;31.4;5.0;45847.44
0;2020-06-08;28.2;31.6;25.1;1.30;1.30;4.3;84;51;42437.22;10.0;240;34.4;39.5;30.6;9.0;45857.41
0;2020-06-09;28.4;32.0;26.3;2.80;2.80;0.8;82;55;38398.81;10.5;213;34.2;38.3;31.5;6.0;45866.69
0;2020-06-10;26.8;30.3;24.8;20.30;20.30;1.5;88;63;22824.08;10.8;165;32.6;37.8;30.2;20.0;45875.26
0;2020-06-11;26.9;29.3;25.0;9.60;9.60;1.1;89;63;15561.78;8.7;221;32.9;36.0;30.9;12.0;45883.12
0;2020-06-12;27.9;31.5;25.0;2.40;2.40;1.3;83;53;39600.00;15.0;249;33.5;37.1;30.8;5.0;45890.26
0;2020-06-13;27.4;32.0;24.8;32.70;32.70;1.6;87;65;28190.26;17.6;246;33.3;39.1;30.2;20.0;45896.66
0;2020-06-14;26.6;30.7;25.3;20.80;20.80;4.8;90;63;23577.35;16.7;195;31.8;36.9;30.0;17.0;45902.31
0;2020-06-15;26.9;31.1;25.0;17.30;17.30;0.8;89;65;21600.00;15.5;169;32.6;37.4;30.8;15.0;45907.22
0;2020-06-16;27.1;31.1;24.9;22.20;22.20;1.8;90;65;23668.67;16.6;172;33.3;38.7;30.4;15.0;45911.37
0;2020-06-17;28.0;31.8;24.7;1.30;1.30;1.1;86;51;39155.53;13.0;281;34.3;38.8;30.7;7.0;45914.75
0;2020-06-18;27.6;32.0;24.8;18.20;18.20;4.0;87;65;35261.47;13.1;301;33.5;40.1;30.3;14.0;45917.35
0;2020-06-19;27.7;31.4;25.5;7.80;7.80;0.8;89;63;37080.35;10.8;184;34.3;40.3;30.4;15.0;45919.17
0;2020-06-20;27.4;31.1;25.3;15.20;15.20;1.6;88;63;28766.67;14.0;152;33.3;38.1;30.6;21.0;45920.20
0;2020-06-21;27.4;31.5;25.1;13.10;13.10;1.5;87;63;32605.27;12.4;210;33.3;38.8;31.3;13.0;45920.43
0;2020-06-22;27.3;30.9;24.8;5.60;5.60;0.8;88;61;35813.29;14.7;164;33.2;38.0;31.1;8.0;45919.86
0;2020-06-23;28.3;32.6;25.0;1.20;1.20;1.4;83;53;43200.00;12.7;180;34.4;39.2;31.3;2.0;45918.47
0;2020-06-24;28.1;32.2;25.2;14.80;14.80;2.2;86;63;43200.00;13.6;174;34.5;40.9;31.0;16.0;45916.25
0;2020-06-25;27.0;31.1;24.3;9.70;9.70;1.1;89;63;34359.48;14.1;178;33.0;38.9;29.9;12.0;45913.23
0;2020-06-26;26.8;31.3;24.0;18.90;18.90;1.5;87;65;34072.34;12.1;214;32.4;38.3;29.6;11.0;45909.41
0;2020-06-27;27.2;30.6;24.3;4.20;4.20;0.0;85;61;41040.90;11.7;221;32.6;37.3;29.8;9.0;45904.81
0;2020-06-28;26.7;30.5;24.9;4.50;4.50;2.4;86;53;24496.18;17.8;204;31.8;36.1;30.3;15.0;45899.43
0;2020-06-29;26.1;28.4;24.6;13.80;13.80;2.1;91;61;14538.90;13.8;211;31.4;33.8;30.4;19.0;45893.29
0;2020-06-30;26.2;30.1;24.3;15.90;15.90;2.0;90;63;4192.94;13.6;237;31.6;35.0;29.6;17.0;45886.40
0;2020-07-01;26.9;31.0;24.0;11.70;11.70;1.6;89;63;32410.75;17.3;247;32.5;36.7;29.7;8.0;45878.77
0;2020-07-02;27.1;31.2;25.1;16.60;16.60;2.3;87;65;32398.04;14.4;237;32.5;37.2;29.6;17.0;45870.42
0;2020-07-03;26.3;28.7;25.1;13.60;13.60;4.8;90;61;9377.37;15.3;226;31.4;33.5;29.8;20.0;45861.35
0;2020-07-04;27.1;30.6;23.5;0.30;0.30;3.5;80;51;37273.28;15.6;262;31.6;34.1;27.9;1.0;45851.58
0;2020-07-05;27.5;31.9;24.4;10.80;10.80;0.8;82;63;29294.83;8.6;279;33.2;39.3;29.0;11.0;45841.13
0;2020-07-06;26.5;28.7;24.5;19.00;19.00;2.6;90;63;33204.36;15.6;155;31.7;33.9;30.2;16.0;45830.00
0;2020-07-07;27.7;31.0;24.9;4.30;4.30;3.6;84;61;43200.00;17.1;152;33.1;37.5;30.3;11.0;45818.21
0;2020-07-08;27.2;29.7;24.8;3.40;3.40;0.8;88;55;29819.34;10.5;183;33.0;34.9;30.8;10.0;45805.78
0;2020-07-09;28.2;32.2;24.3;6.30;6.30;2.3;84;61;43001.83;9.7;226;34.4;40.0;29.8;6.0;45792.71
0;2020-07-10;27.3;30.8;25.5;15.20;15.20;2.6;88;65;32995.62;13.6;187;33.3;39.2;31.2;11.0;45779.01
0;2020-07-11;27.0;31.8;24.6;7.90;7.90;1.5;87;63;30683.21;15.5;179;32.7;38.9;30.3;8.0;45764.72
0;2020-07-12;27.0;31.5;24.1;13.30;13.30;0.8;86;63;36000.00;14.0;202;32.5;38.7;29.4;13.0;45749.82
0;2020-07-13;26.5;28.9;24.2;14.00;14.00;0.7;89;63;15544.61;12.4;199;32.1;34.8;29.4;14.0;45734.20
0;2020-07-14;27.8;31.3;24.9;5.10;5.10;2.7;85;61;39846.81;11.7;290;33.6;38.2;30.5;10.0;45717.81
0;2020-07-15;27.2;29.9;24.0;4.40;4.40;1.8;85;61;25777.22;10.0;216;32.6;35.9;29.3;6.0;45700.70
0;2020-07-16;27.9;31.0;25.7;7.50;7.50;2.6;86;63;42820.87;12.9;159;33.6;37.8;31.3;13.0;45682.87
0;2020-07-17;28.0;31.0;25.2;2.70;2.70;4.9;87;51;41040.55;11.7;155;34.0;37.8;30.8;12.0;45664.35
0;2020-07-18;27.7;31.3;25.4;15.30;15.30;2.7;86;63;43200.00;14.7;159;33.7;38.9;30.6;15.0;45645.19
0;2020-07-19;27.9;32.2;24.4;4.00;4.00;0.0;85;61;42019.01;11.5;181;34.2;40.5;30.1;5.0;45625.39
0;2020-07-20;27.8;31.0;24.9;6.70;6.70;2.4;86;61;40561.65;10.2;104;34.1;38.5;30.8;11.0;45604.99
0;2020-07-21;27.3;29.8;24.7;7.10;7.10;0.7;89;61;31150.20;12.0;137;33.3;35.9;30.8;12.0;45584.03
0;2020-07-22;28.1;32.1;25.1;2.30;2.30;1.8;85;55;43200.00;10.7;144;34.4;39.7;30.6;8.0;45562.50
0;2020-07-23;27.7;31.8;25.1;19.30;19.30;1.1;85;63;37012.42;10.4;202;33.7;39.3;30.6;15.0;45540.46
0;2020-07-24;26.8;29.7;25.4;14.00;14.00;1.1;89;61;29782.82;9.0;137;32.7;35.6;30.9;21.0;45517.92
0;2020-07-25;27.4;30.5;24.3;3.10;3.10;0.7;87;61;40415.70;11.4;173;33.4;37.7;30.2;8.0;45494.90
0;2020-07-26;27.8;30.7;25.2;1.70;1.70;2.6;84;51;43200.00;10.3;179;33.6;37.3;30.6;10.0;45471.45
0;2020-07-27;27.8;31.7;24.7;7.00;7.00;1.1;86;63;42711.36;13.4;197;34.0;38.6;30.3;11.0;45447.57
0;2020-07-28;27.1;31.3;24.8;16.00;16.00;1.5;88;63;37024.14;19.1;199;33.1;38.5;30.5;13.0;45423.30
0;2020-07-29;27.1;31.4;24.6;11.30;11.30;1.1;87;63;36514.68;16.6;264;32.7;38.0;30.3;15.0;45398.65
0;2020-07-30;27.3;30.7;24.6;19.70;19.70;2.6;87;65;32441.11;15.4;284;32.7;36.5;30.1;14.0;45373.66
0;2020-07-31;26.8;29.9;25.6;10.20;10.20;7.3;88;63;2223.37;20.0;250;31.5;34.2;29.7;16.0;45348.34
0;2020-08-01;26.0;27.5;24.8;7.20;7.20;12.1;91;55;1844.44;22.9;229;30.0;32.6;28.7;21.0;45322.72
0;2020-08-02;26.8;29.8;24.9;8.40;8.40;11.1;88;61;25667.77;28.9;226;30.9;33.6;28.6;17.0;45296.60
0;2020-08-03;26.5;28.8;24.8;10.00;10.00;5.2;90;63;23213.35;23.7;222;31.4;34.4;29.5;18.0;45269.93
0;2020-08-04;26.6;28.9;24.5;8.60;8.60;5.5;88;61;15436.09;16.1;240;31.6;33.9;29.5;14.0;45242.74
0;2020-08-05;26.4;29.8;24.0;35.70;35.70;2.3;89;63;30841.12;12.5;266;31.8;35.8;29.1;14.0;45215.03
0;2020-08-06;26.2;29.5;24.3;37.30;37.30;3.2;89;63;27852.98;13.0;243;31.4;35.3;28.2;23.0;45186.87
0;2020-08-07;26.9;30.8;24.6;10.40;10.40;3.3;86;61;34199.70;15.1;261;32.1;35.8;30.1;19.0;45158.26
0;2020-08-08;26.7;29.8;24.8;21.10;21.10;4.9;90;63;24659.36;20.9;242;31.9;34.7;30.1;14.0;45129.25
0;2020-08-09;27.1;30.8;24.3;9.70;9.70;4.6;87;63;30356.05;14.7;219;32.7;37.4;29.7;8.0;45099.85
0;2020-08-10;27.2;30.7;25.2;2.20;2.20;5.4;87;53;29784.31;21.3;233;32.1;36.0;30.3;10.0;45070.11
0;2020-08-11;27.7;32.2;24.8;5.90;5.90;5.5;85;63;37304.71;19.1;238;33.1;38.2;29.6;10.0;45040.04
0;2020-08-12;27.4;30.3;24.7;8.00;8.00;2.1;87;61;25569.74;13.6;197;33.0;36.5;29.2;15.0;45009.67
0;2020-08-13;26.5;29.7;24.7;16.70;16.70;2.5;89;63;25378.80;12.6;170;32.0;34.9;30.4;23.0;44979.03
0;2020-08-14;26.4;30.5;24.1;15.00;15.00;1.1;88;63;28952.13;11.2;219;31.7;37.2;29.0;19.0;44948.15
0;2020-08-15;26.9;31.2;23.4;0.30;0.30;2.4;83;51;25554.97;13.4;325;31.9;36.3;28.2;3.0;44917.05
0;2020-08-16;27.8;32.6;24.4;3.70;3.70;3.5;82;61;40454.13;12.9;271;33.2;38.2;29.4;9.0;44885.76
0;2020-08-17;27.5;31.3;24.8;9.80;9.80;1.5;87;63;34013.31;15.2;241;33.6;38.5;30.6;8.0;44854.30
0;2020-08-18;27.5;31.8;24.9;15.90;15.90;3.6;85;63;31892.28;13.3;238;33.0;38.7;30.1;16.0;44822.71
0;2020-08-19;27.2;31.1;24.3;13.30;13.30;3.7;83;63;35325.92;18.2;264;32.0;35.8;29.0;15.0;44790.99
0;2020-08-20;27.2;30.4;24.8;2.50;2.50;0.5;85;53;18423.33;9.3;246;32.8;35.2;30.7;9.0;44759.19
0;2020-08-21;28.1;31.8;24.9;3.60;3.60;1.3;83;53;37951.65;10.5;249;34.1;38.6;30.9;10.0;44727.30
0;2020-08-22;28.5;32.5;25.1;0.10;0.10;5.2;80;51;43200.00;13.0;225;33.7;38.1;30.4;1.0;44695.14
0;2020-08-23;28.1;32.2;25.1;4.40;4.40;5.8;83;61;43200.00;12.2;204;33.6;38.9;30.5;7.0;44662.63
0;2020-08-24;27.9;32.4;24.5;10.50;10.50;2.3;84;65;40734.70;14.4;239;33.8;39.0;30.4;4.0;44629.78
0;2020-08-25;28.7;32.7;25.2;2.00;2.00;4.8;83;55;43200.00;14.0;225;34.8;39.6;30.8;7.0;44596.64
0;2020-08-26;28.8;33.2;25.4;3.00;3.00;4.6;82;61;43200.00;14.0;235;34.6;39.8;30.8;7.0;44563.23
0;2020-08-27;28.8;33.8;25.9;4.40;4.40;6.4;81;61;41536.36;17.8;236;34.3;39.7;31.5;3.0;44529.56
0;2020-08-28;28.6;33.2;25.3;3.70;3.70;3.7;80;61;43200.00;18.5;233;33.5;37.5;30.5;7.0;44495.67
0;2020-08-29;28.2;32.5;25.0;3.20;3.20;5.2;84;61;43200.00;15.6;225;33.9;39.2;30.7;9.0;44461.58
0;2020-08-30;28.0;32.3;24.9;5.30;5.30;3.1;85;63;43200.00;12.3;206;34.1;39.6;30.9;7.0;44427.31
0;2020-08-31;28.3;32.8;25.1;1.70;1.70;0.8;83;61;39962.86;15.2;215;34.3;39.7;31.3;2.0;44392.90
0;2020-09-01;27.6;31.8;25.1;12.50;12.50;1.3;86;63;29555.50;10.5;221;33.6;38.9;30.9;14.0;44358.36
0;2020-09-02;28.1;32.4;25.4;9.60;9.60;3.1;83;61;33749.95;16.4;263;34.0;38.1;31.5;15.0;44323.72
0;2020-09-03;28.0;32.7;24.1;21.70;21.70;1.1;84;63;40224.02;10.9;74;34.2;41.0;29.0;19.0;44289.00
0;2020-09-04;27.6;31.5;25.4;16.40;16.40;2.5;86;63;41595.91;17.6;157;33.1;38.7;30.3;16.0;44254.22
0;2020-09-05;28.2;32.1;24.9;1.40;1.40;0.7;85;53;43018.15;11.1;180;34.6;40.6;31.1;7.0;44219.41
0;2020-09-06;27.5;31.8;25.2;15.00;15.00;1.5;84;63;34808.75;10.5;239;33.3;38.3;31.1;16.0;44184.60
0;2020-09-07;27.8;32.6;24.7;4.80;4.80;2.6;86;63;37796.36;12.6;247;34.0;40.6;30.4;6.0;44149.79
0;2020-09-08;28.0;31.8;24.9;1.60;1.60;3.8;85;53;34342.60;11.6;201;34.1;39.2;30.5;9.0;44115.01
0;2020-09-09;27.9;31.5;25.8;6.80;6.80;0.5;87;63;37020.49;12.9;166;34.5;40.1;32.1;14.0;44080.30
0;2020-09-10;27.5;31.6;24.5;6.90;6.90;0.8;86;63;40802.98;11.8;188;33.6;39.2;30.8;7.0;44045.65
0;2020-09-11;27.5;31.6;25.0;11.50;11.50;1.5;86;63;38278.93;14.2;187;33.4;38.9;30.8;13.0;44010.87
0;2020-09-12;27.4;32.3;24.8;20.00;20.00;1.8;86;65;36283.49;14.7;205;33.4;40.2;30.4;14.0;43975.87
0;2020-09-13;26.8;30.7;24.3;20.80;20.80;0.8;87;63;34110.23;9.2;235;32.5;37.7;29.5;16.0;43940.68
0;2020-09-14;26.1;28.8;24.0;13.60;13.60;0.8;89;63;15551.26;11.7;205;31.3;33.9;28.9;17.0;43905.31
0;2020-09-15;26.7;31.0;23.9;27.60;27.60;1.0;86;63;36149.40;12.3;242;32.0;37.1;28.4;16.0;43869.81
0;2020-09-16;27.0;30.9;24.2;7.20;7.20;4.2;85;63;32361.39;13.6;252;31.9;36.3;29.3;11.0;43834.18
0;2020-09-17;26.9;30.7;25.4;7.40;7.40;7.6;86;61;29514.55;19.5;257;31.5;35.8;29.8;14.0;43798.46
0;2020-09-18;25.8;28.2;24.6;19.50;19.50;11.9;91;63;169.57;23.9;228;29.5;32.9;28.0;20.0;43762.66
0;2020-09-19;26.1;29.5;24.3;17.50;17.50;4.1;90;63;6491.49;23.1;194;30.7;34.5;27.5;21.0;43726.81
0;2020-09-20;26.6;30.3;23.8;8.90;8.90;1.8;87;63;34776.33;13.0;246;31.9;34.5;29.1;10.0;43690.93
0;2020-09-21;27.5;31.8;24.1;3.40;3.40;1.3;86;61;38114.99;10.1;8;33.6;39.1;29.8;7.0;43655.04
0;2020-09-22;27.6;31.4;25.0;7.80;7.80;1.1;88;63;29918.06;13.2;132;34.0;40.0;31.3;14.0;43619.17
0;2020-09-23;26.9;30.8;24.6;13.60;13.60;1.8;88;63;40345.88;14.2;144;32.6;37.1;30.4;7.0;43583.34
0;2020-09-24;27.2;31.4;24.3;10.10;10.10;2.5;87;63;39600.00;13.9;231;33.0;38.9;30.0;7.0;43547.56
0;2020-09-25;27.3;31.0;25.2;2.60;2.60;4.0;86;61;30644.57;15.1;306;32.6;35.8;29.3;5.0;43511.88
0;2020-09-26;27.0;30.7;24.1;2.60;2.60;2.8;86;61;18741.09;14.0;301;32.3;35.0;28.2;3.0;43476.30
0;2020-09-27;26.2;29.5;23.7;42.30;42.30;1.3;90;65;22516.08;14.3;171;31.4;36.0;28.2;20.0;43440.85
0;2020-09-28;25.6;28.1;24.4;19.70;19.70;5.2;90;63;9704.62;20.5;192;30.0;31.8;28.8;17.0;43405.55
0;2020-09-29;26.5;30.5;23.5;4.40;4.40;1.8;88;63;25165.49;15.7;230;31.7;35.5;28.4;7.0;43370.42
0;2020-09-30;27.1;31.5;24.4;5.90;5.90;3.0;87;61;33711.09;14.5;298;32.8;38.5;29.8;11.0;43335.49
0;2020-10-01;27.3;31.3;24.8;9.90;9.90;1.8;87;63;30001.84;10.5;302;33.4;38.2;30.6;12.0;43300.52
0;2020-10-02;26.6;29.4;24.3;20.20;20.20;2.3;90;63;28079.14;12.6;145;32.3;35.3;29.8;20.0;43265.44
0;2020-10-03;26.9;31.2;24.1;6.50;6.50;2.6;88;63;34111.76;14.7;224;32.3;37.8;29.6;9.0;43230.27
0;2020-10-04;26.8;30.2;24.4;9.80;9.80;3.0;88;61;23184.96;10.0;263;32.4;35.9;29.2;15.0;43195.03
0;2020-10-05;25.9;29.3;23.7;21.40;21.40;1.9;90;63;5324.56;13.6;304;31.0;33.4;28.3;19.0;43159.76
0;2020-10-06;26.0;29.7;23.7;22.70;22.70;3.9;90;63;20449.16;11.6;280;31.2;35.6;28.9;21.0;43124.46
0;2020-10-07;25.9;28.4;24.0;23.10;23.10;3.7;92;65;12505.41;16.0;260;30.9;33.5;28.8;22.0;43089.17
0;2020-10-08;26.5;30.0;23.8;9.80;9.80;3.3;89;63;26531.63;12.8;167;31.8;35.9;29.3;15.0;43053.92
0;2020-10-09;26.2;28.9;25.0;15.40;15.40;2.1;91;61;12464.54;11.9;161;31.6;34.7;30.3;19.0;43018.73
0;2020-10-10;25.4;27.6;24.4;29.40;29.40;1.8;92;63;2292.44;14.1;225;30.8;32.8;29.7;24.0;42983.62
0;2020-10-11;25.6;27.8;24.1;13.70;13.70;3.7;92;61;11908.48;17.3;249;30.5;33.4;29.1;24.0;42948.62
0;2020-10-12;25.6;27.9;24.2;6.40;6.40;4.8;91;55;7446.12;13.2;272;30.5;31.8;29.3;20.0;42913.76
0;2020-10-13;25.5;28.0;23.6;22.60;22.60;3.1;90;63;12036.42;10.9;250;30.4;33.4;28.1;20.0;42879.06
0;2020-10-14;25.3;27.4;23.8;13.50;13.50;5.7;92;63;12113.01;15.8;219;30.1;33.3;28.4;19.0;42844.54
0;2020-10-15;25.7;29.1;23.8;28.80;28.80;8.7;90;63;18215.50;22.1;242;30.0;33.4;27.9;23.0;42810.24
0;2020-10-16;25.3;27.0;24.2;13.90;13.90;8.9;92;61;2211.97;20.6;236;29.5;31.9;28.4;24.0;42776.19
0;2020-10-17;25.5;27.3;24.0;9.70;9.70;5.4;92;61;1629.19;13.5;209;30.3;32.6;28.2;21.0;42742.40
0;2020-10-18;25.5;27.4;24.0;11.80;11.80;4.7;93;63;6334.70;17.4;201;30.6;33.1;28.8;17.0;42708.90
0;2020-10-19;26.0;28.2;24.0;12.90;12.90;2.8;91;61;5349.66;9.3;240;31.5;33.6;29.2;24.0;42675.74
0;2020-10-20;26.8;30.6;23.8;13.60;13.60;1.0;88;63;34879.29;11.0;326;32.6;37.5;29.2;16.0;42642.91
0;2020-10-21;26.2;30.4;23.6;26.20;26.20;2.6;90;65;21600.80;12.6;18;31.7;37.7;28.9;18.0;42610.19
0;2020-10-22;27.2;31.3;24.1;1.10;1.10;1.8;81;51;32984.60;11.9;296;32.1;36.3;28.5;5.0;42577.48
0;2020-10-23;26.9;30.2;23.9;0.70;0.70;3.1;84;51;32218.90;12.2;232;32.1;36.9;28.7;6.0;42544.81
0;2020-10-24;26.3;29.7;24.2;3.30;3.30;1.1;87;61;26095.87;15.6;175;31.3;33.6;29.8;2.0;42512.21
0;2020-10-25;26.0;28.9;23.8;18.10;18.10;1.8;88;63;36135.69;8.6;216;31.2;34.2;28.6;21.0;42479.71
0;2020-10-26;26.3;30.5;23.7;13.30;13.30;1.1;86;63;35591.30;8.5;283;31.8;37.0;28.9;13.0;42447.33
0;2020-10-27;26.6;30.3;23.6;0.00;0.00;3.6;83;3;26513.32;14.5;292;31.1;34.3;28.2;0.0;42415.12
0;2020-10-28;26.2;29.2;24.7;1.30;1.30;8.3;85;53;8068.89;23.1;253;30.0;31.5;28.3;4.0;42383.09
0;2020-10-29;26.1;30.7;24.0;18.40;18.40;3.7;89;65;26626.71;18.5;202;30.9;36.3;28.5;12.0;42351.27
0;2020-10-30;27.1;31.0;24.1;5.70;5.70;2.5;86;61;39600.00;11.7;85;32.9;38.9;29.4;13.0;42319.71
0;2020-10-31;27.1;31.5;23.8;8.10;8.10;1.6;85;63;39600.00;9.2;231;32.6;37.9;28.7;13.0;42288.42
0;2020-11-01;27.0;30.9;23.8;2.70;2.70;3.4;87;53;39110.81;14.3;296;32.4;37.9;28.8;12.0;42257.45
0;2020-11-02;26.1;28.6;24.1;25.00;25.00;2.0;90;65;24211.15;10.5;190;31.4;33.6;29.5;6.0;42226.82
0;2020-11-03;26.9;30.6;23.5;0.90;0.90;3.5;81;51;39600.00;11.8;328;31.6;34.7;27.9;5.0;42196.56
0;2020-11-04;26.2;30.3;23.3;2.20;2.20;1.9;88;61;39492.92;12.3;226;31.4;37.6;28.0;8.0;42166.72
0;2020-11-05;27.2;31.7;23.0;0.00;0.00;1.3;83;3;39600.00;10.9;291;32.7;38.3;27.8;0.0;42137.32
0;2020-11-06;26.8;30.3;24.5;3.10;3.10;1.8;86;61;32352.72;11.2;234;32.0;35.4;29.0;6.0;42108.40
0;2020-11-07;26.9;30.6;24.5;8.70;8.70;2.6;87;61;37728.52;12.0;133;32.2;36.5;29.5;16.0;42079.99
0;2020-11-08;27.1;30.8;24.0;1.80;1.80;2.3;81;55;39600.00;17.6;349;31.6;35.1;28.4;2.0;42052.12
0;2020-11-09;25.9;30.8;22.2;0.30;0.30;5.7;78;51;28942.11;21.6;342;29.1;35.0;24.7;1.0;42024.83
0;2020-11-10;25.0;28.6;22.8;2.10;2.10;7.9;80;53;18540.49;24.9;316;27.4;30.6;24.5;8.0;41997.87
0;2020-11-11;25.3;27.9;23.1;1.30;1.30;3.6;83;53;25739.49;14.2;174;29.2;31.4;27.2;3.0;41971.15
0;2020-11-12;26.9;30.9;23.5;1.30;1.30;4.1;84;53;38828.52;9.7;96;32.1;37.1;27.5;5.0;41944.71
0;2020-11-13;26.9;30.8;23.0;0.70;0.70;1.1;82;51;39600.00;12.4;308;31.8;37.1;26.7;5.0;41918.56
0;2020-11-14;26.8;31.5;22.2;0.00;0.00;2.9;76;3;39600.00;11.8;332;30.7;36.5;24.3;0.0;41892.74
0;2020-11-15;26.9;30.8;23.6;1.10;1.10;0.5;82;51;39600.00;11.2;138;31.8;35.4;28.7;7.0;41867.29
0;2020-11-16;27.3;31.8;23.8;1.00;1.00;0.8;80;51;39600.00;7.6;48;32.5;37.4;28.2;7.0;41842.22
0;2020-11-17;27.5;31.9;23.4;0.20;0.20;1.8;82;51;39643.19;9.9;90;32.8;37.5;28.4;2.0;41817.59
0;2020-11-18;27.8;32.6;24.3;0.30;0.30;1.5;80;51;39600.00;13.2;134;33.1;38.0;29.4;1.0;41793.40
0;2020-11-19;27.3;31.8;24.9;4.10;4.10;2.3;83;61;36000.00;13.6;129;32.6;38.6;29.8;8.0;41769.72
0;2020-11-20;27.6;31.8;24.3;9.00;9.00;1.6;81;63;32697.93;13.0;110;32.7;37.1;28.7;6.0;41746.55
0;2020-11-21;27.1;31.5;24.6;18.00;18.00;1.0;86;65;28800.00;16.8;118;32.9;39.1;30.5;5.0;41723.93
0;2020-11-22;27.4;31.7;23.8;0.10;0.10;4.0;80;51;39642.17;13.7;58;32.2;36.7;28.5;1.0;41701.91
0;2020-11-23;26.8;31.4;23.3;3.30;3.30;0.0;86;55;39600.00;13.9;250;32.5;39.3;28.1;8.0;41680.50
0;2020-11-24;27.2;31.4;23.4;0.40;0.40;1.5;81;51;39600.00;10.2;61;32.3;37.3;27.5;2.0;41659.76
0;2020-11-25;27.6;32.0;24.0;0.00;0.00;2.9;75;3;36048.79;10.4;83;32.0;36.1;28.3;0.0;41639.70
0;2020-11-26;27.1;31.3;23.5;0.00;0.00;1.4;76;3;33651.44;11.2;6;31.5;36.1;27.2;0.0;41620.37
0;2020-11-27;27.1;31.5;22.7;0.40;0.40;0.8;77;51;37712.63;7.3;22;31.6;36.2;25.7;3.0;41601.80
0;2020-11-28;27.3;32.3;22.7;20.90;20.90;2.5;76;65;36000.00;12.1;43;31.6;37.4;25.4;4.0;41584.03
0;2020-11-29;25.5;28.2;23.9;10.90;10.90;6.0;88;63;1889.59;18.1;349;29.8;31.4;27.7;19.0;41567.08
0;2020-11-30;25.9;30.0;23.1;3.70;3.70;2.5;87;61;23263.42;9.7;11;30.7;35.2;27.0;8.0;41550.79
0;2020-12-01;26.1;29.6;23.7;5.10;5.10;3.3;86;53;16197.79;12.5;353;31.0;34.3;28.0;14.0;41535.08
0;2020-12-02;27.1;31.2;23.7;0.30;0.30;1.0;81;51;38327.36;14.6;71;32.0;35.2;29.1;3.0;41519.96
0;2020-12-03;26.4;31.0;21.6;0.00;0.00;0.5;67;2;39541.07;14.0;22;29.4;35.8;23.2;0.0;41505.46
0;2020-12-04;25.6;31.0;20.6;0.00;0.00;4.9;64;3;39749.27;11.6;25;27.6;33.7;21.2;0.0;41491.59
0;2020-12-05;26.4;32.0;21.3;0.00;0.00;5.4;65;3;39477.39;13.9;347;28.8;35.0;23.1;0.0;41478.38
0;2020-12-06;27.3;33.0;22.8;0.00;0.00;5.0;67;3;39444.96;10.2;31;30.5;35.9;24.1;0.0;41465.84
0;2020-12-07;26.8;29.3;23.5;0.20;0.20;3.7;69;51;16142.02;12.9;35;29.6;32.1;25.6;1.0;41453.99
0;2020-12-08;27.8;32.8;24.4;0.10;0.10;6.6;62;51;28553.52;18.5;32;29.9;34.7;26.7;1.0;41442.85
0;2020-12-09;26.1;28.7;24.2;13.00;13.00;2.3;68;63;10875.37;11.6;33;28.9;31.8;25.4;9.0;41432.44
0;2020-12-10;27.3;31.9;23.6;3.00;3.00;2.3;75;61;34199.73;12.5;92;31.6;36.5;26.9;5.0;41422.77
0;2020-12-11;27.3;31.8;24.5;5.00;5.00;1.9;81;61;28959.89;12.1;155;32.6;37.0;29.6;10.0;41413.86
0;2020-12-12;27.1;31.6;23.9;7.40;7.40;0.7;84;61;37693.92;13.2;209;32.6;37.7;28.6;12.0;41405.74
0;2020-12-13;26.7;31.4;23.9;5.80;5.80;3.3;85;61;35962.09;7.0;271;32.0;36.9;28.8;10.0;41398.40
0;2020-12-14;27.1;30.8;24.0;1.40;1.40;4.4;84;53;38270.68;10.1;100;32.3;37.1;29.0;6.0;41391.89
0;2020-12-15;26.6;31.0;23.9;26.80;26.80;2.0;87;65;30913.38;9.4;338;32.1;36.9;28.7;7.0;41386.21
0;2020-12-16;26.7;31.3;22.7;0.10;0.10;1.8;82;51;39487.93;11.0;40;31.7;37.2;26.7;1.0;41381.38
0;2020-12-17;27.2;31.5;23.2;0.50;0.50;2.1;78;51;39188.51;10.2;33;31.9;35.4;26.4;4.0;41377.42
0;2020-12-18;27.1;31.4;23.4;2.70;2.70;1.6;77;53;35460.79;9.2;23;31.7;36.6;26.5;10.0;41374.35
0;2020-12-19;27.3;31.3;23.4;0.00;0.00;4.0;69;3;36687.22;19.2;23;30.1;35.1;26.0;0.0;41372.17
0;2020-12-20;26.4;31.4;23.0;0.00;0.00;14.1;61;3;27492.35;24.4;12;26.7;33.1;23.3;0.0;41370.87
0;2020-12-21;26.4;31.5;22.1;0.00;0.00;11.9;58;3;36000.00;23.9;9;26.7;32.6;22.4;0.0;41370.42
0;2020-12-22;25.1;30.5;21.5;1.20;1.20;8.1;65;53;8746.08;20.5;346;25.6;31.2;21.6;4.0;41370.83
0;2020-12-23;26.3;31.3;22.9;3.70;3.70;3.4;74;61;18564.01;12.7;20;29.5;33.8;25.2;9.0;41372.07
0;2020-12-24;27.1;31.5;23.4;2.30;2.30;1.1;78;53;39657.14;22.4;107;30.9;33.7;28.1;9.0;41374.15
0;2020-12-25;27.6;32.7;23.7;0.40;0.40;3.1;75;51;39099.38;16.7;89;31.8;36.6;27.8;3.0;41377.05
0;2020-12-26;27.6;33.2;23.4;0.00;0.00;3.6;73;3;39054.74;14.8;120;31.5;36.8;27.2;0.0;41380.76
0;2020-12-27;27.3;32.2;23.5;0.50;0.50;1.9;77;51;38803.43;15.8;178;31.7;36.5;28.2;5.0;41385.28
0;2020-12-28;27.3;32.0;23.1;0.90;0.90;1.8;76;51;39426.65;14.3;232;31.5;36.4;27.7;6.0;41390.59
0;2020-12-29;28.1;34.1;22.9;0.10;0.10;3.9;71;51;33139.52;15.2;142;31.8;36.0;27.6;1.0;41396.68
0;2020-12-30;28.0;32.7;25.2;0.50;0.50;3.3;63;51;24890.57;19.5;46;30.4;33.4;26.1;4.0;41403.56
0;2020-12-31;26.5;30.9;23.3;0.30;0.30;5.9;55;51;22606.19;21.5;24;26.6;31.5;22.3;2.0;41411.19
0;2021-01-01;26.1;30.9;22.3;0.00;0.00;7.6;52;3;29671.05;21.6;8;26.3;32.2;22.4;0.0;41419.58
0;2021-01-02;26.4;32.2;22.4;0.30;0.30;4.0;56;51;32999.10;10.9;21;27.8;34.1;22.8;1.0;41428.71
0;2021-01-03;27.0;33.3;22.4;0.20;0.20;1.3;61;51;36914.21;18.5;54;29.4;36.0;23.2;2.0;41438.57
0;2021-01-04;28.0;33.5;23.4;1.00;1.00;2.2;64;53;30568.33;16.4;31;31.1;36.7;25.4;4.0;41449.15
0;2021-01-05;28.3;33.0;24.1;3.90;3.90;1.8;66;61;38081.81;15.0;69;31.7;35.0;27.9;8.0;41460.45
0;2021-01-06;28.3;33.3;23.9;0.10;0.10;3.3;64;51;39348.46;14.4;104;31.7;37.8;26.5;1.0;41472.44
0;2021-01-07;28.7;35.3;24.5;0.00;0.00;3.2;61;3;40557.96;19.8;104;31.7;37.4;27.8;0.0;41485.12
0;2021-01-08;28.3;34.5;23.4;0.00;0.00;2.8;61;3;41068.75;17.6;74;31.2;37.4;24.6;0.0;41498.48
0;2021-01-09;27.1;32.6;22.7;0.00;0.00;2.5;58;3;41083.30;18.2;88;28.9;34.5;23.4;0.0;41512.66
0;2021-01-10;27.0;32.9;21.9;0.00;0.00;1.1;58;3;41098.70;18.9;28;29.1;35.4;22.5;0.0;41527.71
0;2021-01-11;27.6;34.4;21.4;0.00;0.00;1.3;56;3;38935.68;24.4;14;29.4;36.3;22.0;0.0;41543.59
0;2021-01-12;26.5;32.9;21.5;0.00;0.00;3.1;50;3;40226.75;15.9;6;26.9;33.4;21.3;0.0;41560.26
0;2021-01-13;25.0;30.8;19.4;0.00;0.00;5.1;52;3;41149.81;11.3;293;25.6;32.2;19.1;0.0;41577.71
0;2021-01-14;25.4;31.8;20.6;0.00;0.00;3.7;64;3;41119.49;21.2;166;26.9;33.2;23.0;0.0;41595.90
0;2021-01-15;25.7;32.8;20.7;0.00;0.00;1.8;67;3;41187.60;20.6;139;27.9;35.0;23.9;0.0;41614.78
0;2021-01-16;26.2;32.8;21.7;0.00;0.00;0.5;64;3;41117.53;18.8;121;28.2;34.7;24.7;0.0;41634.35
0;2021-01-17;27.0;34.7;21.8;0.00;0.00;3.0;59;3;35695.35;20.1;34;28.3;33.9;24.0;0.0;41654.56
0;2021-01-18;26.4;32.6;21.5;0.00;0.00;1.1;49;3;39665.50;16.1;21;26.9;34.2;21.0;0.0;41675.38
0;2021-01-19;25.8;31.3;20.2;0.00;0.00;1.6;49;3;34500.67;10.7;334;26.4;33.9;19.7;0.0;41696.78
0;2021-01-20;26.9;32.7;21.7;0.00;0.00;0.4;65;3;36816.31;16.5;146;29.6;34.9;25.3;0.0;41718.73
0;2021-01-21;27.2;32.8;22.3;0.00;0.00;0.0;68;3;34321.83;18.1;194;30.1;35.6;25.6;0.0;41741.20
0;2021-01-22;26.6;31.5;23.3;10.00;10.00;6.0;76;63;33851.74;13.2;199;30.1;35.4;27.1;11.0;41764.17
0;2021-01-23;25.7;29.0;23.7;5.10;5.10;2.4;81;55;26105.00;11.9;166;29.7;32.9;27.7;9.0;41787.60
0;2021-01-24;26.1;30.8;22.7;1.30;1.30;1.8;78;51;40340.00;13.7;146;30.0;35.2;26.8;7.0;41811.46
0;2021-01-25;26.0;31.1;22.6;0.20;0.20;2.3;78;51;40115.13;19.5;133;29.6;35.0;27.0;2.0;41835.72
0;2021-01-26;26.7;31.8;22.3;0.20;0.20;3.3;73;51;39889.70;14.4;100;30.1;36.3;25.9;2.0;41860.36
0;2021-01-27;27.0;32.5;22.0;0.30;0.30;4.3;70;51;40903.40;11.3;111;30.4;36.5;25.3;3.0;41885.34
0;2021-01-28;27.1;33.1;22.6;0.20;0.20;0.8;70;51;40922.31;18.7;99;30.4;35.8;26.9;2.0;41910.65
0;2021-01-29;26.5;31.5;21.9;0.00;0.00;1.1;59;3;40445.68;17.6;352;28.6;34.0;22.5;0.0;41936.52
0;2021-01-30;26.3;32.9;20.1;0.00;0.00;0.8;58;3;38172.70;12.9;185;28.0;35.0;21.2;0.0;41963.03
0;2021-01-31;27.2;32.8;22.1;0.00;0.00;1.8;62;3;40125.85;12.0;89;29.7;35.7;24.0;0.0;41990.16
0;2021-02-01;27.6;33.3;22.7;0.00;0.00;1.4;61;3;40494.29;19.3;65;29.8;35.4;25.9;0.0;42017.86
0;2021-02-02;27.3;33.2;22.8;0.00;0.00;0.5;60;3;41245.05;19.8;72;29.3;35.0;26.2;0.0;42046.09
0;2021-02-03;26.6;33.2;21.1;0.00;0.00;0.4;62;3;41653.08;17.6;171;28.9;35.9;23.0;0.0;42074.82
0;2021-02-04;27.3;34.1;21.3;0.00;0.00;1.5;62;3;41512.20;16.6;288;29.7;37.3;23.8;0.0;42104.02
0;2021-02-05;27.7;33.1;23.0;0.50;0.50;0.5;64;51;41521.48;19.9;81;30.7;36.1;26.2;3.0;42133.65
0;2021-02-06;27.8;32.6;23.4;0.40;0.40;2.6;64;51;41285.76;18.7;127;30.8;35.9;27.3;3.0;42163.67
0;2021-02-07;28.0;33.2;24.1;0.10;0.10;2.9;63;51;41049.81;14.9;184;31.1;36.1;26.8;1.0;42194.05
0;2021-02-08;27.6;32.5;24.2;1.50;1.50;0.4;69;53;41300.13;10.6;120;31.5;36.1;28.5;9.0;42224.76
0;2021-02-09;27.5;32.0;23.5;0.30;0.30;3.9;71;51;41063.06;14.8;130;31.2;36.7;27.6;3.0;42255.76
0;2021-02-10;26.9;31.4;23.5;12.20;12.20;0.7;76;63;34319.94;14.1;187;31.1;36.0;27.9;11.0;42287.03
0;2021-02-11;26.3;29.9;24.0;0.60;0.60;6.1;77;51;39411.55;13.0;174;29.8;33.1;27.9;5.0;42318.52
0;2021-02-12;26.2;31.3;22.8;2.10;2.10;1.1;73;51;41317.80;18.7;157;29.3;35.0;26.0;9.0;42350.21
0;2021-02-13;25.6;31.4;21.8;0.00;0.00;1.1;72;3;41963.58;19.5;148;28.3;34.2;24.7;0.0;42382.06
0;2021-02-14;25.3;30.7;21.0;0.00;0.00;0.4;68;3;41995.87;21.5;147;27.2;33.4;23.9;0.0;42414.06
0;2021-02-15;25.3;31.6;20.8;0.00;0.00;1.4;69;3;42028.26;21.6;143;27.2;34.0;23.6;0.0;42446.15
0;2021-02-16;25.4;32.0;21.4;0.00;0.00;4.0;69;3;42060.72;21.0;141;27.0;34.0;23.5;0.0;42478.32
0;2021-02-17;26.4;33.0;21.5;0.00;0.00;3.6;61;3;42093.19;23.2;130;28.0;35.3;23.2;0.0;42510.55
0;2021-02-18;26.5;32.5;20.3;0.00;0.00;2.6;59;3;42125.80;14.3;83;28.4;34.5;22.5;0.0;42543.07
0;2021-02-19;26.7;32.9;20.6;0.00;0.00;0.7;53;3;42158.84;17.8;51;27.9;35.1;21.2;0.0;42575.99
0;2021-02-20;26.5;32.9;20.8;0.00;0.00;2.5;55;2;42192.26;16.0;109;27.9;34.1;22.2;0.0;42609.28
0;2021-02-21;26.0;32.2;20.6;0.00;0.00;3.3;61;3;42226.02;18.3;116;27.6;34.1;23.1;0.0;42642.92
0;2021-02-22;25.7;33.1;20.9;0.00;0.00;1.1;63;3;42260.10;23.2;140;27.2;36.1;22.4;0.0;42676.86
0;2021-02-23;26.1;33.3;21.7;0.00;0.00;0.7;65;3;42294.47;23.0;142;28.3;37.0;24.2;0.0;42711.08
0;2021-02-24;26.9;34.5;22.8;0.00;0.00;1.0;67;3;42329.10;20.2;150;29.3;37.6;25.7;0.0;42745.55
0;2021-02-25;27.4;34.2;22.6;0.00;0.00;4.0;69;3;40197.94;16.7;176;30.2;36.1;26.1;0.0;42780.24
0;2021-02-26;27.6;32.7;24.0;0.10;0.10;4.0;72;51;36106.74;17.3;160;30.9;36.0;27.3;1.0;42815.13
0;2021-02-27;27.6;33.1;24.1;0.20;0.20;7.1;74;51;37201.26;15.5;151;31.1;37.8;27.6;2.0;42850.18
0;2021-02-28;27.7;32.7;23.6;0.60;0.60;10.8;71;51;42469.60;19.1;135;30.4;35.4;26.7;5.0;42885.36
0;2021-03-01;28.3;34.1;24.3;0.00;0.00;8.7;71;3;42502.73;19.5;137;31.4;37.6;28.1;0.0;42920.65
0;2021-03-02;28.6;35.5;24.6;0.20;0.20;5.6;69;51;42391.10;20.6;135;32.0;39.9;29.2;1.0;42956.02
0;2021-03-03;28.8;36.1;24.1;0.50;0.50;4.7;63;51;42563.30;20.4;128;31.8;39.2;28.4;2.0;42991.44
0;2021-03-04;29.2;36.9;24.7;0.00;0.00;7.6;58;2;42594.09;27.2;119;31.2;39.3;27.2;0.0;43026.89
0;2021-03-05;28.4;36.1;22.6;0.00;0.00;8.7;59;0;42625.14;26.9;130;29.7;37.2;25.3;0.0;43062.34
0;2021-03-06;28.5;36.3;22.5;0.00;0.00;4.9;60;2;42656.37;23.2;139;30.7;38.9;25.2;0.0;43097.75
0;2021-03-07;28.5;35.7;24.0;0.30;0.30;9.0;65;51;42687.74;23.8;134;31.0;39.0;27.0;2.0;43133.12
0;2021-03-08;29.1;35.7;23.9;0.00;0.00;5.9;55;3;42719.18;21.6;108;31.0;37.9;26.1;0.0;43168.39
0;2021-03-09;28.7;34.3;24.3;0.30;0.30;4.7;58;51;42750.61;18.5;103;30.8;36.2;27.3;2.0;43203.57
0;2021-03-10;28.9;34.3;23.7;0.20;0.20;2.6;57;51;42782.44;16.3;121;31.2;37.0;26.3;1.0;43238.88
0;2021-03-11;29.3;35.1;25.3;0.30;0.30;4.5;57;51;42815.06;21.4;113;31.7;38.4;27.9;2.0;43274.41
0;2021-03-12;29.6;36.0;24.9;0.00;0.00;3.6;51;3;42848.40;20.6;120;31.5;39.1;27.2;0.0;43310.15
0;2021-03-13;29.2;35.7;25.0;0.10;0.10;4.6;57;51;42882.37;22.9;126;31.5;38.2;28.6;1.0;43346.06
0;2021-03-14;28.3;35.4;23.2;0.00;0.00;0.7;63;3;42916.93;24.5;136;31.0;38.2;26.9;0.0;43382.14
0;2021-03-15;27.9;35.4;23.5;0.10;0.10;1.5;66;51;42951.99;21.3;145;31.0;39.2;27.6;1.0;43418.33
0;2021-03-16;28.0;33.5;24.7;0.10;0.10;6.6;67;51;42987.48;23.0;144;30.6;37.5;27.4;1.0;43454.63
0;2021-03-17;27.8;34.2;24.1;0.10;0.10;4.2;68;51;43023.32;20.5;142;30.5;37.5;27.6;1.0;43491.01
0;2021-03-18;28.2;34.3;24.1;0.00;0.00;7.9;71;3;43059.46;23.8;143;31.1;37.6;27.9;0.0;43527.44
0;2021-03-19;28.8;36.0;24.3;0.10;0.10;6.9;72;51;43095.81;21.5;144;32.4;39.6;28.9;1.0;43563.91
0;2021-03-20;28.9;33.0;25.7;1.10;1.10;7.1;71;51;43132.31;17.6;142;32.6;36.8;30.3;4.0;43600.37
0;2021-03-21;29.1;34.8;25.7;1.40;1.40;4.7;70;51;43168.89;22.9;130;33.1;39.6;29.3;9.0;43636.83
0;2021-03-22;29.9;35.9;24.7;0.00;0.00;1.4;63;3;43200.00;19.1;109;33.9;38.7;30.0;0.0;43673.24
0;2021-03-23;30.7;36.7;25.6;2.00;2.00;3.7;55;61;42587.69;13.2;58;34.0;40.4;28.1;4.0;43709.58
0;2021-03-24;29.9;35.8;26.0;3.60;3.60;2.4;61;61;39485.04;18.1;100;33.3;39.3;28.5;3.0;43745.84
0;2021-03-25;29.0;33.0;26.0;0.40;0.40;3.0;68;51;43200.00;19.5;114;33.3;38.8;30.5;4.0;43781.97
0;2021-03-26;29.1;35.7;24.7;0.00;0.00;7.4;66;3;43200.00;23.7;119;32.2;39.0;27.8;0.0;43817.96
0;2021-03-27;29.2;35.3;25.2;0.10;0.10;6.1;68;51;43200.00;23.7;133;32.5;39.8;29.1;1.0;43853.79
0;2021-03-28;29.3;35.8;25.1;0.00;0.00;5.8;67;3;43200.00;19.0;133;32.7;39.9;29.2;0.0;43889.42
0;2021-03-29;29.2;35.0;25.4;0.00;0.00;4.2;68;3;43200.00;18.1;141;32.9;39.1;29.9;0.0;43924.84
0;2021-03-30;29.2;34.2;25.2;0.30;0.30;5.2;69;51;43200.00;17.4;163;33.1;38.9;30.0;2.0;43960.27
0;2021-03-31;29.6;35.8;25.3;0.00;0.00;3.3;70;3;43200.00;18.9;166;34.0;40.6;30.3;0.0;43995.80
0;2021-04-01;29.6;35.1;25.9;0.40;0.40;6.1;69;51;43200.00;18.2;163;33.6;39.5;30.6;4.0;44031.39
0;2021-04-02;29.8;34.8;26.3;5.30;5.30;1.8;73;55;40310.36;18.2;154;35.0;41.5;30.9;14.0;44067.04
0;2021-04-03;27.8;32.2;24.7;12.00;12.00;6.8;79;63;36000.00;16.7;130;32.3;37.6;29.1;12.0;44102.72
0;2021-04-04;28.0;31.3;25.6;7.90;7.90;1.5;79;63;43200.00;14.6;131;32.7;36.4;30.3;6.0;44138.40
0;2021-04-05;28.3;32.8;24.5;0.20;0.20;2.3;76;51;41457.17;17.1;121;32.8;38.3;29.7;2.0;44174.07
0;2021-04-06;28.9;35.4;24.4;0.00;0.00;6.8;66;3;43200.00;23.6;120;31.9;38.4;28.4;0.0;44209.69
0;2021-04-07;28.6;33.8;24.2;0.10;0.10;5.1;66;51;43200.00;18.0;128;32.0;38.3;27.6;1.0;44245.24
0;2021-04-08;28.4;32.8;25.6;0.90;0.90;4.0;72;53;32400.00;13.3;140;32.5;37.8;30.0;2.0;44280.70
0;2021-04-09;28.3;33.1;25.9;5.40;5.40;0.4;74;55;43200.00;15.5;137;32.8;38.7;30.0;11.0;44316.05
0;2021-04-10;28.7;33.7;24.9;1.80;1.80;4.0;71;51;43200.00;18.7;125;32.5;38.0;30.0;10.0;44351.26
0;2021-04-11;29.4;35.4;25.1;0.40;0.40;6.8;66;51;43200.00;19.4;118;32.8;39.5;29.3;2.0;44386.29
0;2021-04-12;29.2;34.4;25.8;1.00;1.00;5.5;67;53;43200.00;14.9;121;33.0;38.8;29.9;3.0;44421.14
0;2021-04-13;28.8;33.7;25.6;3.40;3.40;3.7;75;61;43200.00;16.3;137;33.3;38.9;31.0;8.0;44455.77
0;2021-04-14;28.8;33.4;25.4;6.80;6.80;3.8;73;63;43200.00;14.6;151;33.4;38.8;30.0;12.0;44490.15
0;2021-04-15;27.2;31.7;24.2;48.10;48.10;0.7;85;65;33285.83;14.1;140;32.8;40.0;28.2;16.0;44524.26
0;2021-04-16;27.1;31.3;24.2;14.60;14.60;1.6;84;63;43200.00;13.0;138;32.5;38.5;28.6;17.0;44558.08
0;2021-04-17;27.4;32.1;24.6;18.80;18.80;0.8;84;63;38752.25;11.0;136;33.1;39.2;29.6;17.0;44591.56
0;2021-04-18;27.0;30.1;24.9;12.20;12.20;5.6;85;65;37042.46;13.3;155;31.9;36.2;29.7;13.0;44624.70
0;2021-04-19;26.9;30.8;24.5;8.60;8.60;1.1;87;61;42142.53;13.0;182;32.5;37.5;30.2;11.0;44657.70
0;2021-04-20;28.0;32.3;25.0;3.20;3.20;4.1;83;63;40539.77;8.7;185;33.9;39.1;30.6;2.0;44690.64
0;2021-04-21;28.0;31.6;25.6;5.50;5.50;1.4;84;61;22408.30;9.9;176;34.0;38.7;31.3;9.0;44723.51
0;2021-04-22;26.6;29.3;24.9;17.50;17.50;1.5;89;63;9199.57;9.8;137;32.3;35.9;29.9;21.0;44756.27
0;2021-04-23;27.0;31.3;24.7;17.70;17.70;0.7;87;63;30294.16;14.7;220;32.5;38.2;30.2;12.0;44788.91
0;2021-04-24;27.8;32.3;24.6;4.80;4.80;3.3;83;61;41434.43;14.8;196;33.5;39.2;30.4;7.0;44821.40
0;2021-04-25;27.7;31.8;24.6;6.60;6.60;3.7;84;63;37656.13;12.0;212;33.3;37.5;30.1;9.0;44853.70
0;2021-04-26;28.3;32.2;24.9;0.30;0.30;3.6;82;51;42328.56;14.4;176;34.0;38.9;30.8;2.0;44885.80
0;2021-04-27;27.3;30.8;25.5;13.30;13.30;3.9;86;63;36754.67;12.6;131;33.1;38.0;29.7;18.0;44917.67
0;2021-04-28;27.7;31.5;25.1;3.50;3.50;5.8;83;61;43200.00;12.8;136;32.9;37.8;30.3;8.0;44949.29
0;2021-04-29;28.1;32.0;25.3;0.10;0.10;6.9;78;51;43200.00;13.7;119;32.9;37.1;30.2;1.0;44980.62
0;2021-04-30;28.4;32.5;25.2;0.40;0.40;3.5;77;51;39600.00;14.2;120;33.2;37.2;30.5;4.0;45011.64
0;2021-05-01;28.0;30.8;25.4;6.10;6.10;6.1;83;63;33347.56;17.0;129;33.2;36.0;30.8;9.0;45042.31
0;2021-05-02;28.8;32.9;25.4;0.30;0.30;3.8;78;51;43200.00;15.4;120;34.0;38.4;30.8;3.0;45072.62
0;2021-05-03;28.6;33.5;25.5;0.40;0.40;2.1;78;51;43200.00;18.5;121;33.5;38.9;31.3;3.0;45102.53
0;2021-05-04;28.9;33.6;24.8;0.30;0.30;4.8;75;51;43200.00;16.0;107;33.9;39.3;29.4;2.0;45132.01
0;2021-05-05;29.6;34.4;25.7;1.90;1.90;5.4;73;53;43200.00;14.9;107;34.6;40.3;30.8;3.0;45161.03
0;2021-05-06;29.5;34.1;26.0;0.60;0.60;3.2;73;51;43200.00;16.1;112;34.2;39.0;31.5;5.0;45189.56
0;2021-05-07;28.4;32.8;25.1;1.30;1.30;2.5;81;53;39843.52;17.2;72;33.8;38.5;30.9;4.0;45217.57
0;2021-05-08;28.6;32.7;25.7;1.80;1.80;1.4;80;61;33849.61;18.6;129;34.2;40.6;31.1;4.0;45245.05
0;2021-05-09;28.6;32.6;26.4;7.80;7.80;2.2;82;61;33743.23;12.6;141;34.3;39.5;32.2;5.0;45272.15
0;2021-05-10;29.3;33.1;26.1;0.70;0.70;5.0;79;51;43200.00;12.1;137;34.8;39.4;32.3;5.0;45298.99
0;2021-05-11;29.5;33.3;26.0;1.50;1.50;1.5;78;53;43200.00;13.1;140;35.3;39.6;32.6;8.0;45325.51
0;2021-05-12;29.9;34.6;26.5;3.40;3.40;0.8;76;63;37390.13;12.7;129;35.9;40.8;33.0;7.0;45351.71
0;2021-05-13;29.3;33.2;26.7;5.40;5.40;3.5;81;61;41021.84;18.4;123;35.5;40.0;33.4;10.0;45377.55
0;2021-05-14;28.8;31.7;26.5;3.40;3.40;5.5;82;55;32678.85;14.9;133;34.6;37.9;32.5;8.0;45403.02
0;2021-05-15;28.7;32.9;25.9;3.30;3.30;3.1;82;55;38336.54;16.0;136;34.3;39.3;31.5;7.0;45428.08
0;2021-05-16;29.0;32.8;25.8;4.80;4.80;2.9;82;63;43200.00;15.0;133;34.9;39.0;32.1;9.0;45452.72
0;2021-05-17;28.0;31.9;25.1;31.10;31.10;2.5;84;65;34879.48;16.6;123;33.6;38.0;30.0;19.0;45476.89
0;2021-05-18;28.0;31.5;25.4;7.20;7.20;1.3;85;61;33381.30;13.3;152;33.7;37.8;31.0;13.0;45500.60
0;2021-05-19;28.1;32.5;25.4;8.70;8.70;0.4;86;63;34132.05;13.0;166;34.4;40.0;31.5;8.0;45523.78
0;2021-05-20;28.7;32.6;25.5;13.60;13.60;1.8;82;63;43200.00;14.2;166;34.8;39.9;31.6;13.0;45546.44
0;2021-05-21;27.8;31.5;25.7;15.80;15.80;2.8;86;63;30531.66;11.6;181;33.7;37.7;31.6;20.0;45568.53
0;2021-05-22;26.9;30.9;25.3;17.10;17.10;0.5;89;63;14334.86;16.8;237;32.4;36.2;31.0;21.0;45590.02
0;2021-05-23;27.2;31.3;25.3;22.10;22.10;2.9;88;65;18341.94;17.6;248;32.7;36.9;30.6;19.0;45610.91
0;2021-05-24;27.1;29.7;26.0;8.70;8.70;1.4;88;63;11810.28;16.1;275;32.9;35.2;31.3;19.0;45631.15
0;2021-05-25;26.5;28.7;24.7;63.10;63.10;1.0;91;65;30900.60;11.7;224;32.3;34.9;29.9;23.0;45650.71
0;2021-05-26;26.4;29.3;24.8;9.90;9.90;4.7;91;61;8535.46;14.5;221;31.8;34.1;30.1;18.0;45669.57
0;2021-05-27;26.6;30.2;24.9;20.50;20.50;3.7;90;65;21140.87;14.2;197;32.2;35.9;30.3;8.0;45687.71
0;2021-05-28;27.4;30.8;24.8;3.90;3.90;4.9;88;61;43200.00;12.4;186;33.1;37.9;30.3;9.0;45705.08
0;2021-05-29;28.0;31.6;25.3;4.10;4.10;3.4;85;55;43200.00;14.5;182;34.0;39.1;31.3;7.0;45721.83
0;2021-05-30;28.6;32.9;24.8;0.70;0.70;2.7;82;51;43411.10;11.0;231;34.7;39.3;30.8;4.0;45738.01
0;2021-05-31;29.0;33.1;25.7;2.80;2.80;4.6;84;61;43277.89;12.2;249;35.4;39.9;31.6;5.0;45753.60
0;2021-06-01;28.7;32.1;25.9;6.40;6.40;0.7;85;63;36414.60;10.8;229;35.2;38.3;32.6;9.0;45768.59
0;2021-06-02;28.6;32.3;26.1;3.10;3.10;4.0;85;55;43200.00;11.9;219;35.1;39.9;32.5;8.0;45782.96
0;2021-06-03;28.6;32.8;25.7;3.60;3.60;3.7;85;61;42362.33;11.2;231;35.0;41.3;31.8;5.0;45796.70
0;2021-06-04;29.3;33.5;25.2;0.20;0.20;2.3;82;51;43422.15;12.1;234;35.5;40.5;31.4;2.0;45809.79
0;2021-06-05;28.6;33.0;26.1;5.90;5.90;5.0;83;61;39825.46;17.6;233;34.2;39.3;31.7;8.0;45822.21
0;2021-06-06;28.0;32.4;25.1;4.30;4.30;5.6;85;63;31822.22;20.6;236;33.4;38.8;30.7;5.0;45833.97
0;2021-06-07;27.7;31.9;25.7;9.20;9.20;7.7;84;63;25200.00;24.9;231;32.5;37.7;30.7;12.0;45845.03
0;2021-06-08;26.6;28.9;24.9;6.40;6.40;4.4;89;61;13177.82;16.6;216;31.9;34.0;30.2;19.0;45855.39
0;2021-06-09;27.0;30.3;25.3;4.70;4.70;3.8;88;53;15371.49;11.6;240;32.6;35.6;31.0;14.0;45865.03
0;2021-06-10;26.7;30.6;25.0;12.40;12.40;5.6;90;63;23399.47;20.0;245;31.9;35.9;30.5;14.0;45873.93
0;2021-06-11;27.3;31.5;24.6;4.10;4.10;6.9;85;61;35567.14;20.2;243;31.9;36.6;29.4;6.0;45882.08
0;2021-06-12;26.6;30.0;24.9;9.00;9.00;5.2;87;61;11128.41;18.3;243;31.0;34.6;29.0;14.0;45889.48
0;2021-06-13;27.4;31.1;24.8;0.80;0.80;7.6;83;51;36387.10;22.0;225;31.8;35.8;29.7;5.0;45896.10
0;2021-06-14;27.9;32.2;24.9;1.00;1.00;5.5;82;51;41113.38;17.6;240;33.0;37.0;30.1;7.0;45901.94
0;2021-06-15;27.1;30.7;24.8;4.30;4.30;4.0;87;63;39011.66;15.5;238;32.6;36.1;30.4;9.0;45906.98
0;2021-06-16;27.3;31.7;24.9;11.30;11.30;1.9;87;63;16632.72;14.9;232;33.0;39.0;30.2;16.0;45911.19
0;2021-06-17;28.5;32.9;24.9;0.30;0.30;3.9;78;51;40623.45;11.8;242;33.8;38.3;30.4;2.0;45914.59
0;2021-06-18;28.2;32.3;24.9;2.80;2.80;4.7;82;61;43232.04;11.4;227;33.7;39.2;30.4;5.0;45917.17
0;2021-06-19;27.8;31.7;25.1;10.20;10.20;2.5;85;65;37293.97;13.1;227;33.6;39.0;31.0;8.0;45918.96
0;2021-06-20;27.7;32.4;25.1;17.70;17.70;2.6;84;63;39600.00;16.1;234;32.9;39.1;30.1;8.0;45919.96
0;2021-06-21;27.5;31.4;24.8;9.80;9.80;7.2;85;63;43200.00;25.2;233;32.3;35.9;29.5;7.0;45920.18
0;2021-06-22;27.3;31.0;24.5;13.50;13.50;3.6;86;63;41058.69;16.6;223;32.5;36.7;29.6;8.0;45919.62
0;2021-06-23;27.2;30.9;24.3;9.30;9.30;5.1;86;63;41400.31;20.5;240;32.2;37.2;29.4;7.0;45918.28
0;2021-06-24;27.5;31.6;24.0;8.30;8.30;4.8;85;63;43200.00;13.9;236;32.9;38.8;28.9;10.0;45916.18
0;2021-06-25;28.1;32.2;25.0;2.90;2.90;6.8;82;61;41876.99;14.4;216;33.3;37.7;30.0;7.0;45913.31
0;2021-06-26;28.0;31.9;24.9;0.80;0.80;6.0;82;51;43200.00;14.6;192;33.3;37.0;30.3;6.0;45909.70
0;2021-06-27;28.4;32.7;24.6;0.90;0.90;3.1;80;51;40999.64;14.3;210;33.9;38.3;30.1;4.0;45905.34
0;2021-06-28;28.0;32.9;25.0;5.70;5.70;5.9;83;63;43200.00;13.0;227;33.6;39.5;30.2;8.0;45900.24
0;2021-06-29;28.3;32.6;25.1;3.70;3.70;4.8;83;63;43139.59;11.0;206;34.1;39.1;30.6;8.0;45894.41
0;2021-06-30;28.1;32.2;25.6;2.60;2.60;5.5;83;53;43200.00;14.5;221;33.7;39.8;30.7;9.0;45887.85
0;2021-07-01;28.2;32.6;24.7;3.90;3.90;4.5;82;63;43200.00;11.6;214;33.8;38.5;30.0;7.0;45880.59
0;2021-07-02;28.6;33.0;24.6;0.20;0.20;3.1;78;51;43200.00;12.8;234;34.0;38.4;30.2;2.0;45872.61
0;2021-07-03;28.9;33.8;25.1;0.30;0.30;3.5;81;51;43200.00;10.0;236;35.2;41.7;30.9;2.0;45863.93
0;2021-07-04;28.5;32.0;26.0;8.40;8.40;1.8;83;63;36614.56;15.4;205;34.5;39.4;32.1;7.0;45854.57
0;2021-07-05;26.9;30.3;25.3;18.00;18.00;2.4;89;65;15323.49;13.5;223;32.5;38.1;30.4;12.0;45844.52
0;2021-07-06;26.3;28.2;25.0;7.40;7.40;2.1;91;61;11101.66;16.9;229;31.4;33.2;30.5;12.0;45833.80
0;2021-07-07;26.4;29.6;24.7;9.50;9.50;6.9;89;63;16950.01;16.5;218;31.2;34.4;29.5;14.0;45822.41
0;2021-07-08;25.6;27.3;24.6;11.90;11.90;4.7;91;61;3464.26;15.0;216;30.3;32.0;29.3;19.0;45810.25
0;2021-07-09;25.8;29.3;23.7;22.30;22.30;2.5;89;63;13519.66;14.6;186;30.6;32.9;28.2;20.0;45797.29
0;2021-07-10;26.8;30.3;24.3;8.40;8.40;5.0;86;63;39645.39;13.1;164;32.0;37.6;28.9;14.0;45783.56
0;2021-07-11;27.6;30.9;24.6;7.30;7.30;2.1;84;63;43200.00;11.8;144;33.3;38.1;30.1;8.0;45769.08
0;2021-07-12;27.7;31.6;25.2;6.10;6.10;3.8;85;63;36881.80;14.3;136;33.2;38.0;30.6;6.0;45753.87
0;2021-07-13;27.2;30.4;24.4;9.50;9.50;0.4;87;63;41087.71;12.7;148;32.9;38.2;29.6;16.0;45737.96
0;2021-07-14;26.7;30.5;24.6;22.70;22.70;1.8;87;65;28896.32;10.6;208;32.4;37.8;30.0;20.0;45721.37
0;2021-07-15;26.0;28.8;24.2;27.70;27.70;1.8;91;63;12704.58;9.7;251;31.5;34.1;29.6;17.0;45704.13
0;2021-07-16;27.7;31.5;23.9;4.00;4.00;3.6;82;61;43200.00;14.6;274;32.8;36.8;29.0;5.0;45686.26
0;2021-07-17;27.9;32.2;24.5;5.50;5.50;6.2;80;63;43200.00;17.1;257;32.7;36.8;29.4;7.0;45667.78
0;2021-07-18;26.9;30.4;25.1;18.40;18.40;5.4;88;63;22712.31;18.1;247;32.0;35.2;30.7;18.0;45648.72
0;2021-07-19;26.7;29.7;25.4;2.70;2.70;2.4;87;55;9347.06;16.6;234;31.5;33.5;30.0;8.0;45629.11
0;2021-07-20;27.5;31.2;25.0;7.50;7.50;5.8;84;63;35026.49;23.7;240;32.3;36.7;29.7;4.0;45608.96
0;2021-07-21;27.1;30.2;25.0;8.80;8.80;7.4;87;63;38477.52;22.9;234;31.9;36.4;29.7;8.0;45588.29
0;2021-07-22;27.1;29.5;25.0;1.80;1.80;6.3;87;53;17680.40;16.3;232;32.0;34.8;30.0;7.0;45567.14
0;2021-07-23;27.4;29.8;25.5;4.90;4.90;8.2;85;61;21773.43;27.3;245;32.0;35.5;30.0;9.0;45545.53
0;2021-07-24;28.1;31.5;25.9;1.50;1.50;11.1;82;53;26916.11;21.9;244;32.5;36.7;30.1;6.0;45523.47
0;2021-07-25;27.3;29.7;25.9;5.10;5.10;10.7;86;61;35865.15;28.7;239;31.5;33.7;29.9;10.0;45500.99
0;2021-07-26;27.8;31.3;25.0;3.40;3.40;8.9;83;55;43200.00;19.8;245;32.4;37.0;29.7;9.0;45478.11
0;2021-07-27;27.8;31.4;25.3;8.50;8.50;9.8;83;61;43200.00;22.4;246;32.3;37.2;29.5;6.0;45454.86
0;2021-07-28;27.4;30.9;25.8;9.90;9.90;9.8;84;63;37030.08;24.7;245;31.7;36.3;30.0;8.0;45431.05
0;2021-07-29;26.8;29.8;25.2;14.00;14.00;10.2;88;63;21773.53;21.2;236;31.1;35.1;29.4;16.0;45406.62
0;2021-07-30;26.8;30.0;24.9;17.50;17.50;10.5;89;63;27430.28;22.0;238;31.2;35.3;29.3;14.0;45381.60
0;2021-07-31;27.6;31.4;25.1;6.90;6.90;9.2;85;63;26461.54;17.7;234;32.5;37.4;29.6;8.0;45356.02
0;2021-08-01;27.9;32.2;25.1;2.90;2.90;11.5;83;61;43200.00;23.7;244;32.2;38.5;29.1;4.0;45329.92
0;2021-08-02;28.1;31.3;25.7;5.40;5.40;11.4;82;61;43200.00;22.1;245;32.4;36.2;29.8;8.0;45303.32
0;2021-08-03;28.0;30.4;26.0;3.40;3.40;12.9;81;61;33609.93;22.8;244;31.8;34.3;29.8;9.0;45276.26
0;2021-08-04;28.1;32.5;25.8;2.80;2.80;10.4;81;61;40292.89;23.7;243;32.4;37.7;30.0;4.0;45248.75
0;2021-08-05;27.7;31.3;25.8;2.60;2.60;10.7;84;61;37862.36;25.0;238;32.1;37.0;30.3;7.0;45220.84
0;2021-08-06;28.1;32.1;25.4;2.00;2.00;10.2;82;55;43200.00;21.0;240;32.7;37.4;30.0;5.0;45192.55
0;2021-08-07;28.0;32.4;25.3;3.50;3.50;7.1;84;61;43200.00;19.9;248;33.2;39.1;30.1;7.0;45163.90
0;2021-08-08;28.2;31.9;25.3;6.70;6.70;4.3;83;63;41491.65;15.3;245;33.6;37.9;30.4;9.0;45134.94
0;2021-08-09;28.5;32.0;25.9;1.30;1.30;5.8;82;51;40811.48;15.1;233;33.9;38.0;31.4;9.0;45105.66
0;2021-08-10;27.5;30.7;25.7;11.60;11.60;2.6;87;63;38725.89;19.4;209;32.9;36.4;31.6;14.0;45076.12
0;2021-08-11;27.3;30.8;25.2;14.20;14.20;4.4;88;63;34142.40;14.5;184;32.8;35.9;30.7;12.0;45046.34
0;2021-08-12;26.9;29.1;24.9;8.10;8.10;1.1;90;63;30103.25;13.5;201;32.6;35.2;31.1;12.0;45016.33
0;2021-08-13;26.6;30.9;24.6;9.60;9.60;4.3;88;63;18804.46;15.1;217;31.9;37.3;29.5;11.0;44986.14
0;2021-08-14;27.1;30.0;25.2;10.70;10.70;1.6;89;63;19399.03;16.2;241;32.8;37.1;30.6;15.0;44955.77
0;2021-08-15;26.9;29.9;24.5;0.00;0.00;1.6;83;3;17290.56;12.8;277;31.8;33.5;29.7;0.0;44925.26
0;2021-08-16;27.8;32.3;23.6;3.70;3.70;1.4;81;61;43200.00;8.7;327;33.5;39.4;28.8;8.0;44894.62
0;2021-08-17;27.2;31.4;24.2;11.50;11.50;1.9;88;63;37965.77;7.9;2;33.2;39.8;29.6;15.0;44863.66
0;2021-08-18;27.3;31.7;24.0;15.10;15.10;0.4;85;63;41660.54;10.4;224;33.2;40.1;29.0;7.0;44832.30
0;2021-08-19;27.1;31.3;24.0;11.20;11.20;1.1;85;61;43200.00;9.6;184;33.0;39.5;29.3;15.0;44800.56
0;2021-08-20;27.1;30.9;24.7;7.40;7.40;1.0;86;61;36573.53;12.7;157;32.9;38.8;30.3;14.0;44768.47
0;2021-08-21;27.5;31.8;23.9;1.00;1.00;1.1;83;51;43200.00;10.0;212;33.2;38.6;29.7;7.0;44736.07
0;2021-08-22;27.5;31.8;24.9;7.40;7.40;2.3;84;63;36000.00;17.3;227;32.9;38.1;30.3;8.0;44703.37
0;2021-08-23;27.2;31.6;24.9;22.00;22.00;0.8;86;65;28800.00;15.8;237;32.5;37.7;30.5;12.0;44670.40
0;2021-08-24;26.5;29.4;24.4;11.40;11.40;3.7;88;63;36000.00;16.7;207;31.6;35.2;29.8;11.0;44637.21
0;2021-08-25;25.5;28.6;24.0;10.10;10.10;4.1;91;63;12208.20;17.6;213;30.2;33.7;28.8;15.0;44603.79
0;2021-08-26;25.4;28.4;23.7;17.20;17.20;2.9;91;63;19714.31;16.6;208;30.5;34.2;28.5;24.0;44570.18
0;2021-08-27;26.4;31.2;23.5;18.10;18.10;1.3;88;63;28800.00;18.7;226;32.1;39.7;28.6;11.0;44536.41
0;2021-08-28;26.0;29.9;23.8;20.20;20.20;1.0;87;63;21166.78;9.3;46;31.2;35.7;28.4;22.0;44502.51
0;2021-08-29;26.3;29.8;23.3;33.10;33.10;1.6;88;65;34104.75;11.1;10;31.7;36.3;28.1;21.0;44468.48
0;2021-08-30;26.3;30.2;23.5;21.40;21.40;1.4;89;63;26018.83;12.3;151;32.0;37.8;28.4;18.0;44434.36
0;2021-08-31;26.7;30.8;23.9;13.80;13.80;1.0;88;63;30731.74;12.3;175;32.5;38.9;29.5;13.0;44400.18
0;2021-09-01;26.7;31.0;23.9;9.50;9.50;1.1;87;61;32631.78;12.3;184;32.5;39.2;29.3;13.0;44365.95
0;2021-09-02;26.7;29.5;24.2;30.00;30.00;3.2;87;65;29953.92;13.3;181;32.0;35.7;29.5;21.0;44331.70
0;2021-09-03;26.3;30.2;23.9;10.40;10.40;1.5;87;61;27012.34;16.1;252;31.2;35.2;28.7;18.0;44297.45
0;2021-09-04;26.1;29.2;24.3;25.20;25.20;1.5;88;63;8830.48;18.8;259;31.0;34.6;29.6;22.0;44263.21
0;2021-09-05;26.1;30.1;24.2;17.00;17.00;1.9;87;63;25271.95;14.0;281;31.2;37.3;29.0;22.0;44229.02
0;2021-09-06;26.4;30.7;23.3;9.70;9.70;1.5;87;63;29022.43;11.6;268;31.8;37.2;28.2;10.0;44194.67
0;2021-09-07;26.5;30.6;24.2;9.60;9.60;4.5;88;63;28463.80;16.6;231;31.8;37.3;29.2;12.0;44160.06
0;2021-09-08;26.8;30.8;24.3;5.40;5.40;6.6;88;61;34379.88;17.6;211;31.8;37.0;29.2;11.0;44125.24
0;2021-09-09;26.4;30.1;24.3;16.00;16.00;6.0;87;63;16247.01;18.9;214;31.0;34.9;28.8;19.0;44090.21
0;2021-09-10;26.9;30.5;24.9;5.60;5.60;6.1;87;61;23089.94;21.2;240;31.5;35.1;29.4;17.0;44055.02
0;2021-09-11;27.2;30.9;25.0;2.70;2.70;9.3;83;51;24054.44;26.0;264;31.0;33.9;29.5;14.0;44019.67
0;2021-09-12;27.7;31.0;25.2;1.10;1.10;6.0;81;51;38715.89;27.2;263;31.7;34.5;29.2;6.0;43984.20
0;2021-09-13;26.9;31.1;25.2;22.30;22.30;2.2;87;63;20441.29;14.9;238;31.8;37.0;29.4;15.0;43948.62
0;2021-09-14;26.2;29.4;24.4;30.10;30.10;3.1;90;63;19206.79;13.3;202;31.3;35.2;29.2;21.0;43912.96
0;2021-09-15;26.1;30.2;23.9;26.10;26.10;5.6;89;63;26395.82;14.0;165;31.0;37.1;28.6;20.0;43877.24
0;2021-09-16;26.9;30.2;24.5;3.20;3.20;2.4;88;53;35073.12;9.7;127;32.8;37.4;30.0;9.0;43841.50
0;2021-09-17;27.2;31.6;23.9;17.40;17.40;1.3;86;63;39991.09;8.9;155;33.3;39.7;29.0;12.0;43805.73
0;2021-09-18;27.4;31.8;24.6;8.10;8.10;1.8;86;61;37469.04;8.5;43;33.4;39.3;30.1;16.0;43769.98
0;2021-09-19;25.3;27.9;23.8;27.10;27.10;1.5;91;63;0.00;13.6;234;30.4;33.3;28.7;23.0;43734.26
0;2021-09-20;25.9;30.6;23.4;14.00;14.00;5.5;90;63;23339.42;16.1;217;30.7;36.8;27.8;18.0;43698.59
0;2021-09-21;26.6;30.4;23.9;5.20;5.20;3.3;87;61;39462.77;17.0;196;31.8;35.6;28.9;6.0;43663.00
0;2021-09-22;26.4;30.1;23.8;8.60;8.60;3.4;88;63;29013.81;11.2;221;31.7;36.4;29.0;10.0;43627.51
0;2021-09-23;26.5;30.4;24.5;4.70;4.70;2.5;89;63;8754.48;11.6;265;32.1;35.7;30.0;9.0;43592.13
0;2021-09-24;26.4;29.9;24.5;14.70;14.70;3.2;90;63;28800.00;15.8;218;31.8;35.8;29.7;15.0;43556.90
0;2021-09-25;26.5;30.5;24.4;15.10;15.10;4.3;89;63;25321.49;17.4;202;31.9;37.7;29.6;20.0;43521.82
0;2021-09-26;26.7;31.1;23.9;5.50;5.50;2.5;87;63;33025.46;12.3;110;32.3;37.9;29.1;11.0;43486.69
0;2021-09-27;27.7;31.7;24.7;4.50;4.50;5.2;84;55;41587.53;13.8;134;33.1;37.5;29.7;12.0;43451.41
0;2021-09-28;27.7;31.9;25.1;3.30;3.30;0.5;86;53;37114.74;10.3;106;34.0;38.9;30.9;13.0;43416.02
0;2021-09-29;27.4;31.7;24.7;6.10;6.10;0.8;86;61;40689.49;12.9;193;33.5;39.8;30.4;16.0;43380.53
0;2021-09-30;26.8;29.9;24.4;10.90;10.90;0.4;89;63;27453.71;9.6;174;32.7;37.2;29.7;13.0;43344.98
0;2021-10-01;26.9;30.9;24.7;25.20;25.20;0.0;88;65;27686.64;8.8;179;32.8;39.0;30.4;13.0;43309.37
0;2021-10-02;26.1;29.9;23.9;26.80;26.80;1.8;90;63;25559.00;10.3;241;31.7;37.0;29.1;20.0;43273.75
0;2021-10-03;26.3;29.2;23.9;4.40;4.40;0.0;89;63;23163.50;7.6;151;32.1;35.2;29.8;7.0;43238.12
0;2021-10-04;27.5;31.1;24.7;3.00;3.00;0.0;84;61;30938.26;8.2;321;33.2;36.7;30.5;7.0;43202.53
0;2021-10-05;26.7;30.5;24.3;27.40;27.40;1.3;87;63;31006.71;11.8;133;32.4;37.9;29.5;21.0;43166.99
0;2021-10-06;25.8;27.9;24.0;12.40;12.40;0.8;91;63;73.49;9.2;240;31.3;33.1;29.3;19.0;43131.53
0;2021-10-07;26.0;28.0;24.4;9.70;9.70;4.3;91;61;12013.95;12.6;252;31.0;33.1;29.2;20.0;43096.16
0;2021-10-08;26.4;29.3;25.0;9.90;9.90;6.8;89;61;28243.63;21.3;256;30.9;34.5;29.6;19.0;43060.92
0;2021-10-09;26.8;29.5;24.9;9.30;9.30;5.4;88;63;19289.27;21.3;242;31.5;34.5;29.2;9.0;43025.84
0;2021-10-10;27.5;32.2;25.1;9.20;9.20;5.1;85;63;29855.63;19.6;244;32.5;38.0;29.9;8.0;42990.93
0;2021-10-11;26.5;28.7;25.3;20.40;20.40;6.7;90;63;11390.38;15.4;244;31.6;34.4;29.9;18.0;42956.22
0;2021-10-12;26.0;29.0;24.5;35.30;35.30;4.9;89;63;24607.05;25.3;255;29.9;33.2;27.8;21.0;42921.74
0;2021-10-13;26.1;30.2;24.6;19.60;19.60;3.8;88;65;13091.39;20.7;259;30.4;33.8;27.8;17.0;42887.50
0;2021-10-14;26.6;31.2;24.3;12.00;12.00;1.8;89;63;28281.98;21.7;222;31.8;37.1;29.1;8.0;42853.56
0;2021-10-15;26.8;31.2;24.1;17.00;17.00;1.1;87;65;28800.00;15.3;229;32.5;38.4;29.4;11.0;42819.90
0;2021-10-16;25.8;28.0;24.1;24.60;24.60;0.7;90;63;1748.98;10.1;290;31.2;33.7;29.4;22.0;42786.31
0;2021-10-17;25.7;29.4;23.7;12.40;12.40;1.1;89;63;14671.59;13.8;299;30.5;34.1;27.7;7.0;42752.69
0;2021-10-18;27.0;30.8;23.7;1.20;1.20;1.3;85;53;36000.00;14.9;142;32.1;36.6;29.1;8.0;42719.07
0;2021-10-19;27.2;30.5;24.7;2.30;2.30;6.6;86;61;39632.09;14.5;110;32.5;37.3;29.5;7.0;42685.48
0;2021-10-20;25.7;28.8;24.0;25.30;25.30;0.8;91;65;12075.68;11.9;126;31.1;35.0;29.1;13.0;42651.94
0;2021-10-21;26.7;30.6;23.8;3.90;3.90;3.6;85;55;32400.00;11.3;99;31.8;35.7;28.4;9.0;42618.48
0;2021-10-22;26.2;29.7;24.1;12.70;12.70;1.0;89;63;28077.37;12.7;97;31.5;35.4;29.0;11.0;42585.14
0;2021-10-23;26.0;30.5;23.4;5.10;5.10;2.4;88;63;34425.33;11.1;360;31.1;36.5;27.9;6.0;42551.93
0;2021-10-24;26.3;31.2;23.5;3.00;3.00;0.8;87;61;35596.87;6.4;321;32.1;39.1;28.2;5.0;42518.89
0;2021-10-25;26.7;30.6;23.9;4.60;4.60;0.8;86;63;31459.20;12.3;338;32.3;37.3;28.3;6.0;42486.06
0;2021-10-26;27.0;31.2;24.0;1.10;1.10;3.6;81;53;28176.48;12.2;11;31.6;36.6;27.6;3.0;42453.45
0;2021-10-27;26.2;29.4;24.1;6.30;6.30;1.4;85;61;20583.75;14.0;301;30.8;34.7;28.7;9.0;42421.09
0;2021-10-28;27.0;31.1;23.6;0.90;0.90;5.1;84;53;39754.66;16.2;128;31.8;37.9;27.5;3.0;42389.03
0;2021-10-29;26.8;31.4;24.2;10.20;10.20;1.8;85;63;32417.83;14.8;100;32.1;38.9;29.2;8.0;42357.29
0;2021-10-30;26.5;31.7;23.3;4.00;4.00;1.8;86;61;32400.00;18.3;81;31.6;37.5;28.3;5.0;42325.89
0;2021-10-31;26.2;30.5;24.1;23.80;23.80;1.1;87;65;27991.42;13.9;92;31.5;38.1;27.7;7.0;42294.88
0;2021-11-01;26.6;31.3;23.8;10.90;10.90;0.8;88;63;32400.00;10.9;32;32.6;38.9;29.0;6.0;42264.29
0;2021-11-02;26.9;31.3;23.0;0.00;0.00;2.7;83;3;38737.58;11.2;42;31.9;38.0;27.2;0.0;42234.14
0;2021-11-03;27.3;31.6;23.5;0.90;0.90;3.3;82;53;38126.86;12.9;82;32.4;37.6;27.9;2.0;42204.47
0;2021-11-04;27.3;31.3;23.7;0.40;0.40;2.6;81;51;39600.00;16.2;110;32.0;36.1;28.4;4.0;42175.31
0;2021-11-05;26.8;31.6;23.9;6.70;6.70;2.3;87;63;29579.92;15.8;111;32.5;39.4;28.9;4.0;42146.41
0;2021-11-06;27.0;30.9;24.5;3.80;3.80;1.3;86;61;35450.54;13.0;108;32.6;38.0;29.5;9.0;42117.69
0;2021-11-07;27.4;30.8;24.7;1.20;1.20;3.3;85;51;37629.43;14.4;123;33.2;38.2;30.0;6.0;42089.16
0;2021-11-08;27.8;31.8;24.7;2.60;2.60;0.7;84;61;39474.15;18.4;99;33.3;38.4;29.6;3.0;42060.86
0;2021-11-09;26.6;29.4;23.5;2.80;2.80;2.3;86;53;30603.59;8.4;345;31.9;35.8;27.9;8.0;42032.81
0;2021-11-10;27.2;31.2;24.2;3.60;3.60;4.0;82;63;30327.04;9.4;8;32.2;35.8;28.5;5.0;42005.06
0;2021-11-11;25.7;28.8;24.1;21.20;21.20;1.0;91;63;13862.59;14.1;318;31.1;34.9;29.1;17.0;41977.64
0;2021-11-12;25.9;30.8;23.5;14.90;14.90;1.6;88;63;30742.78;8.7;327;31.2;37.5;28.5;12.0;41950.56
0;2021-11-13;26.2;30.4;23.2;9.30;9.30;1.4;87;63;32764.64;15.2;55;31.0;35.1;27.7;8.0;41923.87
0;2021-11-14;25.2;27.6;23.8;11.70;11.70;1.6;91;63;11117.03;7.9;275;30.5;33.0;28.8;13.0;41897.61
0;2021-11-15;26.0;29.5;23.4;16.10;16.10;1.6;89;65;28337.05;14.7;113;31.1;35.4;28.6;6.0;41871.80
0;2021-11-16;25.9;29.4;23.9;13.90;13.90;3.1;90;63;11697.22;10.9;73;31.3;36.0;28.6;15.0;41846.47
0;2021-11-17;26.2;30.5;23.8;12.70;12.70;2.6;90;65;32400.00;13.2;71;31.8;37.9;28.7;10.0;41821.67
0;2021-11-18;26.2;30.6;23.9;13.60;13.60;1.8;89;65;27358.91;18.7;111;31.7;37.7;28.9;9.0;41797.43
0;2021-11-19;26.6;30.9;23.3;1.10;1.10;1.1;86;53;34022.11;10.7;7;31.8;37.2;27.6;3.0;41773.78
0;2021-11-20;26.0;30.0;23.8;14.90;14.90;2.2;91;63;20063.15;13.2;138;31.5;36.3;28.4;8.0;41750.76
0;2021-11-21;26.5;31.1;22.9;8.70;8.70;3.3;87;63;33635.31;12.6;67;31.9;37.8;27.7;5.0;41728.40
0;2021-11-22;26.2;28.9;24.5;6.70;6.70;4.2;88;63;20898.15;17.9;101;31.0;33.5;28.9;7.0;41706.74
0;2021-11-23;26.4;30.8;22.9;11.40;11.40;2.4;87;63;35442.16;9.7;96;31.9;37.6;27.8;9.0;41685.81
0;2021-11-24;26.6;31.2;23.4;12.70;12.70;1.0;83;63;37195.10;7.6;351;31.8;36.5;28.1;9.0;41665.65
0;2021-11-25;26.0;30.5;23.5;2.40;2.40;2.5;87;55;25958.29;14.0;35;31.2;37.1;28.4;4.0;41646.06
0;2021-11-26;26.5;30.6;22.9;0.30;0.30;2.2;77;51;28800.00;12.3;6;30.7;36.5;25.5;1.0;41626.95
0;2021-11-27;24.9;27.8;23.3;4.00;4.00;3.7;83;53;4790.30;15.0;6;28.3;30.7;25.9;12.0;41608.36
0;2021-11-28;25.3;29.6;22.8;27.00;27.00;0.5;87;65;23217.97;12.0;1;30.1;35.2;26.6;13.0;41590.29
0;2021-11-29;25.4;27.5;23.7;3.10;3.10;0.8;90;53;3767.81;11.2;16;30.4;32.0;28.7;14.0;41572.79
0;2021-11-30;25.4;27.6;23.3;7.10;7.10;3.9;89;61;21943.89;20.5;104;29.4;31.2;27.7;14.0;41555.86
0;2021-12-01;25.6;29.5;22.4;1.00;1.00;2.2;84;51;28350.09;9.7;5;30.0;33.6;26.6;4.0;41539.54
0;2021-12-02;25.2;29.8;21.1;0.00;0.00;0.4;78;3;39577.00;8.2;340;29.2;35.4;23.3;0.0;41523.83
0;2021-12-03;24.7;28.8;20.9;0.00;0.00;0.8;77;3;36405.83;11.2;353;28.0;33.5;22.5;0.0;41508.79
0;2021-12-04;23.8;27.9;19.8;0.00;0.00;3.1;77;3;34363.68;10.6;353;26.4;31.6;20.4;0.0;41494.42
0;2021-12-05;23.7;28.8;17.9;0.00;0.00;5.6;75;3;39480.66;12.3;321;26.0;32.6;18.5;0.0;41480.74
0;2021-12-06;25.2;29.6;20.9;0.40;0.40;2.7;79;51;39671.52;11.4;6;28.7;33.6;23.0;3.0;41467.78
0;2021-12-07;25.3;29.5;20.8;0.00;0.00;3.4;78;3;37257.95;8.6;343;28.8;33.6;22.8;0.0;41455.58
0;2021-12-08;25.5;30.5;20.3;0.00;0.00;2.2;77;3;39588.60;9.7;31;29.3;34.9;21.9;0.0;41444.14
0;2021-12-09;25.7;30.2;22.3;3.60;3.60;1.8;85;63;39112.72;11.7;354;30.6;36.0;25.9;4.0;41433.49
0;2021-12-10;25.6;30.1;21.2;0.00;0.00;1.1;78;3;39760.32;10.7;5;29.5;34.9;22.9;0.0;41423.67
0;2021-12-11;24.9;30.0;19.5;0.00;0.00;1.8;78;3;35863.17;8.8;320;28.3;33.5;21.5;0.0;41414.68
0;2021-12-12;26.2;30.7;21.8;0.00;0.00;1.1;80;3;39257.38;9.4;327;30.5;36.7;25.0;0.0;41406.56
0;2021-12-13;26.5;30.7;23.3;0.00;0.00;3.2;75;3;38762.38;11.9;31;30.2;35.2;25.0;0.0;41399.33
0;2021-12-14;26.5;30.7;22.5;0.00;0.00;4.0;72;3;39594.95;8.9;64;30.0;34.8;24.7;0.0;41393.01
0;2021-12-15;26.8;31.5;22.9;0.00;0.00;0.8;77;3;39297.32;9.7;46;31.2;36.3;25.7;0.0;41387.52
0;2021-12-16;27.6;31.9;23.8;0.20;0.20;0.8;79;51;36661.09;11.5;103;32.7;38.0;28.9;1.0;41382.84
0;2021-12-17;27.5;32.5;24.2;1.00;1.00;1.6;76;51;37023.54;15.9;90;32.1;37.1;28.6;6.0;41378.97
0;2021-12-18;27.4;33.1;21.9;0.00;0.00;2.5;65;3;39075.60;18.8;17;29.9;36.2;24.1;0.0;41375.90
0;2021-12-19;26.8;29.9;24.3;0.00;0.00;7.9;55;3;9283.51;22.7;354;26.9;30.5;23.6;0.0;41373.63
0;2021-12-20;26.0;29.9;21.6;0.00;0.00;3.4;66;3;23679.26;10.6;315;28.3;31.9;24.1;0.0;41372.17
0;2021-12-21;26.8;31.8;22.3;0.00;0.00;3.7;73;3;39543.93;14.8;137;29.9;33.9;26.0;0.0;41371.50
0;2021-12-22;26.9;32.1;23.8;2.00;2.00;2.9;76;53;39498.05;15.6;119;31.0;35.9;27.9;8.0;41371.63
0;2021-12-23;26.9;32.0;23.0;0.00;0.00;2.3;75;3;39189.30;15.2;117;30.7;36.5;27.5;0.0;41372.57
0;2021-12-24;26.9;31.5;22.6;0.20;0.20;2.2;73;51;36770.56;12.7;96;30.7;35.7;27.0;2.0;41374.29
0;2021-12-25;27.5;32.6;22.5;0.20;0.20;0.8;71;51;37383.43;9.7;121;31.4;36.3;26.9;1.0;41376.81
0;2021-12-26;27.8;32.6;22.8;0.00;0.00;0.0;70;3;40084.73;10.1;62;31.8;36.2;27.0;0.0;41380.11
0;2021-12-27;27.0;32.0;23.3;6.20;6.20;2.9;77;63;38198.67;9.7;360;31.5;36.7;27.6;10.0;41384.20
0;2021-12-28;26.5;31.9;23.2;4.90;4.90;2.4;82;63;31466.50;16.3;11;31.0;36.0;27.3;4.0;41389.07
0;2021-12-29;26.6;30.5;23.0;0.20;0.20;2.0;78;51;32746.98;11.0;22;30.8;34.6;26.1;2.0;41394.72
0;2021-12-30;27.3;32.7;22.6;1.30;1.30;0.8;64;53;39652.15;15.8;35;29.7;34.8;24.3;3.0;41401.15
0;2021-12-31;27.1;31.9;22.6;0.00;0.00;0.7;61;3;36659.05;14.1;38;29.1;34.1;23.3;0.0;41408.35
0;2022-01-01;27.3;32.9;23.0;0.00;0.00;4.2;58;3;37027.13;14.5;43;29.3;35.6;23.7;0.0;41416.31
0;2022-01-02;27.9;33.0;23.1;0.00;0.00;4.4;60;3;37345.12;11.2;43;30.6;35.7;25.6;0.0;41425.03
0;2022-01-03;27.8;32.3;24.3;0.20;0.20;1.8;66;51;32400.00;12.7;58;31.4;34.9;27.9;2.0;41434.52
0;2022-01-04;27.7;33.3;23.3;1.40;1.40;1.4;67;55;39375.10;16.9;31;31.4;37.6;26.4;3.0;41444.87
0;2022-01-05;27.6;32.3;23.4;0.90;0.90;0.4;70;51;39417.08;12.6;168;31.8;36.6;28.1;7.0;41456.11
0;2022-01-06;27.4;31.4;24.0;1.10;1.10;1.0;75;53;37820.23;12.1;60;31.9;36.0;29.1;4.0;41468.22
0;2022-01-07;27.5;32.8;23.6;0.40;0.40;2.2;74;51;39340.21;15.3;108;31.8;37.1;28.6;2.0;41481.16
0;2022-01-08;27.6;33.9;23.1;0.10;0.10;3.7;68;51;40831.55;16.4;67;30.6;36.4;27.0;1.0;41494.91
0;2022-01-09;27.2;32.9;22.3;0.00;0.00;2.9;72;3;38229.22;18.9;102;30.6;35.7;26.7;0.0;41509.43
0;2022-01-10;27.6;31.8;24.0;2.90;2.90;1.9;69;55;40061.80;12.8;106;31.0;36.1;27.9;6.0;41524.72
0;2022-01-11;27.6;33.7;23.3;0.10;0.10;4.8;64;51;41112.58;21.0;106;30.2;36.0;26.5;1.0;41540.74
0;2022-01-12;26.8;32.8;21.9;0.00;0.00;3.1;60;3;41129.61;18.0;108;28.8;35.2;23.6;0.0;41557.45
0;2022-01-13;26.6;32.7;22.2;0.00;0.00;0.5;64;3;41012.97;19.2;115;29.1;35.4;25.4;0.0;41574.83
0;2022-01-14;26.6;32.8;21.0;0.00;0.00;1.4;56;3;40620.12;15.9;91;28.1;34.7;21.3;0.0;41592.87
0;2022-01-15;26.7;33.0;21.3;0.00;0.00;3.4;64;3;39312.35;17.9;111;29.0;35.5;24.4;0.0;41611.52
0;2022-01-16;27.0;33.7;21.5;0.00;0.00;4.3;63;3;41112.92;19.1;112;29.2;35.7;24.1;0.0;41630.77
0;2022-01-17;27.4;32.0;23.2;0.40;0.40;1.6;63;51;41144.26;16.3;121;30.1;35.0;26.2;3.0;41650.58
0;2022-01-18;27.6;34.0;22.6;0.00;0.00;3.6;62;3;41174.47;17.7;107;30.1;36.5;25.7;0.0;41670.92
0;2022-01-19;27.2;33.4;22.6;0.00;0.00;0.8;65;3;41158.64;17.7;150;30.1;36.6;24.9;0.0;41691.79
0;2022-01-20;27.3;33.0;22.5;0.80;0.80;2.8;65;51;40980.40;18.2;189;30.1;36.7;25.8;5.0;41713.14
0;2022-01-21;27.2;32.9;22.9;0.10;0.10;1.3;68;51;41007.08;18.9;137;30.5;37.4;26.9;1.0;41734.95
0;2022-01-22;27.2;33.7;23.0;0.00;0.00;1.8;68;3;40532.26;22.0;148;30.2;37.2;26.7;0.0;41757.20
0;2022-01-23;27.3;32.7;23.3;0.20;0.20;5.1;71;51;40806.39;15.2;147;30.4;35.8;27.2;2.0;41779.86
0;2022-01-24;27.5;33.3;23.3;0.00;0.00;1.8;73;3;39084.54;17.7;127;31.4;37.4;28.1;0.0;41803.17
0;2022-01-25;27.1;32.1;23.3;1.10;1.10;0.7;75;51;40104.81;16.6;142;30.9;37.4;28.1;5.0;41827.19
0;2022-01-26;27.8;34.3;23.3;0.20;0.20;0.4;71;51;40623.94;22.4;101;31.4;37.3;27.3;2.0;41851.88
0;2022-01-27;27.8;34.8;23.3;0.10;0.10;3.1;70;51;35494.68;22.4;131;31.2;37.0;27.8;1.0;41877.21
0;2022-01-28;28.3;34.8;22.7;0.00;0.00;3.2;67;3;39460.14;11.3;258;31.7;37.4;27.1;0.0;41903.15
0;2022-01-29;27.8;33.8;23.3;0.30;0.30;4.3;73;51;40929.47;19.0;178;31.6;37.5;27.8;3.0;41929.65
0;2022-01-30;27.6;32.4;24.4;0.30;0.30;3.7;72;51;40452.76;20.3;153;30.9;36.0;28.6;3.0;41956.68
0;2022-01-31;27.8;34.2;23.5;0.00;0.00;6.7;67;3;41209.00;20.8;134;30.4;36.7;27.0;0.0;41984.21
0;2022-02-01;28.5;36.0;23.7;0.00;0.00;6.4;61;3;41223.63;25.0;126;30.4;36.7;26.7;0.0;42012.19
0;2022-02-02;28.6;35.7;23.9;0.00;0.00;5.8;60;3;41237.28;20.2;129;30.8;38.4;26.9;0.0;42040.60
0;2022-02-03;28.7;35.3;23.7;0.10;0.10;4.8;62;51;41495.18;19.2;120;31.5;38.1;27.2;1.0;42069.40
0;2022-02-04;29.2;35.5;24.4;0.20;0.20;4.2;62;51;41261.58;16.6;101;32.4;37.7;28.7;2.0;42098.56
0;2022-02-05;29.1;34.4;24.1;0.30;0.30;0.8;59;51;41516.69;11.8;64;32.1;37.0;27.4;2.0;42128.05
0;2022-02-06;28.6;35.5;23.7;0.40;0.40;4.6;56;51;37231.26;20.5;63;30.6;36.1;25.4;2.0;42157.82
0;2022-02-07;29.1;35.8;24.5;0.40;0.40;3.3;61;51;40803.27;17.6;113;32.0;38.3;28.2;3.0;42187.85
0;2022-02-08;29.3;35.5;25.2;1.00;1.00;3.7;58;53;40081.88;17.5;113;31.7;38.7;28.4;3.0;42218.10
0;2022-02-09;29.3;35.6;24.8;0.10;0.10;6.3;58;51;39847.55;18.7;106;31.6;37.8;27.5;1.0;42248.56
0;2022-02-10;29.4;36.0;24.8;1.00;1.00;4.3;59;55;41068.22;17.1;105;32.2;39.6;28.0;1.0;42279.17
0;2022-02-11;28.9;35.3;24.7;0.40;0.40;2.4;61;51;40588.99;18.5;120;31.9;39.0;28.4;2.0;42309.92
0;2022-02-12;28.8;35.0;25.4;0.20;0.20;3.1;62;51;30211.25;20.3;124;31.9;38.3;29.1;1.0;42340.78
0;2022-02-13;27.9;33.5;24.9;8.10;8.10;5.9;71;63;41563.28;18.9;118;31.3;37.0;28.8;4.0;42372.00
0;2022-02-14;28.7;34.3;24.8;0.10;0.10;5.5;70;51;41081.93;19.8;114;32.4;38.2;29.1;1.0;42403.68
0;2022-02-15;28.4;34.3;24.7;1.20;1.20;2.5;68;53;41323.08;27.0;113;31.4;36.9;28.9;4.0;42435.78
0;2022-02-16;28.4;34.1;24.7;0.10;0.10;4.1;67;51;41562.39;24.9;129;31.1;36.3;28.8;1.0;42468.29
0;2022-02-17;28.3;34.2;24.4;0.10;0.10;5.7;70;51;42040.04;22.1;135;31.4;36.8;28.4;1.0;42501.15
0;2022-02-18;28.5;34.7;24.4;1.20;1.20;6.0;71;53;42035.80;21.3;132;31.7;38.3;28.5;4.0;42534.34
0;2022-02-19;28.4;33.9;24.6;1.20;1.20;1.8;71;53;39626.17;16.9;138;32.5;38.7;29.5;4.0;42567.83
0;2022-02-20;27.6;32.4;24.6;3.60;3.60;3.1;77;61;38177.35;19.5;140;31.5;36.5;29.6;3.0;42601.60
0;2022-02-21;27.3;33.0;24.1;5.80;5.80;1.1;75;63;38242.04;15.5;132;31.5;38.1;28.8;6.0;42635.60
0;2022-02-22;27.2;32.8;23.2;2.90;2.90;2.4;76;61;41532.85;15.3;9;31.5;38.1;27.5;7.0;42669.80
0;2022-02-23;27.6;33.4;23.6;1.00;1.00;1.4;75;53;41763.36;14.8;44;32.1;37.4;28.6;4.0;42704.19
0;2022-02-24;27.3;33.4;22.6;0.00;0.00;2.1;66;3;26146.56;12.4;28;30.2;36.0;24.0;0.0;42738.72
0;2022-02-25;27.8;33.9;23.2;0.10;0.10;5.6;57;51;34137.38;17.3;44;29.7;35.8;24.3;1.0;42773.37
0;2022-02-26;28.3;34.6;22.6;0.40;0.40;4.7;60;51;42392.21;14.7;69;30.9;37.5;24.7;2.0;42808.11
0;2022-02-27;28.9;35.3;23.7;0.10;0.10;4.7;59;51;42427.25;17.8;104;31.4;37.1;27.1;1.0;42842.92
0;2022-02-28;29.2;35.8;24.1;0.70;0.70;5.4;59;51;42462.33;17.1;114;31.6;38.1;27.2;2.0;42877.76
0;2022-03-01;29.3;35.1;24.9;0.00;0.00;3.6;58;3;38545.85;15.8;127;31.8;39.5;28.1;0.0;42912.60
0;2022-03-02;28.6;33.1;25.0;0.00;0.00;3.2;59;3;19232.20;17.2;118;31.0;35.8;27.3;0.0;42947.43
0;2022-03-03;29.1;34.3;25.1;0.40;0.40;2.1;62;51;41431.96;17.6;134;32.5;39.2;29.1;3.0;42982.20
0;2022-03-04;29.4;36.5;24.4;0.10;0.10;3.2;59;51;42583.72;19.3;128;32.3;40.7;27.3;1.0;43016.90
0;2022-03-05;29.4;36.4;25.1;1.50;1.50;5.2;64;55;42346.41;20.8;133;32.5;39.6;28.8;4.0;43051.77
0;2022-03-06;29.0;35.5;25.1;2.30;2.30;7.9;65;61;42643.91;22.4;136;32.1;38.4;28.6;3.0;43086.90
0;2022-03-07;28.8;35.2;25.0;2.00;2.00;3.6;67;61;39458.97;21.5;130;32.2;39.8;28.8;1.0;43122.28
0;2022-03-08;28.4;35.0;23.5;0.00;0.00;3.2;64;3;42707.45;20.2;139;31.5;39.3;26.9;0.0;43157.87
0;2022-03-09;28.5;34.5;24.0;0.30;0.30;1.1;62;51;42740.29;20.3;115;31.3;38.5;27.2;3.0;43193.64
0;2022-03-10;27.4;33.0;23.6;0.20;0.20;0.8;67;51;39173.86;19.9;145;30.2;37.5;26.8;2.0;43229.58
0;2022-03-11;28.5;35.3;23.1;0.00;0.00;1.3;63;3;42807.78;21.9;104;31.5;38.5;26.9;0.0;43265.66
0;2022-03-12;28.5;35.3;23.7;0.00;0.00;4.3;66;3;36481.92;25.0;157;31.8;38.6;27.3;0.0;43301.84
0;2022-03-13;29.3;35.1;25.5;5.10;5.10;5.4;66;63;42877.18;19.7;117;32.5;37.9;29.6;6.0;43338.12
0;2022-03-14;29.0;35.4;25.9;1.40;1.40;10.0;71;53;39312.42;17.4;136;32.7;40.7;29.4;4.0;43374.46
0;2022-03-15;28.8;35.1;25.1;0.10;0.10;8.2;72;51;42947.92;19.4;138;32.6;39.4;29.7;1.0;43410.83
0;2022-03-16;28.7;33.5;25.0;0.50;0.50;8.0;70;51;42983.60;18.0;140;32.2;36.9;29.5;4.0;43447.22
0;2022-03-17;29.1;35.0;24.9;0.00;0.00;5.4;69;3;43019.41;18.1;143;32.9;39.3;29.4;0.0;43483.59
0;2022-03-18;29.0;34.5;25.8;2.30;2.30;2.0;72;53;42452.04;15.7;146;33.6;39.4;30.3;4.0;43519.92
0;2022-03-19;28.4;34.5;24.2;1.80;1.80;1.1;74;55;43091.10;21.7;134;32.8;41.6;29.1;4.0;43556.20
0;2022-03-20;28.7;34.4;25.2;0.80;0.80;1.8;74;51;41590.35;19.7;132;33.1;38.2;30.5;4.0;43592.38
0;2022-03-21;28.3;32.7;25.3;2.80;2.80;8.6;75;55;40164.88;26.1;135;32.0;36.8;29.3;11.0;43628.45
0;2022-03-22;27.7;30.8;25.4;4.60;4.60;7.2;78;61;35997.74;19.3;139;31.7;35.0;30.3;9.0;43664.39
0;2022-03-23;28.3;33.6;24.7;1.60;1.60;3.3;77;61;43200.00;16.9;134;33.0;38.6;30.1;3.0;43700.16
0;2022-03-24;28.4;32.8;25.1;2.20;2.20;4.5;78;53;42292.38;19.8;142;32.9;37.3;30.5;7.0;43735.75
0;2022-03-25;29.4;34.9;25.3;0.00;0.00;7.0;72;1;43200.00;20.5;140;33.6;38.8;30.3;0.0;43771.39
0;2022-03-26;29.7;35.4;24.8;0.00;0.00;3.3;71;3;42817.43;17.0;149;34.5;40.1;30.7;0.0;43807.14
0;2022-03-27;29.3;35.7;23.5;1.20;1.20;4.1;71;51;40585.77;17.1;154;34.2;41.1;27.6;4.0;43843.01
0;2022-03-28;28.6;35.4;24.2;9.10;9.10;2.6;74;63;40846.74;16.8;81;33.4;41.4;27.2;8.0;43878.97
0;2022-03-29;27.6;33.6;23.9;11.10;11.10;0.4;80;63;41452.79;18.1;355;32.7;40.1;28.6;6.0;43914.98
0;2022-03-30;27.8;33.2;24.0;5.20;5.20;2.0;79;61;33924.63;17.8;334;32.4;38.3;28.4;13.0;43951.04
0;2022-03-31;26.5;30.9;24.3;18.40;18.40;1.6;85;63;18678.95;12.9;178;31.3;36.2;28.7;13.0;43987.11
0;2022-04-01;25.9;29.7;23.8;31.40;31.40;6.4;87;63;21830.66;19.6;141;30.3;34.7;28.1;20.0;44023.17
0;2022-04-02;27.4;31.9;24.0;3.00;3.00;3.6;81;55;42641.01;17.0;116;31.9;37.8;27.5;8.0;44059.20
0;2022-04-03;25.8;31.6;22.8;21.10;21.10;1.9;83;65;40542.86;15.8;349;30.3;38.8;26.6;6.0;44095.17
0;2022-04-04;25.9;32.0;22.9;14.80;14.80;1.8;83;65;31571.04;11.5;348;30.6;38.3;26.1;6.0;44131.06
0;2022-04-05;26.3;31.0;23.5;22.70;22.70;1.9;84;65;32659.86;9.1;39;31.6;38.3;27.1;10.0;44166.84
0;2022-04-06;27.0;32.2;23.2;0.10;0.10;1.8;82;51;41006.11;15.3;300;32.3;38.9;28.1;1.0;44202.50
0;2022-04-07;26.6;30.0;23.6;0.20;0.20;2.4;85;51;22327.79;14.0;193;31.7;37.2;28.3;2.0;44238.00
0;2022-04-08;27.1;32.6;22.8;1.80;1.80;3.9;78;55;41522.73;16.7;244;31.3;37.8;26.9;4.0;44273.31
0;2022-04-09;27.2;31.9;23.3;0.80;0.80;1.1;79;51;43200.00;15.1;213;31.8;36.8;28.2;4.0;44308.42
0;2022-04-10;26.9;31.6;23.2;19.10;19.10;2.5;80;63;40390.93;14.2;173;31.5;37.3;26.1;15.0;44343.30
0;2022-04-11;27.2;30.5;24.1;2.40;2.40;4.4;81;53;39600.00;14.8;168;31.9;36.4;28.8;9.0;44377.92
0;2022-04-12;27.3;31.5;23.8;2.00;2.00;1.1;82;53;43200.00;13.5;172;32.5;38.4;28.2;6.0;44412.24
0;2022-04-13;28.2;32.7;24.7;0.80;0.80;0.5;81;53;43200.00;13.3;175;33.8;40.1;30.0;2.0;44446.27
0;2022-04-14;28.2;32.9;25.2;6.90;6.90;2.7;81;63;42839.24;13.0;162;34.0;41.2;30.4;4.0;44480.19
0;2022-04-15;27.3;31.5;24.2;14.50;14.50;3.8;85;65;26543.87;12.5;132;32.8;38.7;28.7;15.0;44514.12
0;2022-04-16;27.0;30.7;24.7;19.10;19.10;1.9;86;63;35569.32;15.3;128;32.4;37.3;29.5;14.0;44548.00
0;2022-04-17;27.8;31.7;24.8;1.00;1.00;5.4;81;53;40808.97;16.2;124;32.6;37.7;29.6;3.0;44581.83
0;2022-04-18;28.5;33.0;25.4;0.20;0.20;6.1;75;51;43200.00;15.3;113;33.0;38.1;29.8;2.0;44615.58
0;2022-04-19;28.5;32.9;24.7;0.10;0.10;2.9;75;51;43200.00;13.4;97;33.5;39.9;29.3;1.0;44649.23
0;2022-04-20;28.1;32.7;25.0;3.20;3.20;2.8;79;55;43049.07;18.3;98;33.3;39.9;29.8;4.0;44682.74
0;2022-04-21;28.8;33.9;25.1;2.90;2.90;5.4;74;61;43200.00;17.7;126;33.1;39.3;30.0;4.0;44716.10
0;2022-04-22;29.0;34.1;25.2;0.50;0.50;6.5;74;53;43200.00;14.0;127;33.6;39.1;30.0;1.0;44749.28
0;2022-04-23;29.1;35.2;25.8;0.70;0.70;1.8;76;53;42351.01;18.0;135;34.1;41.4;30.8;3.0;44782.25
0;2022-04-24;29.0;33.7;25.6;6.00;6.00;3.3;79;63;37388.02;19.9;130;34.6;40.3;31.6;6.0;44814.99
0;2022-04-25;29.0;33.4;26.2;2.10;2.10;6.4;78;61;42762.51;17.3;142;34.1;39.0;31.8;7.0;44847.46
0;2022-04-26;28.8;33.8;25.8;1.80;1.80;4.6;77;53;42471.21;10.4;166;34.1;39.9;31.5;5.0;44879.64
0;2022-04-27;30.0;35.5;25.3;0.00;0.00;1.3;73;3;43200.00;15.1;139;35.7;41.5;30.9;0.0;44911.51
0;2022-04-28;29.6;34.1;26.6;2.20;2.20;5.4;74;53;37323.34;21.8;146;34.3;39.1;31.7;9.0;44943.03
0;2022-04-29;25.6;27.1;24.1;32.60;32.60;0.7;87;63;5379.82;17.8;331;30.4;32.7;27.9;21.0;44974.17
0;2022-04-30;26.6;29.8;24.4;17.20;17.20;2.6;86;63;19155.30;17.2;135;31.5;34.6;29.4;15.0;45004.92
0;2022-05-01;26.9;30.7;25.1;10.60;10.60;4.5;87;63;31325.58;15.9;139;32.1;37.4;30.1;13.0;45035.23
0;2022-05-02;27.1;31.6;24.4;24.60;24.60;1.5;85;63;35077.19;15.3;140;32.4;38.6;29.6;17.0;45065.07
0;2022-05-03;26.2;29.6;24.0;16.10;16.10;1.4;87;63;19056.15;15.1;129;31.0;34.6;28.7;23.0;45094.42
0;2022-05-04;26.7;31.5;23.6;9.00;9.00;1.0;85;63;37481.99;12.8;342;32.2;39.4;28.3;11.0;45123.49
0;2022-05-05;27.5;32.0;23.9;3.90;3.90;2.2;83;61;42676.55;18.3;119;32.8;37.0;29.2;11.0;45152.33
0;2022-05-06;27.9;30.9;25.5;7.10;7.10;8.8;82;63;33032.80;18.2;126;32.5;36.5;29.7;5.0;45180.95
0;2022-05-07;28.2;32.5;25.6;6.40;6.40;6.6;78;63;39804.33;20.1;109;33.0;38.7;30.0;3.0;45209.30
0;2022-05-08;27.2;29.8;25.8;12.40;12.40;6.8;84;63;17930.03;18.4;124;31.6;34.2;29.9;12.0;45237.36
0;2022-05-09;28.3;32.1;26.1;3.70;3.70;7.0;81;61;35205.79;19.4;129;33.1;37.8;30.8;6.0;45265.11
0;2022-05-10;27.9;31.5;25.5;10.60;10.60;4.8;85;65;36483.29;13.4;127;33.5;38.1;30.9;7.0;45292.52
0;2022-05-11;28.4;32.1;25.4;5.00;5.00;1.9;85;63;43200.00;13.2;145;34.6;40.1;31.3;7.0;45319.56
0;2022-05-12;27.6;32.2;24.5;14.20;14.20;0.8;86;65;28907.45;12.3;183;33.6;39.2;29.6;11.0;45346.22
0;2022-05-13;28.4;33.1;25.6;3.50;3.50;1.3;85;63;36427.41;14.2;180;34.8;40.9;31.8;7.0;45372.44
0;2022-05-14;28.6;32.9;26.0;3.00;3.00;3.3;85;61;27893.92;13.4;170;35.0;40.1;32.1;10.0;45398.23
0;2022-05-15;28.8;33.2;25.0;16.30;16.30;3.3;83;65;37391.14;16.5;169;35.1;40.7;29.6;9.0;45423.54
0;2022-05-16;26.7;31.4;24.3;24.10;24.10;3.5;88;65;28267.37;12.3;201;32.4;38.9;28.8;19.0;45448.34
0;2022-05-17;26.7;30.7;24.5;7.50;7.50;1.9;87;63;11344.85;13.3;120;32.2;37.1;29.4;17.0;45472.61
0;2022-05-18;26.7;30.2;24.2;13.00;13.00;1.5;87;63;20481.32;16.6;149;32.2;36.2;29.5;17.0;45496.33
0;2022-05-19;26.4;30.3;24.1;36.60;36.60;0.5;89;65;18804.33;13.2;203;32.2;36.0;29.7;19.0;45519.45
0;2022-05-20;27.9;32.4;25.1;15.70;15.70;1.5;85;63;36000.00;12.2;252;33.9;39.5;30.9;10.0;45541.95
0;2022-05-21;27.7;31.8;24.9;4.20;4.20;3.0;86;61;31795.08;15.6;218;33.2;37.2;30.8;11.0;45563.80
0;2022-05-22;26.8;30.9;24.8;18.70;18.70;5.0;88;63;21415.95;18.8;220;31.8;35.5;29.7;17.0;45584.97
0;2022-05-23;26.6;29.5;24.5;2.60;2.60;5.4;88;53;25648.81;20.5;226;31.3;34.9;28.9;9.0;45605.44
0;2022-05-24;28.2;31.9;25.0;0.40;0.40;2.9;82;51;36941.85;13.6;235;33.6;38.0;30.2;4.0;45625.35
0;2022-05-25;28.1;32.5;25.2;6.70;6.70;2.3;84;63;32400.00;17.6;273;33.8;38.9;30.6;10.0;45644.76
0;2022-05-26;27.3;31.7;25.4;12.10;12.10;1.3;86;65;30798.46;13.4;296;33.0;39.0;30.3;10.0;45663.65
0;2022-05-27;26.6;31.3;24.8;36.80;36.80;0.7;88;65;17201.70;17.8;242;32.0;38.0;29.5;19.0;45682.02
0;2022-05-28;26.0;29.9;24.3;13.30;13.30;2.6;89;63;9176.54;21.9;230;30.4;34.6;28.4;10.0;45699.83
0;2022-05-29;26.5;30.1;24.2;6.90;6.90;4.7;88;63;22927.28;19.2;229;31.2;34.2;28.7;12.0;45717.08
0;2022-05-30;26.6;31.1;24.6;10.90;10.90;3.2;88;63;25754.29;12.8;220;32.1;37.1;29.6;9.0;45733.73
0;2022-05-31;27.5;32.1;24.1;12.20;12.20;1.5;86;65;36000.00;8.4;208;33.8;40.1;29.6;9.0;45749.78
0;2022-06-01;26.8;30.6;24.4;11.00;11.00;0.4;90;63;26252.22;12.8;128;32.5;37.2;29.3;11.0;45765.20
0;2022-06-02;26.8;32.3;24.1;20.40;20.40;2.5;86;65;29793.80;23.1;185;32.2;39.0;27.8;9.0;45779.97
0;2022-06-03;26.6;30.8;23.5;7.60;7.60;0.8;87;63;29082.90;16.6;206;32.0;37.0;28.7;10.0;45794.08
0;2022-06-04;26.5;30.7;24.3;16.80;16.80;1.1;87;65;32400.00;12.7;197;32.0;37.7;29.5;10.0;45807.51
0;2022-06-05;27.5;32.3;23.2;0.00;0.00;0.7;83;3;43200.00;15.9;239;32.8;38.0;28.2;0.0;45820.23
0;2022-06-06;27.8;32.2;24.5;2.90;2.90;0.7;84;55;42683.17;14.8;255;33.5;38.5;29.4;6.0;45832.24
0;2022-06-07;27.3;32.3;24.5;21.80;21.80;0.5;86;65;32400.00;9.2;314;33.4;40.3;30.2;12.0;45843.51
0;2022-06-08;27.8;32.6;24.3;2.10;2.10;1.0;82;61;43182.40;10.7;314;33.5;38.6;30.0;4.0;45854.02
0;2022-06-09;28.5;33.4;24.5;0.70;0.70;0.8;80;51;42782.55;11.6;275;34.6;41.3;30.2;4.0;45863.75
0;2022-06-10;27.0;31.9;23.8;23.00;23.00;1.1;87;65;30559.78;8.2;134;33.2;41.0;27.9;9.0;45872.69
0;2022-06-11;28.1;33.3;24.3;1.10;1.10;1.6;81;53;43093.16;10.9;233;34.0;39.9;29.9;4.0;45880.82
0;2022-06-12;27.1;31.5;24.2;6.30;6.30;1.0;86;63;37772.92;11.0;159;33.0;40.0;30.1;7.0;45888.11
0;2022-06-13;27.5;32.1;24.2;1.60;1.60;0.7;85;61;43141.14;10.7;197;33.5;40.2;29.9;3.0;45894.63
0;2022-06-14;28.1;31.8;24.6;1.00;1.00;0.8;82;53;43208.41;14.7;188;34.0;39.0;30.4;2.0;45900.39
0;2022-06-15;27.9;32.4;25.3;7.30;7.30;0.0;84;63;37416.01;15.5;183;34.1;40.6;31.1;8.0;45905.40
0;2022-06-16;27.7;32.1;24.6;2.90;2.90;1.0;84;61;34509.35;9.8;157;33.9;40.1;30.6;4.0;45909.65
0;2022-06-17;27.4;32.3;24.7;10.60;10.60;1.5;85;63;35294.37;18.7;73;33.5;40.4;30.2;9.0;45913.14
0;2022-06-18;27.8;32.6;24.0;9.10;9.10;2.1;83;65;39600.00;10.4;236;33.8;39.7;29.6;3.0;45915.89
0;2022-06-19;27.3;32.6;24.7;3.10;3.10;1.5;84;55;36796.59;22.0;230;33.0;39.9;29.2;7.0;45917.87
0;2022-06-20;27.3;32.1;24.0;10.90;10.90;0.0;87;65;34426.13;17.0;203;33.4;40.2;29.7;4.0;45919.10
0;2022-06-21;26.5;31.4;24.1;14.50;14.50;0.8;86;65;34323.97;16.2;187;31.8;38.6;28.0;11.0;45919.58
0;2022-06-22;26.9;31.6;24.5;33.40;33.40;1.5;87;65;31953.13;18.8;163;32.5;37.8;30.0;12.0;45919.30
0;2022-06-23;26.9;31.5;24.8;18.80;18.80;0.8;87;65;28891.53;21.3;150;32.6;39.8;29.6;10.0;45918.28
0;2022-06-24;26.6;31.2;23.9;9.60;9.60;1.9;88;63;33437.98;14.0;162;32.5;39.1;29.1;11.0;45916.50
0;2022-06-25;26.9;31.2;23.9;8.40;8.40;1.9;86;63;32400.00;12.8;158;32.5;37.6;29.1;7.0;45913.98
0;2022-06-26;27.4;31.7;24.7;11.10;11.10;0.8;85;65;32400.00;14.5;151;33.4;38.6;30.4;5.0;45910.72
0;2022-06-27;28.1;32.4;24.4;15.20;15.20;1.6;82;65;43200.00;11.3;220;34.1;39.0;29.6;7.0;45906.71
0;2022-06-28;26.4;31.1;24.1;17.60;17.60;1.1;87;63;23240.52;11.4;277;31.8;37.1;28.8;17.0;45901.97
0;2022-06-29;27.8;32.8;25.2;18.90;18.90;1.5;85;65;29066.15;21.0;260;33.7;38.6;30.2;6.0;45896.48
0;2022-06-30;27.1;30.3;25.6;17.80;17.80;7.8;87;63;18954.80;26.4;239;31.9;36.1;29.8;8.0;45890.27
0;2022-07-01;26.7;29.9;24.9;5.80;5.80;4.8;88;61;3358.93;17.1;230;31.6;34.4;29.7;5.0;45883.32
0;2022-07-02;26.9;30.6;25.0;10.70;10.70;5.9;88;63;22393.36;22.3;223;31.8;35.8;29.6;10.0;45875.65
0;2022-07-03;27.1;30.7;24.6;4.60;4.60;3.8;89;63;37939.28;21.5;231;32.8;37.4;30.2;9.0;45867.18
0;2022-07-04;27.4;31.8;24.7;6.70;6.70;3.3;87;63;35964.24;20.7;226;33.1;38.0;30.3;10.0;45857.89
0;2022-07-05;27.2;30.8;24.6;9.80;9.80;4.6;87;63;38866.89;17.7;230;32.6;36.6;29.6;8.0;45847.79
0;2022-07-06;27.2;31.2;25.1;15.20;15.20;1.4;88;65;36282.20;16.7;209;32.9;38.2;30.9;8.0;45836.91
0;2022-07-07;27.3;31.6;24.3;3.00;3.00;1.4;85;61;32400.00;21.3;241;32.3;37.6;28.7;11.0;45825.28
0;2022-07-08;26.5;29.9;24.9;16.70;16.70;0.8;90;63;19316.74;18.9;246;31.9;35.2;30.4;14.0;45812.90
0;2022-07-09;26.4;30.3;25.0;13.90;13.90;1.6;89;61;14657.81;18.1;252;31.7;34.5;30.1;21.0;45799.81
0;2022-07-10;26.2;30.7;24.4;27.00;27.00;4.1;87;63;25177.67;19.9;261;30.6;34.9;28.8;14.0;45786.01
0;2022-07-11;26.3;30.9;24.4;34.90;34.90;3.5;87;65;25200.00;19.2;270;30.9;35.5;28.4;9.0;45771.55
0;2022-07-12;25.8;28.8;24.4;21.20;21.20;1.5;90;63;12038.82;16.5;252;30.1;33.6;28.5;19.0;45756.42
0;2022-07-13;26.1;29.7;23.8;4.40;4.40;5.4;87;55;24846.13;20.4;252;30.0;34.1;27.3;10.0;45740.66
0;2022-07-14;26.8;31.2;23.9;9.30;9.30;5.8;84;61;37437.24;20.1;248;31.4;36.2;28.2;13.0;45724.29
0;2022-07-15;26.4;29.7;24.1;13.20;13.20;5.7;89;63;36334.76;16.6;232;31.4;34.8;28.5;9.0;45707.31
0;2022-07-16;27.1;32.0;24.4;8.80;8.80;3.4;87;65;39279.42;15.5;218;32.6;37.9;29.8;5.0;45689.77
0;2022-07-17;26.6;30.6;24.4;10.40;10.40;4.0;88;63;37521.79;14.0;215;31.8;36.3;29.6;8.0;45671.67
0;2022-07-18;27.2;31.4;24.0;6.80;6.80;2.7;85;63;42330.65;17.1;249;32.6;38.8;29.1;8.0;45653.04
0;2022-07-19;27.0;31.7;24.6;3.90;3.90;1.8;87;55;32037.77;19.4;235;32.5;37.7;30.2;7.0;45633.89
0;2022-07-20;26.2;30.1;25.0;14.40;14.40;3.4;90;63;17137.68;15.8;196;31.4;36.1;30.0;22.0;45614.25
0;2022-07-21;25.9;28.9;24.3;8.60;8.60;1.8;90;61;6650.39;16.6;170;31.0;33.6;29.6;13.0;45594.14
0;2022-07-22;27.7;33.0;23.4;0.00;0.00;0.4;80;3;42351.62;12.3;73;33.2;39.4;28.6;0.0;45573.57
0;2022-07-23;27.3;31.8;24.6;7.90;7.90;1.3;85;63;32400.00;15.5;101;33.4;39.4;30.2;6.0;45552.38
0;2022-07-24;28.0;32.4;24.7;0.40;0.40;2.6;81;51;43200.00;14.5;128;33.5;39.0;30.7;2.0;45530.51
0;2022-07-25;27.0;31.5;24.8;14.50;14.50;2.9;87;65;31907.00;18.6;117;32.8;39.2;29.0;8.0;45508.01
0;2022-07-26;27.1;30.8;25.3;9.40;9.40;2.3;87;63;26545.33;14.5;128;33.0;38.5;30.8;13.0;45484.89
0;2022-07-27;26.9;31.2;24.5;7.00;7.00;1.5;86;63;31882.32;10.4;166;32.7;37.9;30.2;5.0;45461.17
0;2022-07-28;27.3;31.5;23.9;2.60;2.60;1.5;86;61;43200.00;12.5;244;33.4;39.5;29.3;8.0;45436.91
0;2022-07-29;28.0;32.6;24.2;1.30;1.30;0.8;82;53;43200.00;13.9;230;33.6;38.5;30.2;3.0;45412.12
0;2022-07-30;27.7;32.0;25.1;3.80;3.80;1.1;84;63;34538.61;18.9;230;33.4;38.9;30.6;6.0;45386.83
0;2022-07-31;27.4;32.2;24.5;15.70;15.70;0.8;83;63;36518.61;14.1;233;32.6;38.4;29.2;16.0;45361.08
0;2022-08-01;26.6;31.3;23.9;22.10;22.10;0.5;87;63;22584.26;14.6;238;32.1;37.4;28.7;22.0;45334.89
0;2022-08-02;27.2;31.3;24.8;9.70;9.70;1.3;87;63;35661.97;14.6;215;33.1;38.4;30.5;12.0;45308.28
0;2022-08-03;26.6;30.4;24.3;8.10;8.10;2.3;88;63;22088.41;14.8;263;32.0;35.8;29.6;10.0;45281.29
0;2022-08-04;26.6;31.2;23.7;11.10;11.10;1.0;87;63;34448.53;14.9;271;32.2;38.6;29.2;11.0;45253.94
0;2022-08-05;26.8;31.6;24.5;13.20;13.20;2.3;86;63;36000.00;18.7;287;31.9;37.5;29.7;9.0;45226.26
0;2022-08-06;25.6;27.8;24.6;14.90;14.90;1.5;89;63;6577.95;20.5;239;30.2;32.5;29.2;12.0;45198.28
0;2022-08-07;26.1;29.3;24.3;12.90;12.90;4.1;87;63;13108.41;20.9;254;30.4;33.2;27.6;9.0;45170.02
0;2022-08-08;25.5;27.7;24.4;18.10;18.10;5.9;88;63;4407.69;20.5;258;29.8;32.6;27.8;14.0;45141.51
0;2022-08-09;25.9;30.0;24.1;11.90;11.90;5.7;87;63;30730.92;23.1;259;30.2;34.6;28.5;8.0;45112.77
0;2022-08-10;26.3;30.3;23.9;9.10;9.10;7.2;86;63;36000.00;21.7;236;30.4;35.5;27.2;8.0;45083.83
0;2022-08-11;26.1;30.3;24.0;12.20;12.20;2.5;87;63;22529.76;24.0;214;30.7;35.9;28.6;9.0;45054.71
0;2022-08-12;26.8;32.0;23.3;8.50;8.50;2.6;86;63;37068.74;20.8;205;32.4;39.0;28.1;6.0;45025.20
0;2022-08-13;28.1;32.8;23.8;0.10;0.10;1.1;78;51;41854.61;12.1;242;33.2;37.7;29.1;1.0;44995.24
0;2022-08-14;27.4;32.2;24.4;9.40;9.40;3.8;85;63;36000.00;10.7;255;33.2;39.8;29.6;9.0;44964.85
0;2022-08-15;26.6;29.2;24.4;4.60;4.60;0.4;88;53;11159.56;16.6;228;31.9;35.2;29.8;11.0;44934.06
0;2022-08-16;26.3;31.1;23.7;7.90;7.90;1.9;89;63;32849.74;17.9;221;31.6;36.6;29.0;7.0;44902.91
0;2022-08-17;27.0;31.3;23.8;2.70;2.70;3.0;87;61;39600.00;16.4;221;32.4;37.0;28.8;10.0;44871.41
0;2022-08-18;27.3;32.0;24.4;13.00;13.00;1.9;86;65;37946.20;17.1;248;33.1;38.9;29.5;8.0;44839.61
0;2022-08-19;27.1;31.3;24.5;2.40;2.40;1.1;87;53;36000.00;21.6;259;32.6;36.9;29.7;7.0;44807.51
0;2022-08-20;26.9;30.7;24.9;12.50;12.50;3.1;88;63;25096.65;17.9;239;32.2;35.9;29.9;12.0;44775.16
0;2022-08-21;26.9;31.5;24.6;8.00;8.00;4.2;87;63;34157.95;20.5;213;32.0;38.3;29.5;8.0;44742.58
0;2022-08-22;27.1;31.8;24.2;4.00;4.00;4.0;86;61;41650.17;13.6;230;32.7;39.1;29.3;8.0;44709.79
0;2022-08-23;26.7;31.2;24.2;15.50;15.50;1.1;88;63;27108.90;15.5;240;32.5;38.3;29.9;9.0;44676.81
0;2022-08-24;27.3;31.7;24.6;5.90;5.90;2.2;85;63;36518.33;14.8;246;32.8;37.7;29.6;10.0;44643.69
0;2022-08-25;26.5;31.2;24.7;13.10;13.10;3.4;88;63;19475.18;15.3;194;31.5;37.7;29.4;11.0;44610.42
0;2022-08-26;26.0;29.2;24.2;15.00;15.00;1.3;90;65;22778.49;14.1;175;31.2;34.2;29.5;12.0;44577.06
0;2022-08-27;26.8;31.7;23.4;18.50;18.50;1.8;86;65;40466.03;14.8;335;32.6;40.1;28.4;13.0;44543.61
0;2022-08-28;26.6;31.2;23.0;6.40;6.40;1.8;88;63;33149.28;8.7;359;32.4;39.3;27.9;5.0;44510.10
0;2022-08-29;27.1;31.3;23.7;8.80;8.80;4.6;85;63;42087.18;18.0;134;32.0;37.4;28.4;12.0;44476.55
0;2022-08-30;27.3;31.7;24.8;14.30;14.30;2.3;87;63;43200.00;15.9;92;33.1;39.9;30.1;12.0;44442.99
0;2022-08-31;26.9;31.9;23.9;12.60;12.60;0.4;86;63;32683.28;9.3;341;32.8;39.9;28.3;15.0;44409.43
0;2022-09-01;27.0;32.2;23.7;14.70;14.70;3.3;86;63;43189.64;8.9;351;33.0;41.1;29.0;8.0;44375.67
0;2022-09-02;27.2;32.1;24.2;10.60;10.60;1.0;86;63;32400.00;10.6;215;33.3;40.2;29.5;11.0;44341.64
0;2022-09-03;26.9;31.9;24.2;16.20;16.20;1.1;86;65;32400.00;15.0;221;32.6;38.7;29.5;10.0;44307.35
0;2022-09-04;26.5;31.3;23.9;9.50;9.50;1.1;87;63;35116.96;20.5;247;31.7;37.9;28.9;14.0;44272.82
0;2022-09-05;26.4;31.3;24.2;10.40;10.40;1.1;89;63;24610.16;22.9;243;31.8;37.6;29.2;7.0;44238.10
0;2022-09-06;26.2;30.3;24.3;14.80;14.80;0.4;89;63;24703.93;22.7;234;31.4;35.5;28.9;15.0;44203.19
0;2022-09-07;25.4;27.9;24.1;12.40;12.40;0.5;91;63;3680.30;12.7;237;30.6;32.6;28.8;20.0;44168.12
0;2022-09-08;26.4;31.3;23.7;2.90;2.90;5.8;85;61;32956.10;19.0;223;30.7;35.8;27.5;9.0;44132.92
0;2022-09-09;26.9;32.0;23.6;20.30;20.30;1.8;83;65;39600.00;12.5;249;32.1;38.3;28.6;11.0;44097.61
0;2022-09-10;26.3;30.4;24.0;4.70;4.70;1.5;88;61;33762.11;18.7;133;31.5;37.6;28.9;9.0;44062.21
0;2022-09-11;26.0;30.5;23.8;12.20;12.20;2.6;88;63;21735.35;16.7;132;31.1;37.3;28.9;11.0;44026.75
0;2022-09-12;26.1;30.3;24.2;15.60;15.60;0.4;88;63;25736.99;15.3;151;31.5;37.5;29.5;12.0;43991.24
0;2022-09-13;26.8;31.0;23.5;3.10;3.10;0.7;87;55;41553.13;15.9;200;32.5;38.9;28.9;9.0;43955.72
0;2022-09-14;26.7;31.5;24.3;8.30;8.30;3.3;86;63;36181.00;17.7;228;31.8;38.2;29.3;8.0;43920.20
0;2022-09-15;26.2;30.7;23.6;14.80;14.80;3.4;88;65;28063.42;20.7;239;31.2;36.0;28.3;12.0;43884.70
0;2022-09-16;26.3;30.8;24.1;12.40;12.40;1.3;88;65;21493.72;17.3;235;31.5;37.7;28.9;12.0;43849.24
0;2022-09-17;26.5;31.0;24.2;17.80;17.80;1.6;87;65;27454.38;16.2;249;31.8;37.5;29.2;9.0;43813.86
0;2022-09-18;26.5;31.2;23.8;9.20;9.20;0.4;87;63;32505.94;15.8;282;31.7;37.1;28.8;13.0;43778.57
0;2022-09-19;26.4;30.1;23.9;12.20;12.20;2.9;87;63;31329.59;17.7;270;31.3;35.6;28.8;11.0;43743.38
0;2022-09-20;26.2;31.0;23.9;14.00;14.00;3.3;87;65;28800.00;16.3;256;31.2;37.0;29.1;10.0;43708.32
0;2022-09-21;26.0;29.9;23.9;7.10;7.10;3.3;88;61;32118.69;16.8;233;31.0;36.2;28.3;15.0;43673.19
0;2022-09-22;26.1;30.5;23.9;13.60;13.60;4.4;88;65;20515.08;17.7;214;30.8;36.0;28.0;15.0;43637.87
0;2022-09-23;26.8;30.6;24.0;5.10;5.10;2.4;85;63;35284.24;14.0;213;32.0;36.2;29.3;7.0;43602.42
0;2022-09-24;26.8;31.3;24.3;19.40;19.40;2.5;87;63;33905.38;17.7;225;32.4;38.5;29.3;7.0;43566.85
0;2022-09-25;26.4;31.3;24.0;20.40;20.40;1.4;87;63;26879.86;15.7;205;32.0;37.7;29.0;15.0;43531.18
0;2022-09-26;26.0;31.1;24.2;29.10;29.10;0.7;90;63;18991.41;21.5;280;31.7;37.5;28.9;20.0;43495.44
0;2022-09-27;25.6;29.3;23.5;16.90;16.90;4.6;88;65;17326.16;19.2;272;29.7;32.6;28.1;15.0;43459.65
0;2022-09-28;25.7;29.3;24.3;11.00;11.00;13.3;89;63;4658.14;22.5;242;29.2;32.8;27.8;12.0;43423.83
0;2022-09-29;26.0;29.7;23.7;7.80;7.80;7.3;88;63;18712.56;20.0;213;30.0;34.3;27.0;10.0;43388.01
0;2022-09-30;26.5;29.8;23.7;2.90;2.90;4.7;87;53;24946.03;16.6;211;31.3;34.9;28.2;14.0;43352.22
0;2022-10-01;26.1;29.5;24.8;26.50;26.50;2.6;90;63;12472.18;15.1;187;31.6;35.1;30.1;23.0;43316.47
0;2022-10-02;26.0;28.3;23.8;20.70;20.70;1.8;89;65;17239.72;13.3;127;31.2;33.2;28.8;9.0;43280.79
0;2022-10-03;26.6;30.0;24.0;3.80;3.80;4.3;86;61;31492.85;19.3;125;31.2;35.5;28.9;6.0;43245.20
0;2022-10-04;26.8;30.0;23.4;5.00;5.00;4.6;85;61;33343.61;10.5;56;31.9;36.9;27.6;10.0;43209.73
0;2022-10-05;26.0;30.2;24.1;15.50;15.50;3.9;89;65;25200.00;22.2;124;30.8;35.8;28.7;11.0;43174.40
0;2022-10-06;26.0;29.5;23.7;4.30;4.30;2.2;89;61;25415.88;14.7;103;31.1;35.0;28.6;7.0;43139.23
0;2022-10-07;26.7;31.1;23.2;13.70;13.70;2.8;85;63;39666.12;13.6;84;32.0;37.8;27.6;7.0;43104.26
0;2022-10-08;25.2;27.5;23.5;7.10;7.10;2.4;91;61;27.70;8.8;267;30.2;32.4;28.2;17.0;43069.49
0;2022-10-09;25.9;29.9;23.3;14.20;14.20;1.5;87;63;18108.11;11.3;74;30.9;35.5;28.1;17.0;43034.96
0;2022-10-10;25.7;29.2;23.6;6.70;6.70;2.2;87;63;11766.08;10.1;73;30.3;33.9;27.9;11.0;43000.69
0;2022-10-11;26.2;30.9;23.3;6.70;6.70;3.1;86;61;31989.26;9.4;321;31.2;36.7;27.9;8.0;42966.45
0;2022-10-12;26.3;30.8;23.6;9.90;9.90;2.8;86;63;25496.45;11.6;357;31.3;38.2;27.6;12.0;42932.14
0;2022-10-13;27.0;31.7;23.0;0.40;0.40;4.4;79;51;33871.32;18.4;330;31.1;36.1;26.9;1.0;42897.79
0;2022-10-14;26.4;30.0;23.8;0.40;0.40;5.3;82;51;32539.09;18.4;325;30.4;34.3;27.7;2.0;42863.42
0;2022-10-15;25.7;30.0;22.2;0.00;0.00;3.6;79;3;40512.74;12.1;311;29.3;35.0;25.8;0.0;42829.09
0;2022-10-16;26.0;31.0;21.3;0.00;0.00;5.5;79;3;40529.89;11.3;311;30.1;36.6;24.2;0.0;42794.78
0;2022-10-17;27.2;31.6;23.1;3.40;3.40;2.5;79;55;40309.66;11.7;319;31.8;36.6;27.3;5.0;42760.55
0;2022-10-18;26.0;30.4;23.3;16.40;16.40;1.0;87;63;36000.00;15.5;176;31.4;37.8;27.4;13.0;42726.42
0;2022-10-19;25.7;29.7;24.1;28.30;28.30;2.2;88;63;24512.82;15.6;155;30.6;35.4;28.9;19.0;42692.41
0;2022-10-20;25.8;28.6;24.2;9.40;9.40;3.2;88;63;29813.36;19.6;130;30.1;32.8;28.6;13.0;42658.55
0;2022-10-21;26.7;30.8;24.1;6.20;6.20;2.4;85;63;39659.33;17.2;98;31.9;37.5;28.6;6.0;42624.88
0;2022-10-22;26.6;30.5;23.6;12.50;12.50;4.8;87;63;31064.81;13.0;312;31.9;37.6;28.2;7.0;42591.42
0;2022-10-23;26.4;30.7;23.8;20.50;20.50;1.8;86;63;33913.02;10.4;314;31.8;37.3;28.9;14.0;42558.19
0;2022-10-24;26.6;31.3;24.1;9.60;9.60;2.6;88;63;36000.00;11.6;268;32.2;38.5;28.9;15.0;42525.24
0;2022-10-25;26.8;30.8;23.6;10.40;10.40;2.5;85;63;36000.00;17.7;337;32.0;37.3;28.3;10.0;42492.58
0;2022-10-26;26.4;30.5;24.2;20.30;20.30;1.8;89;65;32400.00;11.3;144;32.1;38.1;28.9;12.0;42460.25
0;2022-10-27;25.8;29.9;23.9;15.50;15.50;0.8;90;65;18934.55;13.0;338;31.1;37.0;29.0;14.0;42428.28
0;2022-10-28;26.2;29.8;23.4;3.10;3.10;0.8;87;53;22986.70;9.7;290;31.5;35.6;27.9;12.0;42396.70
0;2022-10-29;26.5;31.5;22.7;5.30;5.30;2.5;82;63;32400.00;11.9;15;31.4;38.6;25.1;4.0;42365.54
0;2022-10-30;27.0;31.1;24.1;0.80;0.80;0.0;82;53;39600.00;12.1;8;32.0;37.4;28.0;3.0;42334.82
0;2022-10-31;27.0;31.7;22.4;0.00;0.00;0.8;75;3;39600.00;13.4;349;31.0;35.9;25.3;0.0;42304.31
0;2022-11-01;26.8;30.9;23.8;0.30;0.30;1.5;82;51;39600.00;12.7;112;31.7;36.4;28.7;3.0;42273.90
0;2022-11-02;25.8;29.6;23.1;2.00;2.00;2.3;85;53;39600.00;14.0;151;30.4;36.2;27.6;8.0;42243.62
0;2022-11-03;25.3;28.9;23.7;13.60;13.60;2.2;87;63;6929.52;12.3;114;29.7;33.8;28.0;13.0;42213.51
0;2022-11-04;25.5;29.9;23.5;11.80;11.80;1.0;88;63;30833.69;13.4;96;30.6;36.5;28.5;10.0;42183.60
0;2022-11-05;26.2;30.6;23.0;2.00;2.00;1.8;84;61;39600.00;11.9;56;30.9;36.4;27.7;4.0;42153.92
0;2022-11-06;26.2;30.9;22.7;6.50;6.50;0.5;86;63;36000.00;12.6;11;31.3;37.5;26.3;3.0;42124.49
0;2022-11-07;26.6;31.0;23.3;2.40;2.40;0.4;84;61;39600.98;8.0;266;31.9;37.7;28.1;6.0;42095.35
0;2022-11-08;27.3;32.2;23.4;0.10;0.10;3.1;82;51;39600.00;12.1;12;32.4;37.3;28.3;1.0;42066.54
0;2022-11-09;27.5;31.7;24.0;0.30;0.30;1.0;82;51;39613.78;10.4;165;32.9;38.3;29.3;3.0;42038.08
0;2022-11-10;27.4;31.5;24.1;6.40;6.40;1.0;85;63;36716.65;13.1;42;33.5;38.5;29.3;2.0;42010.01
0;2022-11-11;26.8;31.8;24.0;6.50;6.50;2.5;87;63;32279.41;21.2;114;32.4;39.9;29.0;3.0;41982.36
0;2022-11-12;26.3;30.7;24.1;12.10;12.10;1.8;88;63;24034.22;15.3;276;31.7;37.7;29.2;9.0;41955.17
0;2022-11-13;26.7;30.7;23.4;1.90;1.90;1.8;85;61;34013.41;20.7;104;31.3;34.4;28.4;5.0;41928.46
0;2022-11-14;27.0;31.0;23.7;4.10;4.10;3.3;85;63;36000.00;14.3;111;32.4;38.3;28.6;4.0;41902.29
0;2022-11-15;27.1;31.0;23.6;1.10;1.10;3.0;84;55;39600.00;12.4;106;32.4;37.4;28.5;2.0;41876.67
0;2022-11-16;27.4;31.9;23.9;0.40;0.40;0.4;83;51;39600.00;12.5;97;32.6;38.2;28.8;3.0;41851.65
0;2022-11-17;27.4;31.8;23.9;6.30;6.30;1.8;84;63;38573.27;17.5;109;33.0;37.8;29.4;3.0;41827.27
0;2022-11-18;26.5;31.4;23.6;12.10;12.10;1.5;87;63;35331.33;14.8;337;31.8;39.5;27.8;8.0;41803.55
0;2022-11-19;24.9;26.9;23.5;8.20;8.20;6.0;90;63;0.00;14.9;344;28.9;30.9;27.8;15.0;41780.54
0;2022-11-20;24.7;25.9;23.4;31.50;31.50;4.2;92;63;0.00;11.6;341;29.1;30.8;27.0;19.0;41758.01
0;2022-11-21;25.7;28.9;23.1;7.50;7.50;3.3;89;63;7910.03;7.4;304;30.7;34.1;27.7;12.0;41735.87
0;2022-11-22;25.5;27.3;23.5;5.00;5.00;2.2;92;61;6188.89;11.6;189;30.7;33.0;28.4;13.0;41714.15
0;2022-11-23;25.9;28.8;24.3;11.40;11.40;6.2;89;63;30938.51;21.9;140;30.1;32.6;28.8;12.0;41692.88
0;2022-11-24;25.8;29.0;24.2;11.70;11.70;7.3;89;63;33720.68;20.9;125;29.8;33.6;28.4;12.0;41672.08
0;2022-11-25;26.3;30.6;23.7;5.20;5.20;6.2;87;63;36905.92;15.1;127;31.0;36.6;28.0;5.0;41651.79
0;2022-11-26;25.6;29.8;23.7;2.40;2.40;2.9;89;55;30593.10;16.4;85;30.7;36.0;28.5;6.0;41632.02
0;2022-11-27;26.5;30.1;23.8;1.50;1.50;1.1;87;53;32400.00;15.3;114;31.7;36.2;28.6;7.0;41612.81
0;2022-11-28;26.9;30.6;23.8;2.90;2.90;4.2;85;61;39600.00;14.5;119;31.9;36.1;28.9;8.0;41594.18
0;2022-11-29;27.3;31.4;24.4;0.20;0.20;2.2;80;51;39620.27;12.2;96;32.3;36.4;29.5;2.0;41576.17
0;2022-11-30;26.9;31.0;22.5;1.10;1.10;1.3;82;51;39600.00;9.0;54;32.0;37.1;26.7;4.0;41558.80
0;2022-12-01;27.6;31.9;23.2;0.30;0.30;2.9;81;51;39600.00;8.2;42;32.9;37.5;28.0;2.0;41542.10
0;2022-12-02;27.0;30.4;23.9;0.60;0.60;1.4;79;51;26396.86;17.6;84;31.1;34.6;28.0;3.0;41526.10
0;2022-12-03;26.2;30.3;23.8;5.30;5.30;3.8;82;61;25542.35;16.1;90;30.2;33.6;28.3;9.0;41510.82
0;2022-12-04;26.7;30.8;23.3;1.70;1.70;2.7;84;53;32939.66;14.8;79;31.8;35.0;28.2;7.0;41496.30
0;2022-12-05;27.0;31.3;23.7;3.40;3.40;2.6;84;61;35887.36;12.9;87;32.4;37.8;28.4;5.0;41482.56
0;2022-12-06;26.7;31.3;23.3;8.40;8.40;2.1;84;65;39442.13;7.9;9;32.0;37.4;28.1;6.0;41469.63
0;2022-12-07;26.0;30.0;23.3;3.10;3.10;2.3;87;61;25025.67;12.5;22;31.1;36.4;27.3;7.0;41457.54
0;2022-12-08;26.9;31.1;23.1;0.20;0.20;1.3;82;51;39604.84;13.7;69;32.0;36.8;27.4;2.0;41446.34
0;2022-12-09;26.3;30.9;23.2;7.90;7.90;2.3;85;63;37370.77;12.0;355;31.4;35.9;28.1;4.0;41436.01
0;2022-12-10;26.2;30.9;22.9;0.00;0.00;0.7;83;3;39525.81;15.5;183;31.0;37.1;27.5;0.0;41426.49
0;2022-12-11;26.3;30.2;23.3;0.10;0.10;2.5;80;51;39484.64;12.3;110;30.8;35.7;27.6;1.0;41417.68
0;2022-12-12;25.7;30.3;21.9;0.00;0.00;4.0;77;3;39697.93;15.9;69;29.3;33.8;25.3;0.0;41409.63
0;2022-12-13;24.7;29.5;20.3;0.00;0.00;1.5;75;3;39910.58;12.7;342;27.8;34.6;21.2;0.0;41402.33
0;2022-12-14;25.0;29.8;20.8;0.30;0.30;1.3;80;51;39866.71;9.3;333;28.9;33.7;24.6;3.0;41395.78
0;2022-12-15;25.9;30.6;20.9;0.10;0.10;3.4;75;51;39566.03;8.8;336;29.5;34.9;22.8;1.0;41389.99
0;2022-12-16;26.8;31.5;22.4;0.00;0.00;2.3;80;3;37776.44;11.2;69;31.4;36.1;26.9;0.0;41384.97
0;2022-12-17;26.8;31.3;23.0;0.00;0.00;2.3;77;3;25043.78;15.5;41;30.8;35.6;26.6;0.0;41380.72
0;2022-12-18;26.6;30.9;23.5;0.00;0.00;14.7;59;3;39172.44;25.4;22;26.6;30.8;22.9;0.0;41377.25
0;2022-12-19;25.5;31.1;20.9;0.00;0.00;2.4;64;3;39639.05;16.8;22;27.1;33.4;20.9;0.0;41374.57
0;2022-12-20;25.9;31.1;20.7;0.00;0.00;2.9;67;3;39849.37;11.8;349;28.7;35.1;22.2;0.0;41372.68
0;2022-12-21;26.7;31.8;22.1;0.00;0.00;1.1;73;3;38115.01;13.8;52;30.4;36.7;24.2;0.0;41371.58
0;2022-12-22;26.6;31.9;22.0;0.00;0.00;4.3;72;3;40014.08;15.8;331;29.9;34.8;25.6;0.0;41371.29
0;2022-12-23;25.5;30.8;20.3;0.00;0.00;1.8;63;3;40481.87;14.7;30;27.2;32.0;21.4;0.0;41371.80
0;2022-12-24;24.8;30.4;18.6;0.00;0.00;5.4;56;3;36870.76;13.1;346;25.4;31.8;18.9;0.0;41373.11
0;2022-12-25;25.2;31.0;19.1;0.00;0.00;4.8;55;3;39591.99;11.4;349;26.1;32.9;18.9;0.0;41375.25
0;2022-12-26;25.1;30.7;19.1;0.00;0.00;2.9;61;3;38837.70;12.9;41;26.8;33.0;19.5;0.0;41378.20
0;2022-12-27;25.8;31.1;21.1;0.00;0.00;1.5;63;3;36212.79;10.1;353;27.9;33.5;22.4;0.0;41381.97
0;2022-12-28;26.2;32.2;20.5;0.00;0.00;0.8;68;3;40264.43;14.6;12;28.5;34.1;23.5;0.0;41386.56
0;2022-12-29;26.7;32.5;21.3;0.00;0.00;0.8;67;3;38913.13;11.9;338;29.4;33.9;24.9;0.0;41391.98
0;2022-12-30;26.2;29.3;23.1;1.10;1.10;1.3;70;51;28890.32;16.1;14;29.3;32.3;24.3;7.0;41398.29
0;2022-12-31;26.2;31.4;21.6;0.10;0.10;5.6;54;51;27805.86;13.9;357;27.1;33.7;22.2;1.0;41405.49
0;2023-01-01;25.9;29.5;22.0;0.60;0.60;5.4;62;51;33422.99;13.8;356;27.5;31.2;22.7;3.0;41413.57
0;2023-01-02;26.5;32.4;22.4;2.30;2.30;0.4;72;53;35305.33;12.6;2;29.9;35.9;26.1;7.0;41422.51
0;2023-01-03;26.7;32.3;22.9;0.20;0.20;1.1;78;51;32261.73;17.2;22;30.6;36.0;25.9;1.0;41432.28
0;2023-01-04;26.9;31.7;23.2;0.30;0.30;6.2;66;51;17198.61;20.5;12;28.8;33.5;25.2;2.0;41442.87
0;2023-01-05;24.5;26.9;22.7;3.50;3.50;11.9;75;53;0.00;19.3;1;25.9;28.5;23.6;10.0;41454.24
0;2023-01-06;23.9;28.1;20.9;20.30;20.30;8.5;77;63;17258.90;18.9;357;25.4;29.6;22.0;13.0;41466.39
0;2023-01-07;23.7;27.7;21.4;27.10;27.10;10.1;80;63;10387.75;19.6;350;25.6;29.0;23.0;12.0;41479.28
0;2023-01-08;23.7;27.1;20.8;0.50;0.50;2.1;84;51;6980.76;9.3;325;27.0;30.7;23.1;2.0;41492.90
0;2023-01-09;24.8;27.7;23.0;17.00;17.00;1.8;89;63;23987.11;11.5;88;29.2;32.8;27.3;18.0;41507.21
0;2023-01-10;24.5;26.3;23.0;14.20;14.20;5.2;88;63;9033.81;18.7;113;27.8;29.8;26.9;14.0;41522.21
0;2023-01-11;25.5;28.7;23.3;0.70;0.70;4.5;82;51;37735.26;18.7;128;28.7;32.3;26.1;5.0;41537.86
0;2023-01-12;25.5;28.6;23.1;3.80;3.80;6.8;84;61;37361.38;14.1;140;29.3;32.6;27.0;6.0;41554.16
0;2023-01-13;26.0;29.9;22.6;2.30;2.30;0.7;86;61;37989.33;8.8;164;31.1;36.4;26.9;7.0;41571.07
0;2023-01-14;26.8;31.2;23.0;0.20;0.20;1.1;83;51;40285.28;9.3;260;31.9;36.9;28.3;2.0;41588.57
0;2023-01-15;26.5;30.9;22.8;0.00;0.00;2.7;82;3;33190.26;12.0;301;31.0;35.1;27.6;0.0;41606.64
0;2023-01-16;26.5;30.5;23.2;0.30;0.30;1.1;80;51;40603.56;13.8;101;30.7;34.4;27.7;3.0;41625.27
0;2023-01-17;25.6;30.3;21.3;0.10;0.10;0.4;80;51;39442.64;14.5;339;29.6;34.5;25.0;1.0;41644.42
0;2023-01-18;25.3;30.1;20.4;0.00;0.00;1.5;75;3;40159.73;11.9;341;28.6;34.0;22.0;0.0;41664.08
0;2023-01-19;25.8;30.6;21.8;0.00;0.00;1.3;71;3;34328.08;12.3;16;28.8;35.0;23.2;0.0;41684.45
0;2023-01-20;26.4;31.1;21.8;0.00;0.00;2.9;75;3;38632.42;9.9;1;30.1;34.9;24.0;0.0;41705.60
0;2023-01-21;27.0;31.7;22.1;0.10;0.10;1.1;72;51;40744.60;11.0;16;31.1;36.9;23.9;1.0;41727.48
0;2023-01-22;27.1;31.5;23.2;0.30;0.30;2.3;79;51;37093.76;10.7;76;31.6;35.9;27.8;2.0;41750.08
0;2023-01-23;27.4;32.5;23.1;0.40;0.40;1.1;77;51;40545.04;12.9;121;31.9;36.8;27.9;2.0;41773.33
0;2023-01-24;27.4;32.5;23.3;0.60;0.60;2.5;74;53;39803.95;10.8;47;31.7;37.7;27.5;2.0;41797.22
0;2023-01-25;26.2;32.1;22.2;0.00;0.00;2.9;62;3;37538.33;18.4;31;27.8;33.2;23.3;0.0;41821.70
0;2023-01-26;26.4;32.3;21.4;0.00;0.00;4.7;62;3;39123.41;10.1;6;28.6;34.9;22.6;0.0;41846.74
0;2023-01-27;26.5;32.3;21.9;1.80;1.80;1.1;75;55;29356.48;16.9;69;30.5;37.2;25.9;3.0;41872.31
0;2023-01-28;27.1;32.3;23.2;0.00;0.00;2.6;55;3;34549.76;16.2;30;28.5;35.0;24.0;0.0;41898.37
0;2023-01-29;25.6;31.0;21.6;0.00;0.00;1.5;57;3;32174.56;9.7;349;26.9;32.8;22.0;0.0;41924.89
0;2023-01-30;25.3;31.4;20.4;0.00;0.00;1.6;59;3;40941.52;12.0;357;26.7;35.0;20.1;0.0;41951.83
0;2023-01-31;26.3;32.4;20.8;0.00;0.00;1.0;69;3;40958.55;18.4;171;29.3;36.3;23.6;0.0;41979.17
0;2023-02-01;27.1;32.0;22.9;1.40;1.40;1.8;69;53;29335.00;12.3;303;30.5;35.5;26.6;5.0;42006.87
0;2023-02-02;27.9;33.6;23.9;1.40;1.40;0.7;71;53;40743.66;17.4;115;31.4;36.4;28.9;4.0;42034.89
0;2023-02-03;28.7;34.8;24.2;0.00;0.00;4.3;63;3;40512.49;18.8;105;31.3;36.3;28.4;0.0;42063.20
0;2023-02-04;28.4;34.7;23.2;0.30;0.30;5.2;62;51;40770.92;17.8;98;30.8;36.8;26.7;2.0;42091.78
0;2023-02-05;28.0;34.4;23.0;0.00;0.00;6.2;62;3;40782.84;18.0;108;30.4;36.5;26.0;0.0;42120.59
0;2023-02-06;27.8;34.7;22.6;0.00;0.00;5.2;64;3;41526.12;20.8;130;30.3;37.1;25.5;0.0;42149.60
0;2023-02-07;27.7;34.0;23.5;0.90;0.90;6.0;68;53;41046.97;20.1;136;30.7;37.5;26.7;4.0;42178.79
0;2023-02-08;28.0;34.4;23.5;0.70;0.70;4.4;69;51;41541.77;16.6;115;31.4;37.5;27.6;3.0;42208.41
0;2023-02-09;28.3;33.8;24.1;0.10;0.10;9.2;65;51;41547.70;18.0;118;30.6;36.4;27.3;1.0;42238.56
0;2023-02-10;27.9;35.2;22.8;0.00;0.00;8.1;63;3;41849.45;23.8;122;29.8;37.1;24.8;0.0;42269.20
0;2023-02-11;27.7;35.4;22.7;0.00;0.00;4.1;69;3;41798.26;22.0;135;30.8;38.0;26.2;0.0;42300.28
0;2023-02-12;28.0;35.0;23.4;0.20;0.20;2.6;69;51;40106.79;22.6;139;31.4;38.3;27.8;1.0;42331.79
0;2023-02-13;27.6;33.7;23.5;0.00;0.00;3.9;74;3;40351.86;20.7;144;31.3;37.4;28.0;0.0;42363.69
0;2023-02-14;27.1;33.4;23.0;0.00;0.00;4.2;75;3;32247.75;22.6;124;30.7;37.2;27.6;0.0;42395.94
0;2023-02-15;28.0;33.7;23.4;0.10;0.10;3.0;63;51;39461.52;15.0;95;30.6;35.7;27.3;1.0;42428.51
0;2023-02-16;27.4;33.5;21.1;0.00;0.00;1.9;59;3;38054.35;15.6;70;29.8;36.0;22.6;0.0;42461.37
0;2023-02-17;27.8;34.0;22.7;0.80;0.80;5.0;59;53;40458.64;15.0;77;30.1;37.0;24.9;2.0;42494.48
0;2023-02-18;27.1;31.6;24.2;0.00;0.00;2.1;68;3;30387.96;14.5;76;30.4;35.7;27.5;0.0;42527.83
0;2023-02-19;27.4;33.6;24.4;1.90;1.90;0.7;72;51;39168.29;16.7;172;31.4;37.5;28.6;10.0;42561.37
0;2023-02-20;26.6;31.2;23.2;3.70;3.70;4.1;72;63;35922.15;18.9;299;29.7;33.3;27.0;3.0;42595.07
0;2023-02-21;27.3;33.5;22.0;0.00;0.00;0.8;66;3;42212.06;19.5;115;30.3;36.0;25.5;0.0;42628.90
0;2023-02-22;27.3;32.9;22.5;0.10;0.10;1.3;65;51;41770.69;18.2;86;30.2;36.0;25.5;1.0;42662.85
0;2023-02-23;27.5;33.6;22.3;0.10;0.10;2.3;66;51;42280.56;17.5;85;30.5;36.8;25.8;1.0;42696.86
0;2023-02-24;27.4;33.7;22.6;0.00;0.00;3.1;68;3;42232.58;19.6;103;30.5;36.9;26.7;0.0;42730.92
0;2023-02-25;27.1;33.3;21.9;0.00;0.00;2.2;61;3;38624.23;15.5;49;29.6;36.1;25.1;0.0;42765.00
0;2023-02-26;27.7;35.0;21.8;0.00;0.00;7.1;51;3;42383.56;14.9;31;28.6;35.9;22.3;0.0;42799.06
0;2023-02-27;27.7;34.5;22.4;0.00;0.00;6.2;55;3;40545.13;17.4;50;29.2;36.5;23.1;0.0;42833.09
0;2023-02-28;28.0;34.5;23.4;0.30;0.30;1.8;61;51;38563.84;16.9;55;30.5;35.3;25.4;3.0;42867.34
0;2023-03-01;28.1;33.4;24.0;0.00;0.00;1.8;67;3;36954.59;15.0;123;31.7;36.7;28.7;0.0;42901.88
0;2023-03-02;28.5;34.4;23.7;0.00;0.00;3.6;61;3;41692.56;15.5;108;31.6;38.7;27.3;0.0;42936.71
0;2023-03-03;27.7;34.2;22.5;0.00;0.00;0.0;59;3;42543.75;16.6;171;30.5;37.3;24.5;0.0;42971.80
0;2023-03-04;27.3;33.3;22.2;0.00;0.00;3.3;56;3;41158.46;17.3;101;29.3;34.9;23.9;0.0;43007.10
0;2023-03-05;26.7;32.3;21.6;0.00;0.00;2.6;57;3;42605.47;13.2;78;28.7;34.9;23.9;0.0;43042.61
0;2023-03-06;26.6;33.0;21.2;0.00;0.00;1.6;58;3;42637.36;23.3;137;28.4;36.2;22.3;0.0;43078.30
0;2023-03-07;26.8;33.7;21.6;0.00;0.00;1.0;61;2;42669.83;18.9;98;28.7;35.7;25.0;0.0;43114.12
0;2023-03-08;27.1;34.2;22.2;0.00;0.00;1.8;60;3;42702.83;20.7;110;29.3;37.0;24.8;0.0;43150.07
0;2023-03-09;26.8;34.2;21.6;0.00;0.00;2.6;60;0;42736.28;23.6;121;28.6;36.6;23.8;0.0;43186.12
0;2023-03-10;26.5;34.0;21.4;0.00;0.00;1.1;66;0;42770.10;21.2;130;29.1;37.3;24.8;0.0;43222.23
0;2023-03-11;27.0;34.7;22.2;0.00;0.00;5.2;66;3;42804.23;21.8;123;29.4;37.4;25.3;0.0;43258.39
0;2023-03-12;26.8;33.2;22.3;0.10;0.10;2.6;65;51;40247.05;19.9;125;28.9;36.5;25.0;1.0;43294.56
0;2023-03-13;27.5;34.3;22.6;0.00;0.00;1.5;59;3;42873.14;22.5;100;29.8;36.9;23.9;0.0;43330.73
0;2023-03-14;27.3;34.2;22.3;0.00;0.00;0.5;59;3;42907.78;24.0;122;29.2;36.1;24.2;0.0;43366.87
0;2023-03-15;27.6;35.7;22.4;0.00;0.00;6.8;61;3;42942.43;27.2;126;29.3;37.6;24.4;0.0;43402.94
0;2023-03-16;28.3;35.5;23.4;0.00;0.00;6.0;59;3;42977.05;20.8;122;30.1;37.3;25.7;0.0;43438.94
0;2023-03-17;28.3;35.6;23.3;0.20;0.20;5.4;63;51;43011.55;20.8;128;31.0;39.1;26.7;2.0;43474.81
0;2023-03-18;28.3;35.2;24.0;0.00;0.00;5.4;63;3;42168.51;23.9;140;30.5;37.8;26.9;0.0;43510.56
0;2023-03-19;28.9;37.0;24.1;0.00;0.00;7.5;62;3;43079.95;28.3;138;31.3;39.6;26.9;0.0;43546.15
0;2023-03-20;28.5;34.8;24.4;0.50;0.50;8.5;68;53;40231.26;19.2;145;31.5;38.4;28.2;1.0;43581.81
0;2023-03-21;28.7;35.4;24.5;0.00;0.00;6.7;70;3;43148.94;17.7;139;32.4;39.5;28.9;0.0;43617.64
0;2023-03-22;28.8;35.7;24.7;0.00;0.00;6.8;70;3;43184.21;19.8;149;32.4;39.3;29.0;0.0;43653.61
0;2023-03-23;28.9;35.0;25.0;0.30;0.30;4.1;70;51;39600.00;16.8;155;32.7;38.2;29.6;3.0;43689.69
0;2023-03-24;29.0;36.4;24.0;0.00;0.00;4.0;70;3;43200.00;20.7;148;33.0;40.4;28.9;0.0;43725.86
0;2023-03-25;28.5;34.1;25.3;0.10;0.10;5.6;70;51;40716.82;20.0;145;31.7;37.0;29.4;1.0;43762.11
0;2023-03-26;28.6;35.8;23.3;0.00;0.00;1.1;72;3;43200.00;18.8;154;32.8;39.7;28.4;0.0;43798.40
0;2023-03-27;29.4;35.8;25.0;0.00;0.00;6.9;69;3;43200.00;22.4;143;33.0;39.8;29.8;0.0;43834.72
0;2023-03-28;29.5;35.9;25.8;2.10;2.10;8.5;70;61;43200.00;21.7;129;33.0;39.9;30.5;2.0;43871.03
0;2023-03-29;29.3;35.2;24.9;0.00;0.00;4.0;65;3;43200.00;18.5;131;32.9;39.3;29.4;0.0;43907.32
0;2023-03-30;29.0;34.8;25.0;0.50;0.50;3.3;68;51;43200.00;19.7;138;32.7;39.7;30.0;2.0;43943.56
0;2023-03-31;29.0;34.4;25.5;0.10;0.10;6.9;68;51;43200.00;17.3;141;32.6;38.2;30.3;1.0;43979.73
0;2023-04-01;28.7;34.3;24.7;0.00;0.00;6.5;71;3;40935.09;21.8;140;32.3;38.5;29.4;0.0;44015.80
0;2023-04-02;28.7;35.0;23.7;0.10;0.10;4.7;72;51;43200.00;19.6;144;32.7;39.0;28.4;1.0;44051.75
0;2023-04-03;28.5;34.0;25.7;7.70;7.70;0.7;73;63;43200.00;20.8;143;32.9;39.5;30.6;9.0;44087.55
0;2023-04-04;28.8;34.5;25.0;1.50;1.50;4.0;75;53;43200.00;17.2;141;33.4;40.2;30.7;2.0;44123.18
0;2023-04-05;29.2;34.3;25.5;0.50;0.50;6.8;71;51;43200.00;18.7;149;33.4;39.3;30.2;5.0;44158.62
0;2023-04-06;29.5;35.2;25.4;1.00;1.00;4.3;72;53;43200.00;19.3;142;34.1;40.0;31.3;2.0;44193.82
0;2023-04-07;30.0;35.4;26.4;0.00;0.00;6.1;67;3;43200.00;19.7;139;33.6;38.6;31.5;0.0;44228.79
0;2023-04-08;30.3;36.3;25.3;0.00;0.00;7.3;63;2;43200.00;19.7;122;33.5;38.5;30.1;0.0;44263.48
0;2023-04-09;30.5;36.9;26.1;0.70;0.70;0.8;65;53;43200.00;17.5;132;34.7;40.9;31.6;2.0;44298.11
0;2023-04-10;29.5;35.4;25.9;2.80;2.80;2.4;71;55;41923.66;20.3;147;34.4;41.8;31.3;5.0;44332.78
0;2023-04-11;29.3;33.6;26.4;6.10;6.10;2.5;73;63;42248.63;14.3;140;34.0;39.8;31.4;5.0;44367.46
0;2023-04-12;29.5;34.9;25.9;0.60;0.60;3.1;75;51;43200.00;17.2;149;34.7;40.3;32.0;3.0;44402.13
0;2023-04-13;29.6;34.6;25.9;3.00;3.00;3.0;73;61;43200.00;16.8;147;34.6;39.7;30.8;5.0;44436.76
0;2023-04-14;29.5;35.0;24.2;4.70;4.70;3.7;73;61;43200.00;17.5;149;34.2;41.1;28.4;10.0;44471.32
0;2023-04-15;28.5;33.8;25.3;39.50;39.50;4.4;77;65;41931.06;15.6;152;33.3;40.2;29.8;17.0;44505.80
0;2023-04-16;28.1;32.1;25.3;7.20;7.20;5.4;81;63;28553.70;14.8;137;33.1;37.6;30.1;7.0;44540.18
0;2023-04-17;28.8;33.3;25.7;0.10;0.10;5.9;78;51;43200.00;20.9;140;33.7;38.0;30.9;1.0;44574.40
0;2023-04-18;29.1;33.3;26.1;0.50;0.50;5.8;76;51;43200.00;17.9;144;33.9;38.4;31.6;4.0;44608.48
0;2023-04-19;29.4;34.3;24.9;0.70;0.70;4.1;76;51;43200.00;15.9;159;34.6;40.5;30.7;6.0;44642.36
0;2023-04-20;30.8;36.4;26.4;0.20;0.20;5.5;69;51;43200.00;20.9;206;35.6;41.2;32.3;1.0;44676.03
0;2023-04-21;30.6;36.6;26.4;1.40;1.40;4.0;70;53;39452.49;12.4;184;35.8;42.3;32.2;3.0;44709.45
0;2023-04-22;30.6;36.3;26.6;0.30;0.30;5.0;71;51;43200.00;18.7;161;35.6;40.9;31.5;2.0;44742.61
0;2023-04-23;30.7;36.1;26.8;0.30;0.30;8.6;68;51;43200.00;19.5;139;34.9;39.6;32.5;3.0;44775.47
0;2023-04-24;30.9;37.5;25.8;0.20;0.20;3.3;66;51;42352.59;13.2;95;35.4;41.0;31.3;1.0;44808.00
0;2023-04-25;31.1;37.7;26.8;0.80;0.80;8.7;66;53;43200.00;22.3;123;35.1;41.4;31.9;2.0;44840.18
0;2023-04-26;31.0;36.3;26.8;0.00;0.00;4.8;62;3;43200.00;18.1;109;35.0;40.6;31.8;0.0;44871.98
0;2023-04-27;31.0;37.5;26.6;0.30;0.30;4.0;64;51;43200.00;22.8;114;35.2;41.0;32.3;2.0;44903.37
0;2023-04-28;31.3;37.4;27.0;1.20;1.20;5.0;62;53;43200.00;16.0;115;35.3;41.5;31.9;3.0;44934.31
0;2023-04-29;30.9;36.8;27.2;2.70;2.70;2.9;65;61;43200.00;18.9;127;35.2;41.0;32.4;4.0;44965.03
0;2023-04-30;29.8;34.9;26.0;2.30;2.30;6.9;72;53;40724.11;18.5;126;34.6;40.3;30.7;5.0;44995.59
0;2023-05-01;30.7;36.9;26.5;0.30;0.30;6.1;64;51;43200.00;16.6;113;34.7;40.6;31.6;1.0;45025.98
0;2023-05-02;31.1;37.5;26.7;2.20;2.20;5.8;60;61;43200.00;19.6;103;34.8;42.0;31.1;3.0;45056.17
0;2023-05-03;31.4;37.0;27.6;1.50;1.50;7.2;63;53;43200.00;17.8;122;35.6;41.8;32.0;4.0;45086.13
0;2023-05-04;31.3;37.2;27.6;0.00;0.00;5.2;65;3;43200.00;20.2;138;35.5;41.5;32.9;0.0;45115.84
0;2023-05-05;31.8;36.8;27.1;0.20;0.20;3.1;63;51;43200.00;12.8;205;36.7;42.6;32.6;2.0;45145.27
0;2023-05-06;32.2;37.9;27.5;0.00;0.00;2.6;63;3;43200.00;16.9;214;37.1;43.6;33.0;0.0;45174.40
0;2023-05-07;31.8;36.7;28.2;1.30;1.30;5.6;65;53;43200.00;19.1;218;36.7;41.6;33.8;4.0;45203.20
0;2023-05-08;29.3;35.7;26.6;18.30;18.30;2.0;77;65;25200.00;15.4;193;35.0;41.7;31.7;8.0;45231.63
0;2023-05-09;27.6;32.2;25.9;16.30;16.30;1.5;86;65;21777.76;18.8;112;33.8;41.1;30.9;13.0;45259.69
0;2023-05-10;28.3;31.6;25.7;7.90;7.90;3.9;84;63;43200.00;15.2;148;34.1;38.5;31.6;6.0;45287.31
0;2023-05-11;28.7;31.9;26.0;8.30;8.30;2.3;82;63;34821.40;10.9;138;34.6;39.3;31.2;12.0;45314.50
0;2023-05-12;28.5;32.0;26.3;3.10;3.10;2.2;82;53;32358.04;15.0;145;34.3;38.5;31.5;12.0;45341.22
0;2023-05-13;29.1;32.9;26.1;4.80;4.80;3.6;81;63;43200.00;12.0;139;35.2;40.1;32.1;7.0;45367.43
0;2023-05-14;28.5;33.2;25.6;3.70;3.70;2.6;81;61;43200.00;17.3;164;34.0;39.5;31.0;10.0;45393.11
0;2023-05-15;29.0;33.8;25.7;0.80;0.80;1.8;80;51;43200.00;13.0;152;35.2;41.7;31.9;5.0;45418.23
0;2023-05-16;29.2;34.2;26.5;5.00;5.00;0.4;80;61;41832.58;15.5;217;35.4;39.4;32.9;8.0;45442.75
0;2023-05-17;28.7;33.8;26.2;11.10;11.10;1.6;82;63;35357.39;11.3;236;34.9;41.0;32.3;8.0;45466.64
0;2023-05-18;28.5;34.0;26.2;11.10;11.10;3.1;83;63;34351.57;19.3;240;34.5;41.0;31.7;9.0;45489.89
0;2023-05-19;29.4;34.6;25.7;0.30;0.30;3.3;78;51;43200.00;18.0;233;35.2;40.9;31.2;3.0;45512.65
0;2023-05-20;28.6;32.7;26.4;4.90;4.90;4.7;82;63;30874.90;21.3;191;34.2;40.2;29.7;10.0;45534.99
0;2023-05-21;27.9;31.9;26.1;8.30;8.30;2.3;86;63;32220.94;18.4;174;33.7;39.0;32.1;9.0;45556.90
0;2023-05-22;27.6;33.6;25.0;13.90;13.90;1.5;86;65;29370.23;13.4;209;33.7;40.9;30.2;13.0;45578.34
0;2023-05-23;27.8;32.8;25.1;13.00;13.00;1.1;85;65;32851.60;14.9;238;33.7;39.3;31.0;11.0;45599.30
0;2023-05-24;28.1;32.6;25.6;7.40;7.40;1.5;85;63;34547.92;16.4;220;34.0;38.6;31.3;9.0;45619.76
0;2023-05-25;27.4;31.1;24.4;9.80;9.80;0.5;86;63;37892.81;16.4;211;33.0;37.4;28.8;6.0;45639.69
0;2023-05-26;27.4;30.8;25.3;10.80;10.80;2.5;86;63;28778.60;15.6;203;33.0;36.2;30.9;8.0;45659.08
0;2023-05-27;26.3;30.5;24.2;35.90;35.90;1.1;88;65;22862.43;15.8;219;31.7;36.0;28.9;16.0;45677.89
0;2023-05-28;26.7;30.3;24.3;20.30;20.30;0.7;88;65;38427.86;15.0;218;32.4;36.7;29.2;15.0;45696.12
0;2023-05-29;27.1;31.6;24.5;11.60;11.60;2.3;87;63;26968.57;15.6;214;32.5;37.5;30.1;10.0;45713.73
0;2023-05-30;27.1;30.6;25.2;8.80;8.80;2.9;88;63;21511.67;21.6;236;32.6;35.9;30.9;11.0;45730.70
0;2023-05-31;27.7;31.7;25.9;4.90;4.90;6.3;86;61;28960.19;23.0;239;33.0;38.0;31.0;9.0;45747.02
0;2023-06-01;27.4;31.3;25.3;12.20;12.20;2.6;87;63;26253.07;23.5;242;32.6;36.9;29.9;10.0;45762.65
0;2023-06-02;27.9;31.1;25.8;8.30;8.30;4.1;87;63;31777.04;20.4;232;33.6;36.8;31.3;10.0;45777.58
0;2023-06-03;28.1;32.8;25.6;6.30;6.30;1.0;87;63;38467.95;18.3;257;34.3;39.3;31.3;7.0;45791.78
0;2023-06-04;27.5;32.2;25.6;13.70;13.70;0.4;87;63;29431.97;17.7;286;33.5;39.5;30.3;17.0;45805.24
0;2023-06-05;26.7;31.3;25.2;28.40;28.40;0.7;89;65;15863.16;14.8;274;32.5;36.9;30.7;22.0;45817.91
0;2023-06-06;27.2;30.9;25.0;19.10;19.10;1.5;87;63;31869.25;22.9;250;32.7;36.7;30.5;15.0;45829.80
0;2023-06-07;26.6;28.5;25.0;6.80;6.80;3.3;89;61;144.41;17.1;232;31.8;33.5;29.9;16.0;45840.87
0;2023-06-08;27.4;30.0;25.1;2.30;2.30;5.2;87;53;24397.72;16.7;252;32.6;35.3;30.6;8.0;45851.21
0;2023-06-09;27.6;31.1;25.3;7.30;7.30;3.9;84;63;28800.00;19.1;255;32.6;36.2;30.0;15.0;45860.83
0;2023-06-10;27.2;31.6;25.0;15.00;15.00;5.0;88;65;24509.47;14.1;247;32.6;38.9;29.9;9.0;45869.77
0;2023-06-11;28.0;31.9;25.5;1.20;1.20;7.4;81;51;38016.17;23.5;245;32.4;36.7;30.4;6.0;45877.99
0;2023-06-12;27.1;31.5;25.3;12.00;12.00;5.5;86;63;25897.49;26.1;222;32.3;37.3;30.4;15.0;45885.48
0;2023-06-13;27.3;30.9;24.4;1.10;1.10;3.4;85;53;32063.74;14.5;233;32.5;35.3;29.8;4.0;45892.26
0;2023-06-14;27.8;31.7;25.5;14.00;14.00;1.8;85;63;35815.61;20.9;231;33.4;38.3;30.9;5.0;45898.31
0;2023-06-15;28.3;33.1;24.6;7.70;7.70;0.5;82;63;39520.99;15.8;274;34.1;38.7;30.0;3.0;45903.62
0;2023-06-16;27.8;32.2;25.2;12.50;12.50;2.1;87;65;34398.50;17.7;232;33.8;39.6;30.5;11.0;45908.21
0;2023-06-17;27.2;31.7;25.2;14.40;14.40;0.4;88;63;21737.34;9.2;220;33.3;38.9;30.9;13.0;45912.04
0;2023-06-18;26.9;31.6;24.9;11.00;11.00;2.1;85;63;38731.03;19.5;252;32.2;38.1;29.2;8.0;45915.13
0;2023-06-19;27.5;32.1;24.0;14.80;14.80;0.8;84;65;38557.44;19.7;253;33.4;38.9;29.3;5.0;45917.46
0;2023-06-20;28.2;32.6;25.4;5.10;5.10;1.0;83;63;39644.08;16.0;245;33.9;39.4;30.3;6.0;45919.04
0;2023-06-21;27.7;31.2;24.9;7.40;7.40;1.8;86;63;32984.42;11.2;250;33.5;38.4;30.3;10.0;45919.86
0;2023-06-22;27.7;31.9;24.9;4.70;4.70;2.2;83;61;33354.41;13.2;267;33.4;38.4;30.1;11.0;45919.92
0;2023-06-23;28.5;33.2;25.6;7.70;7.70;1.3;83;63;38370.92;10.7;257;34.8;40.4;31.8;6.0;45919.22
0;2023-06-24;28.0;32.5;25.7;4.40;4.40;2.0;86;53;43200.00;12.7;229;34.3;39.9;31.6;12.0;45917.74
0;2023-06-25;27.1;31.8;25.0;7.30;7.30;0.5;89;63;28800.00;16.5;214;33.3;40.0;29.8;9.0;45915.49
0;2023-06-26;27.5;32.6;24.6;0.30;0.30;1.8;86;51;40338.01;17.4;246;33.6;40.9;30.4;3.0;45912.47
0;2023-06-27;27.3;31.7;24.0;10.20;10.20;1.1;86;63;32810.99;11.2;329;33.4;39.6;29.6;12.0;45908.67
0;2023-06-28;27.3;31.4;25.1;6.60;6.60;0.8;87;63;25932.88;12.1;201;33.3;38.3;30.9;13.0;45904.06
0;2023-06-29;27.7;32.1;25.1;14.30;14.30;1.5;86;65;29976.67;15.9;211;33.6;38.9;30.8;12.0;45898.61
0;2023-06-30;27.8;31.7;25.6;10.40;10.40;0.7;86;61;36713.66;19.5;207;33.7;38.4;31.2;13.0;45892.35
0;2023-07-01;27.2;31.7;25.4;16.00;16.00;4.4;87;63;19993.33;18.8;199;32.4;37.1;30.0;16.0;45885.30
0;2023-07-02;26.7;29.8;24.9;17.20;17.20;3.0;87;65;21215.69;15.9;192;31.8;35.1;30.0;21.0;45877.47
0;2023-07-03;27.1;31.9;24.4;8.10;8.10;2.4;86;63;36182.70;17.6;286;32.5;37.4;30.1;7.0;45868.87
0;2023-07-04;27.9;32.4;24.2;0.00;0.00;3.0;81;3;34846.09;12.9;345;33.3;38.2;29.4;0.0;45859.52
0;2023-07-05;27.1;31.6;24.6;19.30;19.30;1.6;87;63;33487.34;10.8;25;32.9;40.1;29.3;13.0;45849.44
0;2023-07-06;27.0;32.1;23.8;30.50;30.50;0.4;88;65;36000.00;15.0;352;33.2;40.5;28.9;12.0;45838.64
0;2023-07-07;27.9;31.6;24.6;2.30;2.30;1.5;83;61;41390.45;16.6;137;33.5;38.6;30.3;5.0;45827.15
0;2023-07-08;27.5;30.2;25.5;12.50;12.50;1.8;85;63;29358.34;17.3;161;33.0;35.9;31.1;15.0;45814.98
0;2023-07-09;26.8;30.6;25.0;7.40;7.40;0.8;88;63;23970.07;14.1;164;32.3;36.9;29.9;11.0;45802.13
0;2023-07-10;27.7;32.0;24.4;2.50;2.50;0.8;84;61;39600.00;13.4;191;33.5;38.5;30.1;5.0;45788.64
0;2023-07-11;28.2;32.5;24.7;3.00;3.00;0.8;82;55;42666.45;18.8;259;34.2;39.8;30.4;5.0;45774.52
0;2023-07-12;28.1;32.0;24.1;2.50;2.50;0.8;84;55;36000.00;11.0;282;34.3;39.1;28.3;5.0;45759.78
0;2023-07-13;27.4;31.6;25.2;21.50;21.50;2.4;89;65;32033.85;12.3;250;33.6;39.6;31.1;14.0;45744.44
0;2023-07-14;26.9;31.6;24.8;30.00;30.00;1.8;87;63;39740.93;17.6;267;32.3;38.7;29.6;15.0;45728.53
0;2023-07-15;27.2;30.1;25.1;12.50;12.50;0.7;87;63;22330.46;18.0;248;32.5;35.1;30.6;13.0;45712.05
0;2023-07-16;27.4;30.9;26.0;8.00;8.00;11.2;84;63;23997.29;26.9;244;31.4;35.2;29.7;9.0;45695.01
0;2023-07-17;26.7;29.9;25.3;13.40;13.40;14.8;86;63;21171.02;28.1;244;30.0;33.5;28.3;17.0;45677.45
0;2023-07-18;26.6;29.7;24.9;18.80;18.80;11.0;88;65;25600.61;27.9;235;30.6;34.4;28.2;10.0;45659.20
0;2023-07-19;26.8;31.0;25.1;14.30;14.30;8.9;87;65;31644.73;21.9;243;31.3;37.4;29.2;12.0;45640.23
0;2023-07-20;26.2;28.9;24.7;13.40;13.40;5.6;89;63;15026.34;16.8;261;30.9;34.1;29.1;19.0;45620.56
0;2023-07-21;26.5;29.9;24.9;16.20;16.20;5.2;88;63;24701.70;12.9;245;31.5;36.4;29.8;15.0;45600.23
0;2023-07-22;26.0;29.1;24.1;12.60;12.60;4.2;90;63;20662.25;15.5;225;30.9;34.8;29.0;15.0;45579.25
0;2023-07-23;26.3;30.4;24.5;14.60;14.60;3.5;89;65;23821.13;19.4;219;31.0;35.0;29.2;14.0;45557.66
0;2023-07-24;26.4;30.8;24.3;18.80;18.80;5.5;89;65;20991.46;19.4;227;31.4;36.5;29.2;12.0;45535.49
0;2023-07-25;26.8;31.2;24.6;10.70;10.70;5.9;88;63;27000.79;22.6;239;31.4;35.4;29.4;13.0;45512.76
0;2023-07-26;27.1;30.9;25.0;14.80;14.80;4.1;87;63;37057.01;23.1;246;32.2;36.2;30.1;14.0;45489.51
0;2023-07-27;26.8;30.3;25.6;24.80;24.80;9.8;89;65;18387.69;21.3;242;31.1;36.1;29.7;15.0;45465.75
0;2023-07-28;27.2;31.3;25.3;18.00;18.00;2.0;87;63;32985.08;23.2;238;31.6;36.8;29.4;15.0;45441.53
0;2023-07-29;27.0;29.5;24.9;11.20;11.20;10.5;87;63;17023.41;24.5;233;31.2;33.7;29.0;11.0;45416.85
0;2023-07-30;27.0;30.0;24.8;9.70;9.70;5.6;87;63;19227.88;22.7;228;31.6;34.6;28.6;18.0;45391.75
0;2023-07-31;27.2;31.1;24.9;8.00;8.00;6.7;86;63;26341.81;22.8;240;32.1;37.1;29.0;10.0;45366.26
0;2023-08-01;27.0;30.9;25.4;17.20;17.20;1.8;88;65;19168.29;18.7;249;32.2;36.9;30.5;13.0;45340.41
0;2023-08-02;27.3;31.5;25.3;12.70;12.70;4.1;86;63;32289.41;24.2;256;32.5;36.8;30.7;8.0;45314.22
0;2023-08-03;27.4;31.0;25.4;17.50;17.50;8.0;85;63;30820.70;23.4;232;32.0;36.6;29.8;11.0;45287.70
0;2023-08-04;27.5;31.9;25.0;5.60;5.60;7.2;85;63;33327.98;21.0;227;32.7;38.7;29.8;6.0;45260.90
0;2023-08-05;27.6;31.7;24.8;6.40;6.40;5.6;85;63;43200.00;21.5;235;32.8;37.8;29.9;7.0;45233.82
0;2023-08-06;28.0;32.8;24.3;8.70;8.70;8.1;82;63;43200.00;20.7;240;32.8;38.4;29.0;6.0;45206.50
0;2023-08-07;28.2;32.0;25.2;2.20;2.20;6.6;82;55;43200.00;21.0;243;33.2;37.5;29.9;5.0;45178.73
0;2023-08-08;27.8;31.7;25.2;2.30;2.30;5.5;83;61;38312.20;19.6;241;32.9;37.5;30.3;4.0;45150.46
0;2023-08-09;28.2;31.7;25.0;1.60;1.60;7.7;82;55;39756.24;16.9;246;33.3;37.7;30.0;3.0;45121.70
0;2023-08-10;28.2;32.4;25.3;1.30;1.30;5.9;82;53;43200.00;19.5;249;33.5;39.5;30.5;7.0;45092.49
0;2023-08-11;28.1;31.4;25.7;2.10;2.10;6.9;83;53;43200.00;21.6;245;33.1;37.2;30.4;8.0;45062.85
0;2023-08-12;27.6;31.3;25.2;11.70;11.70;2.7;85;63;42021.50;18.0;236;33.1;37.3;30.0;9.0;45032.82
0;2023-08-13;27.5;30.6;25.3;5.40;5.40;4.8;86;61;39543.81;17.0;230;32.6;35.8;30.2;7.0;45002.43
0;2023-08-14;27.5;31.8;25.2;4.80;4.80;4.4;86;63;40799.79;18.0;226;32.7;37.6;30.0;7.0;44971.70
0;2023-08-15;27.5;31.5;24.4;8.90;8.90;7.1;84;63;35944.08;18.3;229;32.4;37.0;28.9;10.0;44940.67
0;2023-08-16;27.4;31.8;24.7;10.40;10.40;3.6;85;63;34353.79;18.1;239;32.6;38.5;28.6;9.0;44909.35
0;2023-08-17;27.5;31.0;25.1;6.00;6.00;1.5;86;63;43200.00;23.3;247;32.9;37.0;29.9;12.0;44877.77
0;2023-08-18;26.9;31.3;24.4;8.30;8.30;1.9;88;63;33835.52;18.6;266;32.5;38.0;29.9;15.0;44845.97
0;2023-08-19;26.5;31.4;25.0;27.80;27.80;1.1;90;65;26922.63;16.3;253;32.0;38.4;29.1;14.0;44813.97
0;2023-08-20;26.5;30.3;25.1;21.30;21.30;4.3;88;65;20361.01;18.9;220;31.4;35.3;30.0;15.0;44781.79
0;2023-08-21;27.2;31.7;24.6;8.80;8.80;2.1;86;63;36000.00;17.8;200;32.5;37.9;29.7;8.0;44749.46
0;2023-08-22;27.3;31.8;24.4;4.50;4.50;0.8;86;63;38909.81;21.2;238;33.0;38.9;29.7;7.0;44717.00
0;2023-08-23;28.2;32.4;24.8;0.90;0.90;2.5;80;53;43200.00;16.6;248;33.2;37.1;30.3;2.0;44684.44
0;2023-08-24;28.1;32.4;24.5;0.80;0.80;5.4;79;51;43200.00;15.9;239;32.9;37.1;29.4;6.0;44651.80
0;2023-08-25;28.4;32.9;24.8;1.40;1.40;2.5;81;53;43200.00;11.2;249;34.1;39.6;30.6;6.0;44619.11
0;2023-08-26;27.7;32.0;25.6;32.00;32.00;2.9;85;65;32400.00;14.2;252;33.4;39.9;31.2;14.0;44586.39
0;2023-08-27;27.0;31.8;24.9;38.30;38.30;2.7;87;65;25200.00;18.2;269;32.3;38.2;28.6;19.0;44553.42
0;2023-08-28;27.1;31.9;25.2;21.50;21.50;6.6;88;65;26394.67;19.6;243;32.4;39.2;30.2;14.0;44520.12
0;2023-08-29;27.1;31.7;24.9;22.30;22.30;1.5;87;63;30051.20;19.8;244;32.1;37.2;29.1;16.0;44486.55
0;2023-08-30;27.0;31.0;24.3;8.80;8.80;2.2;88;63;40365.06;20.2;243;32.5;36.3;29.7;18.0;44452.70
0;2023-08-31;26.9;30.2;25.1;19.90;19.90;2.0;89;63;26685.90;24.1;239;32.1;34.9;30.3;17.0;44418.61
0;2023-09-01;26.5;30.4;24.9;20.50;20.50;4.8;90;65;16816.62;19.2;242;31.3;34.8;29.4;19.0;44384.30
0;2023-09-02;26.7;29.1;25.0;11.40;11.40;11.2;88;63;19100.42;23.9;242;30.8;33.6;29.2;16.0;44349.81
0;2023-09-03;27.0;30.6;25.0;13.50;13.50;8.0;87;63;32029.55;20.5;233;31.6;34.9;29.4;10.0;44315.14
0;2023-09-04;26.8;30.1;24.7;12.70;12.70;7.3;88;63;25762.42;25.3;228;31.2;35.5;28.9;10.0;44280.33
0;2023-09-05;26.8;30.5;24.6;21.60;21.60;6.8;89;63;28835.77;20.5;229;31.5;36.4;29.1;17.0;44245.40
0;2023-09-06;27.0;30.2;24.6;5.80;5.80;3.2;87;63;7241.44;12.0;266;32.3;35.8;29.2;8.0;44210.38
0;2023-09-07;27.2;31.3;24.6;11.90;11.90;4.1;89;63;29676.18;14.2;239;33.0;38.8;29.9;11.0;44175.28
0;2023-09-08;27.0;31.8;24.3;5.70;5.70;1.1;88;61;31024.83;16.9;216;32.8;39.0;29.4;11.0;44140.13
0;2023-09-09;26.7;31.1;24.4;10.80;10.80;5.4;88;63;24799.61;14.2;201;32.0;38.7;29.7;14.0;44104.95
0;2023-09-10;26.5;30.6;24.6;14.50;14.50;5.4;89;63;23620.02;19.9;213;31.3;35.0;29.3;18.0;44069.76
0;2023-09-11;27.4;31.4;24.2;4.80;4.80;3.8;84;63;27543.20;18.4;247;32.3;36.5;29.0;9.0;44034.60
0;2023-09-12;26.7;30.7;23.9;5.80;5.80;3.6;86;61;36025.12;19.0;240;31.7;35.7;28.5;8.0;43999.46
0;2023-09-13;26.9;31.4;24.8;9.70;9.70;1.3;86;63;34508.17;21.0;258;32.2;37.7;29.4;10.0;43964.39
0;2023-09-14;26.5;31.0;24.8;15.10;15.10;1.5;89;65;29188.58;13.8;254;32.1;37.6;30.2;20.0;43929.40
0;2023-09-15;26.4;29.6;24.8;18.30;18.30;4.3;87;63;17971.40;21.7;236;30.8;34.4;29.0;17.0;43894.51
0;2023-09-16;26.4;30.3;24.1;8.00;8.00;3.7;88;63;28726.80;16.8;200;31.5;36.0;29.3;9.0;43859.51
0;2023-09-17;26.7;31.5;24.1;23.20;23.20;1.6;88;65;32544.90;13.6;212;32.4;39.4;29.4;10.0;43824.31
0;2023-09-18;27.1;31.6;23.9;8.50;8.50;0.5;86;65;36000.00;9.1;256;33.1;38.7;29.2;5.0;43788.95
0;2023-09-19;27.2;32.0;24.6;14.40;14.40;2.8;87;63;32400.00;12.0;13;33.1;39.4;30.0;12.0;43753.44
0;2023-09-20;27.3;31.7;24.5;18.00;18.00;1.1;86;65;38413.20;10.9;114;33.1;38.8;29.3;9.0;43717.81
0;2023-09-21;26.4;30.2;23.9;34.30;34.30;0.7;89;65;23905.23;16.3;121;31.9;37.2;29.3;17.0;43682.08
0;2023-09-22;26.9;31.0;23.9;24.00;24.00;2.1;87;65;32400.00;11.2;118;32.7;38.7;29.1;15.0;43646.28
0;2023-09-23;26.2;30.3;23.9;4.40;4.40;1.0;89;63;27390.85;19.3;199;31.6;37.0;28.5;9.0;43610.42
0;2023-09-24;26.5;30.5;24.5;24.40;24.40;0.5;89;63;33267.43;13.7;257;32.2;36.9;29.8;18.0;43574.54
0;2023-09-25;26.4;30.3;24.3;8.50;8.50;4.7;88;61;28760.99;19.5;245;31.0;35.0;29.5;16.0;43538.64
0;2023-09-26;26.0;28.6;24.7;21.20;21.20;5.8;90;65;17380.02;22.4;224;30.4;32.7;29.0;13.0;43502.77
0;2023-09-27;26.2;30.1;24.2;23.20;23.20;0.5;89;65;21904.63;16.6;225;31.1;34.9;28.8;17.0;43466.93
0;2023-09-28;26.5;30.9;23.7;10.00;10.00;0.8;90;65;25200.00;13.3;255;32.2;37.9;29.0;13.0;43431.16
0;2023-09-29;27.4;31.8;24.2;28.80;28.80;2.7;86;65;37701.02;15.2;291;33.0;37.7;29.0;10.0;43395.47
0;2023-09-30;26.5;30.6;24.0;14.00;14.00;4.0;85;63;23899.18;23.2;315;30.6;33.8;27.8;11.0;43359.89
0;2023-10-01;26.6;31.6;23.7;32.60;32.60;1.1;88;65;25200.00;16.6;319;32.1;38.2;28.2;19.0;43324.44
0;2023-10-02;25.8;28.7;23.9;34.10;34.10;3.2;91;63;11989.86;15.6;292;30.8;34.2;28.8;24.0;43289.14
0;2023-10-03;26.4;30.9;23.6;10.90;10.90;2.3;87;63;27155.73;16.5;235;31.6;36.7;28.3;18.0;43254.02
0;2023-10-04;27.2;31.2;24.2;2.30;2.30;4.6;86;53;32400.00;17.1;210;32.5;35.8;29.5;10.0;43219.10
0;2023-10-05;26.9;31.5;24.4;8.00;8.00;0.5;88;63;34320.36;14.1;205;32.7;39.0;30.0;11.0;43184.39
0;2023-10-06;27.4;31.9;24.8;9.80;9.80;0.7;87;63;28291.87;12.2;217;33.3;39.1;30.7;10.0;43149.67
0;2023-10-07;27.1;31.7;25.0;14.10;14.10;2.8;88;63;27402.65;15.6;269;33.0;39.5;29.5;14.0;43114.87
0;2023-10-08;27.4;32.5;25.0;16.10;16.10;1.8;85;65;38507.65;15.0;315;33.4;39.2;30.4;4.0;43079.99
0;2023-10-09;27.6;31.8;24.3;0.70;0.70;3.4;82;51;32625.15;16.5;328;32.7;37.1;29.4;3.0;43045.07
0;2023-10-10;27.7;31.1;24.7;4.30;4.30;2.1;86;63;32026.71;10.3;141;33.9;38.7;30.4;8.0;43010.13
0;2023-10-11;27.2;31.2;24.8;11.30;11.30;0.4;89;63;34606.35;16.6;66;33.7;39.4;28.8;11.0;42975.19
0;2023-10-12;26.9;31.8;23.7;18.60;18.60;1.5;88;65;34268.71;10.8;117;32.8;40.3;28.4;11.0;42940.30
0;2023-10-13;26.5;31.0;23.6;7.50;7.50;0.5;88;63;34896.77;17.2;197;32.5;39.8;28.6;7.0;42905.46
0;2023-10-14;26.8;30.7;24.3;7.50;7.50;0.4;88;63;29923.74;12.2;277;32.7;37.9;30.1;14.0;42870.71
0;2023-10-15;26.3;29.9;23.8;18.10;18.10;1.9;89;63;20678.46;8.3;271;31.9;37.4;29.0;18.0;42836.07
0;2023-10-16;25.9;30.1;24.1;31.30;31.30;1.1;89;65;21133.49;18.1;184;31.1;35.7;28.4;24.0;42801.57
0;2023-10-17;26.3;30.9;23.7;17.80;17.80;2.2;89;63;20753.68;11.3;238;31.9;38.1;28.4;15.0;42767.24
0;2023-10-18;26.6;31.0;24.0;14.80;14.80;1.1;89;63;29821.66;12.7;260;32.3;38.0;29.4;12.0;42733.10
0;2023-10-19;27.2;31.8;24.3;14.30;14.30;0.8;88;63;32427.55;11.0;293;33.7;39.8;30.3;16.0;42699.19
0;2023-10-20;27.7;32.0;24.7;9.10;9.10;1.3;85;63;39642.66;12.0;95;33.6;39.7;30.3;5.0;42665.53
0;2023-10-21;26.6;30.9;24.5;9.70;9.70;3.1;88;63;35213.79;16.1;92;32.0;37.5;29.8;8.0;42632.14
0;2023-10-22;26.8;31.9;24.0;19.00;19.00;2.0;85;65;36838.50;18.0;302;32.3;39.7;27.9;9.0;42599.06
0;2023-10-23;25.9;30.0;23.9;16.40;16.40;1.6;89;65;21705.89;13.8;359;31.2;37.4;28.4;8.0;42566.32
0;2023-10-24;27.1;31.7;22.9;4.50;4.50;1.3;84;63;39600.00;12.3;28;32.8;38.6;28.0;5.0;42533.94
0;2023-10-25;26.5;30.5;24.2;18.20;18.20;1.3;88;65;32400.00;14.6;129;32.2;37.9;29.7;10.0;42501.95
0;2023-10-26;27.0;31.2;24.3;7.80;7.80;1.9;87;63;39600.00;10.6;119;32.6;38.7;29.7;7.0;42470.11
0;2023-10-27;27.5;31.2;24.6;9.20;9.20;1.0;86;63;39600.00;9.7;98;33.6;38.9;30.3;11.0;42438.31
0;2023-10-28;27.1;31.3;24.0;1.10;1.10;1.8;87;51;29019.38;14.8;120;33.0;38.9;29.2;5.0;42406.60
0;2023-10-29;26.5;30.7;24.6;17.70;17.70;1.6;90;65;26035.99;14.0;39;32.5;39.2;29.7;11.0;42374.99
0;2023-10-30;26.8;31.2;24.0;6.30;6.30;1.8;88;63;30644.22;14.0;31;32.7;38.6;29.3;4.0;42343.53
0;2023-10-31;26.7;32.0;24.2;10.10;10.10;1.0;89;65;29473.51;20.5;2;32.5;40.1;29.5;3.0;42312.23
0;2023-11-01;26.8;31.8;24.1;3.70;3.70;1.8;88;63;29744.23;12.6;3;32.6;39.5;29.2;4.0;42281.14
0;2023-11-02;26.9;31.8;23.8;5.90;5.90;2.7;86;63;36000.00;12.8;355;32.6;38.9;29.1;6.0;42250.27
0;2023-11-03;26.8;30.9;24.2;11.30;11.30;1.5;87;63;26071.07;13.4;360;32.6;38.4;29.6;9.0;42219.66
0;2023-11-04;27.6;31.7;24.1;0.20;0.20;1.9;85;51;39178.31;10.2;111;33.3;37.9;29.1;2.0;42189.35
0;2023-11-05;27.5;31.9;25.3;5.20;5.20;3.1;86;63;32531.61;14.7;91;33.5;39.4;30.6;5.0;42159.37
0;2023-11-06;27.7;32.1;24.2;0.20;0.20;4.2;84;51;39600.00;15.5;87;33.3;38.7;29.6;1.0;42129.75
0;2023-11-07;27.0;30.4;25.0;10.20;10.20;3.4;86;63;26068.42;14.7;56;32.5;36.5;30.0;8.0;42100.51
0;2023-11-08;27.4;31.6;24.1;1.20;1.20;3.0;85;53;30548.09;15.2;124;33.1;38.1;29.4;4.0;42071.71
0;2023-11-09;27.5;31.9;24.7;14.80;14.80;3.3;85;63;36000.00;12.6;91;33.1;38.1;29.8;11.0;42043.37
0;2023-11-10;26.4;29.5;23.9;2.20;2.20;0.5;89;53;15399.04;11.4;123;31.8;34.8;29.2;5.0;42015.53
0;2023-11-11;27.5;32.0;24.0;1.30;1.30;4.1;84;53;39624.74;15.8;78;32.5;37.0;28.8;7.0;41988.21
0;2023-11-12;27.2;31.5;23.8;5.10;5.10;1.1;86;63;39600.00;8.9;46;33.0;39.4;29.1;6.0;41961.46
0;2023-11-13;27.7;32.6;23.7;1.10;1.10;3.1;84;53;39600.00;13.5;28;33.5;39.0;28.7;4.0;41935.31
0;2023-11-14;27.0;32.0;24.3;2.30;2.30;0.0;87;61;28708.07;12.8;11;32.7;38.5;29.6;5.0;41909.79
0;2023-11-15;26.6;30.4;24.3;25.20;25.20;0.7;88;65;28239.50;12.3;42;32.2;36.5;29.8;8.0;41884.68
0;2023-11-16;26.9;30.2;24.1;0.40;0.40;0.8;87;51;23107.06;14.0;53;32.4;35.1;29.3;2.0;41859.88
0;2023-11-17;26.7;31.4;23.7;6.10;6.10;0.5;85;63;36000.00;14.9;357;32.1;38.9;26.2;4.0;41835.40
0;2023-11-18;26.1;30.8;22.5;0.00;0.00;8.3;72;3;39600.00;15.7;0;28.9;35.9;23.7;0.0;41811.29
0;2023-11-19;25.6;30.1;21.1;0.00;0.00;2.1;76;3;29339.24;12.0;358;28.9;35.2;22.4;0.0;41787.58
0;2023-11-20;26.4;30.6;22.4;0.00;0.00;5.3;77;3;34633.64;10.5;339;30.4;36.0;24.6;0.0;41764.29
0;2023-11-21;26.8;30.9;22.9;0.30;0.30;1.8;79;51;39600.00;11.4;308;31.4;37.2;26.0;3.0;41741.45
0;2023-11-22;26.8;31.1;22.7;0.00;0.00;0.4;82;3;28895.03;11.6;208;31.8;37.1;27.1;0.0;41719.11
0;2023-11-23;26.7;29.7;24.5;0.30;0.30;1.1;86;51;9618.29;9.0;266;32.1;34.8;29.7;2.0;41697.27
0;2023-11-24;25.6;28.1;23.9;0.50;0.50;3.9;87;51;0.00;10.4;353;30.3;33.1;27.0;3.0;41675.98
0;2023-11-25;26.1;31.0;22.3;10.40;10.40;0.5;79;63;36190.52;10.1;348;30.3;36.0;25.3;6.0;41655.27
0;2023-11-26;26.6;31.0;23.6;0.50;0.50;1.3;86;51;23041.41;10.6;53;31.9;36.3;28.5;4.0;41635.17
0;2023-11-27;27.1;31.2;23.7;0.00;0.00;4.3;79;3;31580.71;12.7;3;31.6;36.8;27.5;0.0;41615.70
0;2023-11-28;26.5;31.4;21.6;0.10;0.10;1.1;72;51;39600.00;13.1;20;30.1;36.1;23.2;1.0;41596.91
0;2023-11-29;27.0;32.6;23.4;6.80;6.80;0.8;79;63;39600.00;13.2;42;31.6;36.8;26.9;8.0;41578.82
0;2023-11-30;26.9;31.7;23.3;9.40;9.40;1.6;86;63;32858.88;14.8;65;32.4;38.2;28.1;4.0;41561.47
0;2023-12-01;27.9;32.1;24.7;0.30;0.30;0.4;80;51;38993.88;11.7;52;33.2;38.0;29.8;2.0;41544.89
0;2023-12-02;26.5;29.1;23.3;2.70;2.70;2.3;83;55;15360.53;7.6;34;31.4;33.8;27.3;7.0;41529.11
0;2023-12-03;26.9;30.4;24.4;5.90;5.90;0.8;84;61;21173.61;7.6;28;32.1;35.2;28.9;10.0;41514.16
0;2023-12-04;27.1;32.0;23.5;0.00;0.00;1.1;84;3;37936.51;15.5;115;32.6;38.7;28.4;0.0;41500.08
0;2023-12-05;27.5;32.0;23.6;1.10;1.10;2.3;81;53;39500.99;11.2;135;32.7;38.3;28.5;4.0;41486.72
0;2023-12-06;27.4;31.3;24.0;0.90;0.90;1.9;83;51;35553.59;12.6;129;32.8;37.4;29.5;7.0;41474.00
0;2023-12-07;27.4;31.8;24.1;0.30;0.30;1.1;81;51;39439.23;11.6;180;32.5;37.5;28.9;3.0;41461.95
0;2023-12-08;27.1;31.1;23.7;0.00;0.00;1.5;81;3;32091.25;13.7;162;31.8;36.4;28.7;0.0;41450.58
0;2023-12-09;27.5;32.1;23.9;0.20;0.20;0.5;79;51;36109.76;14.7;135;32.4;37.6;29.2;2.0;41439.91
0;2023-12-10;27.9;32.7;24.0;0.30;0.30;4.1;73;51;39535.36;14.9;117;32.0;37.0;27.9;3.0;41429.94
0;2023-12-11;28.0;33.9;23.0;0.00;0.00;5.9;72;3;40002.46;15.5;105;31.8;38.2;27.1;0.0;41420.69
0;2023-12-12;28.5;34.4;23.4;0.00;0.00;3.1;67;3;39674.01;14.5;83;32.0;37.1;27.4;0.0;41412.18
0;2023-12-13;28.5;33.6;23.1;0.30;0.30;2.9;69;51;32044.13;12.8;62;32.5;36.9;26.5;2.0;41404.41
0;2023-12-14;29.5;35.4;24.7;0.00;0.00;5.2;65;3;37368.95;16.7;92;33.1;37.8;28.6;0.0;41397.40
0;2023-12-15;28.9;34.5;24.2;0.00;0.00;4.8;65;3;39567.66;14.8;94;32.4;37.2;28.3;0.0;41391.17
0;2023-12-16;28.6;33.4;24.4;0.60;0.60;4.7;68;51;39778.35;14.5;108;32.5;36.8;29.0;3.0;41385.71
0;2023-12-17;28.7;34.2;23.7;0.20;0.20;0.8;68;51;39476.72;13.0;73;32.8;37.5;27.9;2.0;41381.06
0;2023-12-18;28.0;33.5;23.7;4.00;4.00;1.8;73;63;39081.62;14.8;54;32.3;37.8;27.5;5.0;41377.21
0;2023-12-19;28.3;33.9;23.4;0.40;0.40;5.8;69;51;39050.26;14.8;27;32.1;37.5;26.3;2.0;41374.18
0;2023-12-20;27.8;33.9;23.6;9.30;9.30;4.0;65;63;37172.12;16.0;27;31.0;37.6;25.0;3.0;41371.99
0;2023-12-21;28.8;34.4;25.2;0.00;0.00;8.7;56;3;38989.46;23.6;19;30.1;36.7;25.3;0.0;41370.64
0;2023-12-22;27.5;32.5;24.3;1.00;1.00;4.2;59;53;25897.97;25.3;23;28.5;33.6;24.1;2.0;41370.14
0;2023-12-23;27.2;33.1;24.2;0.00;0.00;10.7;57;3;29594.48;23.4;13;27.8;34.6;23.8;0.0;41370.51
0;2023-12-24;27.3;32.4;24.8;0.00;0.00;3.8;63;3;26602.72;16.3;26;29.8;34.4;25.6;0.0;41371.76
0;2023-12-25;27.2;32.3;23.1;0.00;0.00;3.3;60;3;39641.61;15.1;20;29.1;34.8;23.8;0.0;41373.90
0;2023-12-26;27.1;32.3;22.0;0.00;0.00;1.5;61;3;39342.83;11.4;23;29.5;35.7;23.3;0.0;41376.92
0;2023-12-27;27.5;32.7;22.6;0.20;0.20;1.8;67;51;37773.69;10.6;20;31.2;37.1;24.9;2.0;41380.81
0;2023-12-28;28.3;33.8;23.7;0.80;0.80;1.1;73;51;39513.88;12.1;73;32.7;37.0;28.5;4.0;41385.56
0;2023-12-29;28.4;33.4;24.6;0.20;0.20;1.8;76;51;39470.79;10.4;74;33.6;38.7;30.1;1.0;41391.15
0;2023-12-30;28.7;33.4;24.5;0.10;0.10;1.1;73;51;39940.29;12.6;125;33.6;38.3;30.1;1.0;41397.56
0;2023-12-31;28.3;33.6;24.2;0.30;0.30;2.5;72;51;40409.40;16.1;116;32.6;38.0;28.7;3.0;41404.79
0;2024-01-01;28.1;33.4;24.0;0.00;0.00;1.1;72;3;39597.90;14.7;163;32.5;38.3;28.6;0.0;41412.81
0;2024-01-02;28.1;33.4;23.6;0.10;0.10;1.9;73;51;40578.92;15.6;126;32.5;37.8;28.2;1.0;41421.61
0;2024-01-03;28.3;33.4;24.2;0.20;0.20;1.8;72;51;40280.38;15.4;114;32.5;37.8;29.0;1.0;41431.17
0;2024-01-04;27.9;33.6;23.4;0.00;0.00;0.0;67;3;40238.26;15.5;158;31.6;38.6;25.7;0.0;41441.48
0;2024-01-05;27.5;32.9;23.3;0.00;0.00;2.3;70;3;39877.54;13.6;118;31.2;36.7;27.5;0.0;41452.52
0;2024-01-06;28.0;33.6;23.2;0.60;0.60;0.0;70;53;38588.75;11.6;148;32.4;38.8;27.1;2.0;41464.29
0;2024-01-07;28.0;33.0;24.2;0.00;0.00;1.3;75;3;40108.95;15.2;131;32.8;38.0;29.3;0.0;41476.75
0;2024-01-08;27.5;31.3;23.8;0.60;0.60;1.0;73;51;34388.47;9.5;122;31.7;36.3;27.9;4.0;41489.89
0;2024-01-09;27.9;32.8;23.8;0.10;0.10;0.8;71;51;39335.06;11.7;132;32.1;38.1;28.6;1.0;41503.70
0;2024-01-10;28.0;33.5;23.6;0.00;0.00;3.1;70;3;39749.20;15.6;114;31.7;37.6;27.2;0.0;41518.15
0;2024-01-11;27.9;33.6;23.6;0.10;0.10;2.9;70;51;41104.52;16.1;96;31.6;37.9;28.0;1.0;41533.25
0;2024-01-12;26.9;32.9;22.6;0.00;0.00;1.6;71;3;41120.25;18.6;141;30.4;36.7;26.2;0.0;41548.96
0;2024-01-13;26.8;32.0;22.2;0.00;0.00;0.5;68;3;40022.80;13.5;120;30.0;35.2;26.3;0.0;41565.28
0;2024-01-14;26.7;32.2;21.8;0.00;0.00;1.5;65;3;36297.59;12.2;26;29.7;36.0;24.1;0.0;41582.37
0;2024-01-15;27.2;33.0;21.9;0.00;0.00;2.1;66;3;39456.77;11.9;70;30.3;36.1;24.2;0.0;41600.29
0;2024-01-16;27.8;33.2;22.9;0.00;0.00;0.4;64;3;40476.19;14.8;70;31.1;37.6;24.9;0.0;41619.01
0;2024-01-17;28.2;33.1;24.0;0.00;0.00;1.5;63;3;40117.92;13.7;101;31.3;36.3;28.4;0.0;41638.48
0;2024-01-18;28.4;34.0;24.3;0.00;0.00;1.4;65;3;40903.86;15.3;96;31.9;37.9;28.5;0.0;41658.68
0;2024-01-19;28.0;33.1;23.6;0.00;0.00;2.6;65;3;39424.55;14.1;94;31.2;36.9;27.1;0.0;41679.57
0;2024-01-20;27.1;33.0;23.3;0.00;0.00;2.6;71;3;37382.17;17.9;132;30.4;36.1;27.3;0.0;41701.13
0;2024-01-21;27.5;32.9;23.4;0.00;0.00;2.9;69;3;38305.10;15.8;132;30.8;37.3;27.2;0.0;41723.31
0;2024-01-22;28.2;34.0;23.7;0.00;0.00;4.4;62;3;40764.39;13.8;115;30.8;36.4;26.9;0.0;41746.08
0;2024-01-23;28.4;34.0;24.1;0.00;0.00;4.0;59;3;40790.28;16.8;112;31.2;37.0;27.4;0.0;41769.40
0;2024-01-24;28.2;33.6;23.6;0.00;0.00;3.0;62;3;41064.67;14.0;101;31.3;36.9;26.9;0.0;41793.26
0;2024-01-25;28.3;33.7;23.7;0.00;0.00;2.2;58;3;40839.20;13.4;97;30.9;36.7;26.5;0.0;41817.61
0;2024-01-26;27.9;33.0;24.0;0.00;0.00;2.3;60;3;41110.73;15.1;80;30.5;36.1;26.6;0.0;41842.42
0;2024-01-27;27.6;33.4;22.7;0.00;0.00;3.1;62;3;41132.18;15.9;91;30.3;36.5;25.7;0.0;41867.66
0;2024-01-28;27.9;33.6;23.0;0.00;0.00;1.8;56;3;40904.67;14.9;97;29.8;35.2;26.1;0.0;41893.30
0;2024-01-29;27.8;33.4;22.7;0.00;0.00;3.7;56;3;40924.21;14.8;81;29.6;35.7;25.2;0.0;41919.31
0;2024-01-30;28.1;34.4;23.8;0.00;0.00;4.2;57;3;41436.64;19.4;119;30.0;36.4;25.8;0.0;41945.66
0;2024-01-31;28.0;34.1;23.5;0.00;0.00;2.7;63;3;40219.75;18.1;119;30.5;36.6;26.9;0.0;41972.32
0;2024-02-01;28.0;33.6;23.8;0.30;0.30;4.4;65;51;41221.70;17.7;133;31.0;36.7;27.2;3.0;41999.26
0;2024-02-02;27.6;33.5;23.6;0.00;0.00;3.9;70;3;41235.78;19.2;131;30.7;37.0;27.6;0.0;42026.45
0;2024-02-03;27.7;34.4;23.9;0.00;0.00;4.5;68;2;41248.67;21.6;138;30.6;37.1;27.4;0.0;42054.15
0;2024-02-04;27.8;34.4;23.7;0.00;0.00;5.1;72;3;36287.80;19.0;141;31.3;38.1;28.0;0.0;42082.44
0;2024-02-05;28.0;33.5;24.5;0.50;0.50;2.5;74;51;38754.99;17.6;139;31.8;38.1;29.1;2.0;42111.28
0;2024-02-06;28.3;34.6;24.3;0.00;0.00;7.4;70;3;41280.01;22.5;133;31.4;37.5;28.5;0.0;42140.64
0;2024-02-07;28.1;32.7;24.6;1.40;1.40;4.7;73;53;41288.17;16.3;140;31.8;37.4;28.6;4.0;42170.48
0;2024-02-08;27.6;32.4;24.4;0.30;0.30;6.6;73;51;40405.71;18.5;138;31.0;36.5;28.2;3.0;42200.77
0;2024-02-09;28.5;34.9;24.0;0.00;0.00;5.6;69;3;41301.27;17.3;125;31.8;38.1;28.2;0.0;42231.48
0;2024-02-10;28.8;34.6;23.9;0.00;0.00;0.8;64;3;41549.04;15.9;104;32.4;38.8;27.8;0.0;42262.56
0;2024-02-11;28.7;33.7;23.2;0.00;0.00;2.2;56;3;41874.42;13.4;37;31.1;36.4;25.3;0.0;42293.99
0;2024-02-12;27.9;33.7;21.8;0.00;0.00;4.0;54;3;41906.48;16.7;70;29.8;36.1;22.6;0.0;42325.73
0;2024-02-13;28.8;35.6;23.7;0.00;0.00;3.3;56;3;38704.85;22.5;107;30.8;37.3;25.8;0.0;42357.76
0;2024-02-14;29.7;35.9;25.1;0.00;0.00;4.5;57;3;40262.30;19.6;101;32.0;38.0;28.0;0.0;42390.02
0;2024-02-15;29.9;36.3;25.6;0.10;0.10;5.6;56;51;42004.18;21.4;107;32.1;38.6;28.1;1.0;42422.51
0;2024-02-16;29.4;36.5;24.9;0.00;0.00;4.8;57;2;42037.15;20.5;107;31.4;37.9;27.9;0.0;42455.18
0;2024-02-17;28.5;35.6;23.5;0.00;0.00;3.2;56;3;42070.28;21.1;126;30.1;37.6;25.4;0.0;42488.00
0;2024-02-18;28.7;35.7;23.7;0.00;0.00;6.1;62;3;42103.51;22.1;136;31.3;39.2;26.6;0.0;42520.94
0;2024-02-19;28.8;35.3;25.0;0.00;0.00;10.5;68;3;41790.90;21.3;139;31.8;38.8;28.5;0.0;42553.98
0;2024-02-20;28.6;34.8;24.7;0.00;0.00;6.8;69;3;40829.94;21.7;136;31.8;37.5;28.6;0.0;42587.07
0;2024-02-21;28.4;34.8;24.2;0.00;0.00;9.4;72;3;42203.64;20.7;139;31.7;37.7;28.2;0.0;42620.20
0;2024-02-22;28.1;35.7;23.4;0.00;0.00;7.2;72;0;42237.01;22.9;136;31.6;38.6;27.3;0.0;42653.34
0;2024-02-23;28.6;34.8;24.4;0.20;0.20;5.2;71;51;42270.46;23.5;128;32.1;37.8;29.3;2.0;42686.74
0;2024-02-24;29.1;35.5;24.8;1.30;1.30;4.8;67;53;42304.28;19.0;124;32.3;39.1;29.3;3.0;42720.49
0;2024-02-25;29.0;35.6;24.3;0.00;0.00;3.5;61;3;42338.44;18.6;115;31.9;38.8;28.0;0.0;42754.57
0;2024-02-26;29.5;36.7;24.0;0.00;0.00;5.2;56;3;42372.91;24.3;111;31.9;38.0;27.0;0.0;42788.95
0;2024-02-27;29.4;35.3;25.3;1.10;1.10;2.4;62;53;39121.25;18.3;94;32.5;38.6;29.1;4.0;42823.60
0;2024-02-28;29.0;36.2;24.4;0.00;0.00;4.7;59;3;42442.66;25.3;111;31.4;39.2;27.9;0.0;42858.49
0;2024-02-29;29.5;36.5;24.8;0.00;0.00;6.8;55;3;42477.88;20.6;116;31.2;39.3;26.8;0.0;42893.60
0;2024-03-01;29.3;35.5;25.0;0.00;0.00;6.3;58;3;42508.43;17.5;115;31.7;38.4;27.0;0.0;42928.89
0;2024-03-02;29.6;36.0;25.4;0.20;0.20;1.1;59;51;42538.85;20.2;126;32.9;40.3;29.2;2.0;42964.35
0;2024-03-03;29.2;36.1;25.2;0.00;0.00;2.2;61;3;42569.81;20.5;133;32.2;39.6;28.5;0.0;42999.93
0;2024-03-04;29.1;36.0;25.2;0.00;0.00;4.8;65;3;42601.28;22.1;134;32.0;40.1;28.4;0.0;43035.61
0;2024-03-05;29.2;35.3;25.2;0.00;0.00;2.5;70;2;42353.92;15.1;143;33.4;40.1;29.8;0.0;43071.38
0;2024-03-06;29.4;36.1;25.0;0.00;0.00;1.3;71;3;38819.92;15.3;153;33.8;39.4;30.0;0.0;43107.19
0;2024-03-07;29.0;35.2;25.7;0.30;0.30;3.2;72;51;34990.16;21.5;141;33.1;39.6;28.9;3.0;43143.03
0;2024-03-08;29.9;37.2;25.3;0.00;0.00;8.3;60;3;42730.70;21.7;127;32.0;39.0;27.7;0.0;43178.86
0;2024-03-09;29.4;36.3;25.0;0.00;0.00;6.1;59;3;42763.62;24.4;114;32.0;38.7;28.4;0.0;43214.67
0;2024-03-10;29.8;37.5;25.5;0.00;0.00;6.5;57;3;42796.61;29.6;117;31.7;38.8;28.3;0.0;43250.41
0;2024-03-11;30.0;37.0;24.5;0.00;0.00;6.2;55;3;42829.64;25.4;117;32.2;39.2;26.9;0.0;43286.08
0;2024-03-12;30.0;37.5;25.6;0.00;0.00;5.4;60;3;42862.63;25.3;127;32.8;40.3;29.3;0.0;43321.64
0;2024-03-13;29.5;35.3;25.4;0.20;0.20;2.2;62;51;42895.50;19.2;125;32.7;39.2;29.3;2.0;43357.07
0;2024-03-14;29.5;36.2;25.6;0.50;0.50;6.5;65;51;42928.67;21.7;132;32.6;39.6;29.5;2.0;43392.60
0;2024-03-15;29.0;35.7;24.7;0.00;0.00;9.4;64;3;42962.53;22.5;140;31.5;38.0;27.5;0.0;43428.33
0;2024-03-16;29.3;37.1;24.4;0.00;0.00;4.9;65;3;41187.37;22.0;136;32.6;40.2;28.7;0.0;43464.23
0;2024-03-17;29.6;36.9;24.6;0.20;0.20;5.3;62;51;43032.06;23.0;131;32.6;39.9;28.6;2.0;43500.28
0;2024-03-18;29.2;37.0;24.7;0.00;0.00;5.9;65;3;43067.58;27.6;136;32.1;39.4;29.0;0.0;43536.45
0;2024-03-19;29.4;37.2;24.9;0.00;0.00;9.2;63;3;43103.51;30.1;125;31.6;38.1;28.1;0.0;43572.73
0;2024-03-20;29.3;36.5;23.6;0.00;0.00;5.0;59;3;43139.78;21.8;113;31.8;38.2;26.7;0.0;43609.08
0;2024-03-21;29.5;36.1;25.3;1.20;1.20;4.2;59;53;43176.31;20.9;126;32.2;39.0;28.5;4.0;43645.48
0;2024-03-22;29.4;36.6;25.4;0.00;0.00;8.9;62;3;43200.00;26.4;130;31.8;39.5;28.1;0.0;43681.92
0;2024-03-23;29.1;34.3;25.5;0.70;0.70;9.9;68;51;43200.00;21.4;133;32.2;37.7;29.4;3.0;43718.36
0;2024-03-24;29.5;35.9;25.5;0.00;0.00;7.4;68;2;43200.00;20.8;135;33.0;39.0;29.8;0.0;43754.78
0;2024-03-25;29.6;36.4;25.3;0.00;0.00;7.1;69;3;43200.00;22.1;135;33.3;40.5;30.3;0.0;43791.16
0;2024-03-26;30.5;38.1;25.8;0.00;0.00;9.5;62;3;43200.00;25.2;129;33.3;41.0;29.4;0.0;43827.47
0;2024-03-27;30.7;36.9;26.8;0.60;0.60;7.2;60;51;43200.00;18.5;121;33.7;41.2;29.7;3.0;43863.70
0;2024-03-28;30.4;36.0;26.3;0.00;0.00;8.0;66;3;40940.33;16.1;143;34.4;40.1;30.7;0.0;43899.80
0;2024-03-29;30.1;36.0;26.1;0.10;0.10;7.6;69;51;39555.61;20.9;138;34.3;40.2;31.2;1.0;43935.78
0;2024-03-30;30.4;36.6;26.4;0.00;0.00;7.9;69;3;43200.00;19.8;134;34.6;40.7;30.7;0.0;43971.58
0;2024-03-31;30.5;36.8;26.1;0.60;0.60;4.6;69;51;43200.00;16.3;141;35.2;41.8;31.9;2.0;44007.19
0;2024-04-01;30.6;36.2;26.6;0.20;0.20;1.9;70;51;43200.00;17.6;154;35.7;42.3;32.6;2.0;44042.58
0;2024-04-02;30.4;36.0;27.2;0.20;0.20;8.7;68;51;43200.00;17.6;151;34.6;41.0;31.7;2.0;44077.74
0;2024-04-03;30.5;36.4;26.1;0.00;0.00;5.4;66;3;43200.00;18.8;152;34.3;40.3;31.4;0.0;44112.89
0;2024-04-04;30.7;36.4;26.8;0.20;0.20;4.7;66;51;42088.60;19.3;146;34.9;41.0;32.1;2.0;44148.10
0;2024-04-05;30.4;35.9;27.2;0.50;0.50;7.4;68;51;40816.11;22.5;143;34.4;40.6;31.7;5.0;44183.36
0;2024-04-06;30.3;35.7;26.6;0.00;0.00;10.0;62;3;43200.00;19.8;135;33.2;38.7;30.7;0.0;44218.64
0;2024-04-07;30.6;37.2;26.3;0.00;0.00;6.2;66;3;43200.00;22.7;130;34.6;41.6;31.3;0.0;44253.93
0;2024-04-08;30.8;36.6;26.5;0.00;0.00;6.3;67;3;43200.00;22.1;133;35.1;41.2;32.0;0.0;44289.19
0;2024-04-09;31.2;39.1;26.7;0.00;0.00;10.1;62;3;43200.00;23.9;125;34.4;41.4;30.9;0.0;44324.41
0;2024-04-10;31.5;38.0;26.8;0.00;0.00;9.0;56;3;43200.00;23.9;116;34.0;39.4;30.7;0.0;44359.55
0;2024-04-11;31.4;39.2;26.6;0.40;0.40;7.1;56;51;43200.00;20.7;122;33.9;41.0;29.0;1.0;44394.60
0;2024-04-12;31.4;39.2;26.7;0.00;0.00;6.5;59;3;43200.00;23.5;129;34.5;41.2;30.9;0.0;44429.52
0;2024-04-13;30.7;35.2;27.5;0.20;0.20;11.6;65;51;43200.00;18.5;136;34.3;39.9;31.7;2.0;44464.30
0;2024-04-14;30.6;37.2;26.3;0.00;0.00;7.4;65;3;43200.00;24.5;138;34.3;40.8;31.1;0.0;44498.90
0;2024-04-15;30.7;36.4;26.9;0.10;0.10;6.3;66;51;43200.00;21.2;140;34.6;40.1;32.0;1.0;44533.32
0;2024-04-16;31.1;37.8;27.0;0.00;0.00;9.9;65;3;43200.00;25.2;134;34.7;41.1;31.8;0.0;44567.50
0;2024-04-17;31.0;36.7;27.1;0.00;0.00;5.6;62;3;43200.00;19.7;144;34.5;39.5;32.4;0.0;44601.43
0;2024-04-18;30.7;37.2;25.8;0.00;0.00;3.6;64;3;43200.00;20.8;157;34.9;41.0;31.2;0.0;44635.08
0;2024-04-19;30.6;36.7;26.6;0.70;0.70;4.0;67;51;43200.00;19.0;156;34.8;40.7;32.4;6.0;44668.43
0;2024-04-20;30.8;36.4;26.7;0.20;0.20;3.2;63;51;43200.00;18.5;151;34.4;40.0;31.5;1.0;44701.44
0;2024-04-21;31.0;37.3;26.6;0.10;0.10;3.4;61;51;43200.00;19.8;152;34.6;41.7;31.4;1.0;44734.09
0;2024-04-22;31.2;36.7;27.0;0.00;0.00;5.1;63;3;43200.00;18.8;145;35.1;41.5;32.3;0.0;44766.35
0;2024-04-23;31.2;37.1;26.5;0.00;0.00;3.9;62;3;43200.00;18.5;148;35.0;40.6;32.2;0.0;44798.44
0;2024-04-24;31.7;37.8;27.5;0.00;0.00;5.4;65;3;43200.00;20.0;143;36.1;42.3;32.4;0.0;44830.43
0;2024-04-25;32.1;38.4;27.9;0.00;0.00;5.0;66;3;43200.00;20.8;141;36.9;42.9;34.2;0.0;44862.30
0;2024-04-26;32.0;37.7;28.4;0.30;0.30;2.6;66;51;43200.00;21.4;147;36.8;41.8;34.7;2.0;44894.03
0;2024-04-27;32.1;38.2;27.8;0.00;0.00;4.6;66;3;43200.00;18.4;146;37.1;43.6;34.3;0.0;44925.59
0;2024-04-28;32.1;37.9;28.0;0.60;0.60;3.4;64;51;43200.00;18.0;156;36.7;42.6;33.6;2.0;44956.95
0;2024-04-29;32.1;38.5;27.6;0.30;0.30;3.0;66;51;43200.00;21.8;156;37.2;42.9;34.2;3.0;44988.10
0;2024-04-30;32.1;38.3;27.8;0.20;0.20;2.2;67;51;43200.00;20.9;153;37.2;43.6;34.4;2.0;45018.99
0;2024-05-01;32.2;37.8;28.1;0.00;0.00;3.9;65;3;43200.00;19.2;158;37.1;43.0;34.1;0.0;45049.62
0;2024-05-02;32.5;38.2;29.3;0.70;0.70;8.4;62;51;43200.00;19.3;152;36.7;42.8;34.2;5.0;45079.94
0;2024-05-03;32.5;37.9;28.9;0.10;0.10;9.5;62;51;43200.00;19.5;139;36.8;42.4;33.9;1.0;45109.94
0;2024-05-04;30.9;37.5;27.9;4.60;4.60;0.5;68;63;34715.59;11.6;142;36.2;43.3;33.0;7.0;45139.57
0;2024-05-05;29.7;34.9;27.1;8.00;8.00;1.5;76;63;36000.00;16.4;144;35.5;41.0;33.2;7.0;45168.82
0;2024-05-06;29.8;33.3;27.0;0.10;0.10;3.7;77;51;43200.00;15.2;129;35.4;40.4;32.9;1.0;45197.65
0;2024-05-07;29.5;33.4;26.7;9.80;9.80;5.2;78;63;43074.24;16.8;125;35.1;39.0;32.3;5.0;45226.04
0;2024-05-08;30.2;35.1;26.9;1.00;1.00;2.2;75;53;43200.00;13.6;108;36.1;41.2;32.9;2.0;45253.95
0;2024-05-09;30.4;35.6;27.5;3.60;3.60;6.3;74;61;39763.49;20.7;119;35.5;41.3;32.9;8.0;45281.35
0;2024-05-10;30.5;34.9;27.4;1.00;1.00;6.2;72;53;43213.48;22.8;121;35.4;39.7;32.5;6.0;45308.23
0;2024-05-11;30.6;36.1;27.4;2.20;2.20;6.9;74;55;41323.45;20.6;128;36.3;42.2;33.0;3.0;45334.53
0;2024-05-12;30.7;35.3;27.8;2.20;2.20;2.9;74;53;39601.18;19.4;129;36.4;41.2;34.1;8.0;45360.23
0;2024-05-13;30.4;35.2;26.7;7.40;7.40;3.1;75;63;43200.00;23.2;150;36.0;41.4;32.4;12.0;45385.53
0;2024-05-14;30.4;35.7;26.2;1.20;1.20;1.8;73;53;42285.93;16.0;113;36.0;43.0;32.1;3.0;45410.48
0;2024-05-15;30.1;35.3;26.9;7.70;7.70;5.4;74;63;30566.19;25.9;123;35.0;39.5;32.1;8.0;45435.06
0;2024-05-16;29.1;33.4;26.5;5.20;5.20;3.1;81;61;28684.05;14.1;112;35.0;39.7;32.4;7.0;45459.26
0;2024-05-17;29.3;32.6;26.6;4.10;4.10;0.8;81;63;39808.47;17.2;145;35.3;40.0;32.1;5.0;45483.05
0;2024-05-18;29.3;34.3;26.0;0.20;0.20;2.7;80;51;43200.00;17.2;146;35.6;41.4;32.5;2.0;45506.40
0;2024-05-19;29.1;33.5;26.4;6.10;6.10;2.0;83;63;34213.49;11.5;193;35.8;41.9;32.7;8.0;45529.29
0;2024-05-20;28.1;32.0;25.8;49.90;49.90;3.1;86;65;32262.21;13.3;167;34.1;38.5;31.5;15.0;45551.70
0;2024-05-21;27.9;32.3;25.4;34.20;34.20;2.4;85;65;32320.16;10.1;188;33.9;39.5;30.6;12.0;45573.60
0;2024-05-22;29.0;33.4;25.8;7.10;7.10;1.1;82;63;40666.83;13.8;183;35.7;42.4;32.4;5.0;45594.97
0;2024-05-23;29.0;32.4;26.5;9.10;9.10;3.0;85;63;39600.00;15.2;154;35.7;40.5;32.8;6.0;45615.78
0;2024-05-24;30.0;34.2;26.8;0.60;0.60;1.8;79;51;41548.63;15.5;120;36.4;41.5;33.5;3.0;45636.01
0;2024-05-25;30.3;33.7;27.2;0.60;0.60;4.5;78;51;43200.00;14.8;139;36.5;40.9;33.2;3.0;45655.62
0;2024-05-26;29.3;33.7;26.3;2.00;2.00;0.5;82;53;43200.00;14.1;167;36.2;42.0;32.6;8.0;45674.62
0;2024-05-27;30.1;34.5;27.1;1.40;1.40;0.7;80;53;40386.72;10.4;207;37.1;42.9;34.1;5.0;45692.94
0;2024-05-28;28.6;32.7;25.2;28.10;28.10;1.8;84;65;26511.58;10.5;258;34.8;39.5;29.7;11.0;45710.58
0;2024-05-29;28.9;33.8;26.7;20.80;20.80;3.1;83;65;37636.12;16.3;260;35.0;40.4;31.7;7.0;45727.51
0;2024-05-30;28.2;31.4;26.2;12.50;12.50;1.9;87;63;23116.99;17.2;224;34.3;37.5;32.1;13.0;45743.71
0;2024-05-31;27.7;32.0;25.9;15.20;15.20;1.8;86;63;24900.00;19.4;205;33.7;38.9;32.0;11.0;45759.14
0;2024-06-01;28.5;33.3;25.8;3.50;3.50;1.1;83;61;43022.65;15.3;221;35.0;40.3;31.9;5.0;45773.78
0;2024-06-02;29.4;33.7;25.7;0.40;0.40;2.9;80;51;43200.00;12.3;330;35.7;40.0;32.3;2.0;45787.74
0;2024-06-03;29.8;34.6;26.4;0.80;0.80;3.2;77;53;40094.50;17.8;294;35.7;39.9;32.2;2.0;45801.08
0;2024-06-04;30.3;34.6;26.4;0.00;0.00;2.0;76;3;42551.69;10.2;248;36.9;42.5;32.3;0.0;45813.76
0;2024-06-05;29.6;34.0;27.4;5.60;5.60;2.1;80;63;33413.42;13.0;238;35.9;40.6;33.3;6.0;45825.79
0;2024-06-06;30.0;34.2;27.0;0.10;0.10;0.0;77;51;42444.63;9.9;287;36.4;40.9;33.4;1.0;45837.16
0;2024-06-07;29.1;33.3;26.9;1.70;1.70;1.6;79;53;26198.32;9.3;268;35.2;39.2;33.0;7.0;45847.85
0;2024-06-08;28.9;34.1;26.0;12.70;12.70;0.5;79;65;37421.60;12.6;240;34.8;40.7;32.0;6.0;45857.85
0;2024-06-09;27.6;30.9;26.1;10.30;10.30;3.6;84;63;15180.19;22.9;230;32.7;37.0;30.6;10.0;45867.15
0;2024-06-10;27.2;31.0;25.6;10.20;10.20;5.8;84;63;15845.79;18.7;218;32.0;35.5;30.4;8.0;45875.74
0;2024-06-11;28.6;33.3;25.1;0.50;0.50;1.8;78;51;43200.00;18.4;229;33.9;39.0;30.6;3.0;45883.61
0;2024-06-12;28.9;33.6;25.5;2.30;2.30;5.0;78;61;41251.08;18.5;268;34.3;40.1;30.5;4.0;45890.76
0;2024-06-13;29.4;34.5;26.0;2.00;2.00;4.4;78;53;41585.22;17.9;279;34.9;39.7;31.6;5.0;45897.16
0;2024-06-14;29.0;33.8;26.4;10.70;10.70;1.5;81;63;30544.86;19.2;248;35.3;40.8;32.2;5.0;45902.81
0;2024-06-15;28.5;33.8;25.8;5.30;5.30;0.4;83;63;41534.76;15.2;184;35.0;42.8;30.1;7.0;45907.71
0;2024-06-16;28.6;33.2;26.1;0.20;0.20;2.8;78;51;38233.48;16.2;208;34.1;39.4;31.5;1.0;45911.84
0;2024-06-17;28.0;33.7;25.4;6.40;6.40;4.8;82;63;30728.69;22.6;219;33.1;39.6;30.8;7.0;45915.19
0;2024-06-18;28.6;34.0;25.4;8.50;8.50;6.5;81;63;43200.00;16.6;235;34.0;40.4;30.9;8.0;45917.76
0;2024-06-19;28.6;33.4;25.5;6.80;6.80;3.9;81;63;31962.25;24.6;238;34.0;39.7;30.7;5.0;45919.53
0;2024-06-20;27.4;31.8;26.0;31.00;31.00;0.8;87;65;8761.56;18.1;253;33.0;38.0;29.8;19.0;45920.50
0;2024-06-21;27.1;31.8;25.3;17.80;17.80;2.9;87;65;20875.74;14.3;260;32.7;38.9;30.1;15.0;45920.66
0;2024-06-22;26.4;28.6;25.1;32.50;32.50;3.7;89;65;13451.68;20.6;239;30.8;32.3;30.0;23.0;45919.99
0;2024-06-23;26.4;30.1;24.5;16.30;16.30;8.2;88;63;19998.80;22.4;225;31.0;35.8;29.1;17.0;45918.51
0;2024-06-24;26.7;30.6;24.4;16.30;16.30;2.2;87;63;26170.13;20.9;214;32.0;36.0;30.0;19.0;45916.23
0;2024-06-25;27.7;31.3;25.0;2.50;2.50;3.3;83;55;35711.60;13.7;241;32.9;36.7;29.9;8.0;45913.14
0;2024-06-26;28.2;32.6;24.7;1.30;1.30;2.8;79;55;36083.83;11.6;297;33.5;38.2;30.1;3.0;45909.28
0;2024-06-27;27.2;31.2;25.3;19.80;19.80;0.7;86;63;30177.64;9.8;107;33.3;39.9;30.6;16.0;45904.64
0;2024-06-28;27.5;31.3;24.9;9.30;9.30;0.8;86;63;41565.21;17.3;140;33.3;38.4;30.8;10.0;45899.23
0;2024-06-29;28.3;31.5;25.7;2.20;2.20;3.6;84;61;43200.00;20.9;157;33.9;37.7;31.7;9.0;45893.06
0;2024-06-30;28.0;32.7;25.5;4.80;4.80;1.6;83;63;38384.94;11.7;208;33.9;39.3;31.1;4.0;45886.16
0;2024-07-01;27.9;31.2;24.7;1.70;1.70;1.8;84;53;43200.00;16.9;258;33.4;37.6;30.3;10.0;45878.53
0;2024-07-02;27.3;32.3;25.1;17.10;17.10;1.3;86;65;29721.08;12.5;275;33.1;39.7;30.6;15.0;45870.17
0;2024-07-03;27.1;31.1;24.9;16.10;16.10;0.7;87;63;20210.88;15.5;217;32.8;37.0;30.2;19.0;45861.12
0;2024-07-04;26.2;29.7;24.0;19.70;19.70;0.4;89;63;14532.25;12.5;215;31.9;36.7;29.6;19.0;45851.37
0;2024-07-05;27.1;32.2;24.1;6.00;6.00;1.9;85;63;36000.00;18.5;260;32.5;38.8;29.4;5.0;45840.93
0;2024-07-06;27.8;32.3;24.2;7.30;7.30;0.4;82;63;41705.58;15.2;191;33.8;40.3;29.8;9.0;45829.82
0;2024-07-07;27.5;30.7;25.2;5.30;5.30;1.4;86;63;37355.47;16.6;173;33.1;37.0;30.2;11.0;45818.06
0;2024-07-08;27.6;31.3;25.2;2.10;2.10;2.4;86;53;35983.89;15.6;184;33.6;39.1;30.5;10.0;45805.65
0;2024-07-09;27.5;31.6;24.8;18.70;18.70;1.8;84;63;39600.00;14.2;214;32.8;36.5;30.4;8.0;45792.61
0;2024-07-10;27.2;31.6;24.7;2.10;2.10;1.1;85;55;39600.00;18.9;206;32.8;37.8;30.5;8.0;45778.96
0;2024-07-11;26.4;30.2;24.6;15.90;15.90;0.5;89;63;28373.29;18.7;238;31.5;35.7;29.4;15.0;45764.68
0;2024-07-12;26.5;30.4;24.6;12.80;12.80;6.4;88;63;20678.65;20.6;234;30.9;34.8;29.1;14.0;45749.68
0;2024-07-13;26.6;30.2;24.9;21.90;21.90;7.8;87;65;22440.81;20.9;248;31.1;35.1;29.1;14.0;45733.90
0;2024-07-14;26.7;30.9;25.2;19.50;19.50;11.5;86;63;28347.17;27.0;256;30.6;35.9;29.1;15.0;45717.39
0;2024-07-15;26.6;30.9;24.9;19.10;19.10;6.9;87;65;22089.37;20.4;255;31.2;35.5;29.3;11.0;45700.16
0;2024-07-16;26.3;30.5;24.5;15.40;15.40;6.6;89;65;25704.14;18.9;237;31.0;36.3;29.3;13.0;45682.24
0;2024-07-17;26.0;29.3;24.6;14.70;14.70;8.1;90;63;15940.74;24.4;222;30.2;34.5;28.9;19.0;45663.65
0;2024-07-18;26.6;31.0;24.5;17.70;17.70;3.6;89;63;22235.17;21.8;231;31.4;36.2;29.0;21.0;45644.42
0;2024-07-19;26.2;29.2;24.3;17.00;17.00;4.3;89;63;2989.32;20.3;235;31.0;34.1;29.0;15.0;45624.58
0;2024-07-20;26.0;28.9;24.3;17.10;17.10;4.5;90;63;4107.79;15.2;246;30.9;33.6;28.7;21.0;45604.16
0;2024-07-21;26.8;31.1;24.6;16.10;16.10;6.5;87;65;24455.39;22.2;245;31.5;36.7;29.2;12.0;45583.18
0;2024-07-22;27.0;31.3;25.0;14.30;14.30;5.7;88;63;22394.84;23.1;233;31.8;37.3;29.4;11.0;45561.66
0;2024-07-23;27.6;30.9;25.2;5.50;5.50;8.7;84;63;24013.98;18.8;240;32.4;37.0;30.0;5.0;45539.64
0;2024-07-24;28.0;31.6;25.3;7.00;7.00;3.7;82;63;32285.23;20.3;242;32.8;37.4;30.3;4.0;45517.12
0;2024-07-25;27.3;31.6;25.2;20.90;20.90;7.6;86;65;29743.62;20.6;237;32.0;37.1;29.3;15.0;45494.16
0;2024-07-26;27.0;29.3;24.6;5.80;5.80;5.2;88;61;18888.70;20.6;226;31.8;33.7;29.3;6.0;45470.76
0;2024-07-27;26.4;29.3;24.7;26.30;26.30;4.4;90;65;16998.81;25.2;213;31.3;34.8;29.6;15.0;45446.96
0;2024-07-28;26.8;29.5;24.9;2.10;2.10;2.1;87;53;17678.62;14.8;219;31.9;34.2;30.1;6.0;45422.76
0;2024-07-29;27.2;31.2;24.4;7.70;7.70;2.1;86;63;33948.08;16.1;227;32.8;36.9;29.9;8.0;45398.21
0;2024-07-30;27.4;32.1;24.4;9.70;9.70;3.1;87;65;34075.17;13.6;230;33.2;38.6;29.9;9.0;45373.31
0;2024-07-31;27.8;32.3;24.7;3.30;3.30;3.0;84;61;37679.00;18.0;235;33.5;38.8;30.3;4.0;45348.10
0;2024-08-01;27.8;32.1;25.4;23.10;23.10;1.3;85;65;36304.52;19.9;206;33.8;38.8;31.4;9.0;45322.38
0;2024-08-02;27.6;32.0;25.0;24.30;24.30;1.3;84;63;36000.00;15.8;253;33.6;39.1;30.7;11.0;45296.10
0;2024-08-03;27.3;31.3;24.5;8.40;8.40;1.8;86;63;39092.42;11.3;203;33.1;38.1;30.0;12.0;45269.27
0;2024-08-04;26.6;31.0;24.5;8.60;8.60;2.3;88;65;34905.06;12.3;277;32.1;37.6;29.7;5.0;45241.94
0;2024-08-05;26.3;31.2;23.8;27.20;27.20;1.8;89;65;32385.21;16.8;254;31.9;38.8;28.9;12.0;45214.12
0;2024-08-06;26.8;31.6;24.3;14.90;14.90;1.0;88;65;35635.20;13.8;245;32.5;37.6;29.8;7.0;45185.85
0;2024-08-07;27.0;30.6;24.4;14.60;14.60;1.5;87;63;39600.00;15.1;236;32.8;38.2;30.1;9.0;45157.17
0;2024-08-08;28.1;32.4;24.4;1.10;1.10;2.7;83;51;43200.00;14.7;226;34.0;38.9;29.9;8.0;45128.10
0;2024-08-09;28.4;32.3;25.5;3.00;3.00;2.1;82;61;43200.00;13.3;223;34.0;38.7;30.9;10.0;45098.65
0;2024-08-10;28.6;32.9;25.2;1.00;1.00;3.4;82;53;43200.00;14.2;239;34.6;39.8;30.6;4.0;45068.88
0;2024-08-11;28.6;32.9;25.5;4.60;4.60;4.5;83;61;41771.31;18.2;229;34.3;39.8;30.8;5.0;45038.80
0;2024-08-12;27.7;31.8;25.3;12.30;12.30;5.6;85;63;40769.93;24.2;224;32.9;38.6;30.7;12.0;45008.44
0;2024-08-13;28.1;32.7;24.4;0.20;0.20;0.8;82;51;43200.00;17.1;227;33.9;39.1;29.9;1.0;44977.83
0;2024-08-14;28.5;32.9;25.4;0.70;0.70;1.8;84;51;41833.10;14.0;221;34.8;39.9;31.7;5.0;44946.99
0;2024-08-15;28.3;32.5;25.1;13.10;13.10;2.3;85;63;43200.00;12.0;227;34.5;39.7;31.2;10.0;44915.95
0;2024-08-16;28.1;32.5;25.3;2.70;2.70;3.1;85;61;41971.27;13.4;205;34.2;40.0;31.3;6.0;44884.74
0;2024-08-17;27.8;32.4;25.3;4.10;4.10;0.5;85;63;39232.74;13.2;181;34.2;40.6;31.2;6.0;44853.37
0;2024-08-18;28.6;33.2;24.8;0.20;0.20;2.9;80;51;43200.00;12.4;210;34.6;39.9;30.8;2.0;44821.87
0;2024-08-19;29.1;33.6;25.4;0.10;0.10;0.5;78;51;43200.00;12.2;199;35.1;40.1;31.3;1.0;44790.28
0;2024-08-20;28.5;32.5;25.3;1.90;1.90;1.5;81;55;43200.00;11.2;213;34.5;39.9;31.1;5.0;44758.60
0;2024-08-21;28.2;33.2;24.9;4.80;4.80;1.1;82;63;43200.00;13.6;210;34.3;40.9;30.5;4.0;44726.64
0;2024-08-22;28.2;32.8;24.9;2.60;2.60;1.9;82;61;40653.08;13.7;163;34.1;40.0;31.0;5.0;44694.30
0;2024-08-23;27.8;31.7;24.8;1.40;1.40;1.4;83;53;35493.30;15.2;219;33.6;39.9;30.5;7.0;44661.64
0;2024-08-24;27.3;32.1;24.8;7.10;7.10;0.5;84;61;41105.74;14.7;176;33.1;39.3;28.5;10.0;44628.66
0;2024-08-25;26.8;31.8;23.8;13.00;13.00;1.8;85;65;35037.75;14.4;265;32.2;39.2;28.5;10.0;44595.41
0;2024-08-26;26.9;31.9;24.4;28.10;28.10;0.4;86;65;30644.25;16.1;240;32.5;39.0;29.7;17.0;44561.89
0;2024-08-27;26.8;30.6;24.7;5.80;5.80;1.5;89;61;25163.98;21.4;231;32.3;36.1;30.1;13.0;44528.14
0;2024-08-28;27.0;30.9;24.9;15.00;15.00;1.4;87;63;35560.27;22.5;231;32.1;36.6;30.3;16.0;44494.19
0;2024-08-29;26.9;30.0;23.9;7.90;7.90;7.7;85;63;29892.48;22.9;239;31.2;34.0;27.7;14.0;44460.05
0;2024-08-30;26.9;31.1;24.9;14.30;14.30;3.2;85;63;24530.37;22.6;266;31.8;37.2;30.0;9.0;44425.76
0;2024-08-31;26.7;30.0;24.6;18.20;18.20;2.3;87;63;24415.98;18.2;287;31.7;34.5;29.6;18.0;44391.34
0;2024-09-01;26.3;29.2;24.5;25.20;25.20;1.5;89;63;25198.11;9.9;265;31.9;37.1;30.2;18.0;44356.81
0;2024-09-02;26.1;28.4;24.1;14.80;14.80;0.0;89;65;31090.49;20.5;216;31.1;33.0;29.4;11.0;44322.19
0;2024-09-03;26.5;29.9;24.5;10.90;10.90;6.1;88;63;27451.37;25.7;224;31.2;35.3;29.1;9.0;44287.52
0;2024-09-04;27.1;30.6;24.9;3.70;3.70;5.5;86;61;23884.19;22.6;237;31.8;35.2;29.7;8.0;44252.80
0;2024-09-05;27.4;31.7;25.2;12.10;12.10;6.9;86;65;26039.34;22.9;256;32.1;36.4;29.6;13.0;44218.07
0;2024-09-06;27.1;30.6;25.7;5.70;5.70;8.4;86;61;24687.42;28.4;242;31.0;34.8;29.6;11.0;44183.35
0;2024-09-07;27.5;31.7;25.3;16.70;16.70;2.9;85;65;27416.98;24.8;233;32.1;37.6;29.1;10.0;44148.65
0;2024-09-08;27.7;31.5;25.3;18.10;18.10;6.7;85;65;33509.17;18.7;235;32.7;37.3;30.0;7.0;44114.01
0;2024-09-09;28.1;32.1;25.1;6.50;6.50;2.1;82;63;36000.00;17.3;271;33.5;38.6;30.1;10.0;44079.44
0;2024-09-10;27.5;32.5;25.3;7.50;7.50;1.8;86;63;28544.43;17.6;255;33.4;39.5;30.6;12.0;44044.73
0;2024-09-11;27.2;31.4;24.9;10.10;10.10;0.7;88;63;26300.21;13.5;262;33.1;38.5;30.6;13.0;44009.79
0;2024-09-12;27.1;31.7;24.8;12.40;12.40;0.7;88;63;29517.34;13.4;256;33.0;38.4;30.5;12.0;43974.66
0;2024-09-13;27.0;31.7;25.1;27.00;27.00;3.6;88;65;30558.93;19.3;250;32.2;37.8;30.2;17.0;43939.35
0;2024-09-14;26.2;29.6;25.0;21.50;21.50;8.4;90;63;9214.10;18.4;238;30.8;34.2;29.6;23.0;43903.91
0;2024-09-15;26.6;29.8;25.0;13.40;13.40;8.4;89;63;22122.38;16.3;241;31.2;34.3;29.4;15.0;43868.33
0;2024-09-16;27.0;31.3;24.8;23.80;23.80;4.2;86;65;30611.22;17.9;266;31.8;37.1;29.3;14.0;43832.65
0;2024-09-17;26.1;29.0;24.9;12.40;12.40;5.9;89;61;12751.96;19.5;276;30.6;33.4;29.2;20.0;43796.89
0;2024-09-18;25.8;29.4;23.8;52.60;52.60;5.1;91;63;4726.14;18.1;278;30.6;34.5;28.6;22.0;43761.08
0;2024-09-19;26.3;29.6;24.3;10.60;10.60;7.6;89;63;14969.91;20.4;243;30.6;33.8;28.5;15.0;43725.23
0;2024-09-20;26.8;30.0;25.1;5.50;5.50;9.3;87;63;18930.68;22.8;222;31.0;34.6;28.9;8.0;43689.37
0;2024-09-21;26.0;28.3;24.9;21.70;21.70;8.1;90;63;7053.36;20.1;217;30.2;32.6;29.3;16.0;43653.53
0;2024-09-22;26.2;29.3;24.5;12.30;12.30;3.9;90;61;4743.04;17.0;205;31.2;33.5;29.5;20.0;43617.71
0;2024-09-23;26.7;31.2;24.7;26.10;26.10;1.5;88;63;27556.13;14.0;185;32.4;37.8;29.9;9.0;43581.94
0;2024-09-24;27.4;31.6;24.7;3.90;3.90;0.5;86;55;33720.72;9.0;160;33.7;39.8;30.4;10.0;43546.26
0;2024-09-25;27.1;30.8;23.9;4.70;4.70;0.4;87;63;38642.81;10.9;63;33.4;39.8;28.7;10.0;43510.68
0;2024-09-26;26.7;31.4;23.6;8.30;8.30;3.1;87;63;33835.97;15.8;108;32.1;38.3;28.6;10.0;43475.22
0;2024-09-27;27.1;30.8;24.5;5.60;5.60;2.9;86;63;38229.62;20.4;103;32.7;37.4;30.3;10.0;43439.90
0;2024-09-28;28.2;32.1;25.0;1.30;1.30;4.0;82;51;42083.16;12.0;140;34.1;39.0;30.6;11.0;43404.75
0;2024-09-29;28.1;32.3;25.4;8.70;8.70;0.9;84;63;32400.00;9.8;204;34.3;40.2;31.4;8.0;43369.78
0;2024-09-30;27.9;32.7;25.3;13.10;13.10;1.6;86;65;34523.59;11.9;205;34.2;40.2;31.0;10.0;43334.78
0;2024-10-01;27.9;32.4;25.4;8.10;8.10;2.4;86;63;40968.77;12.2;217;33.9;40.0;30.4;9.0;43299.66
0;2024-10-02;27.6;32.2;25.0;10.60;10.60;1.5;88;63;35547.34;14.9;163;34.3;41.4;30.3;9.0;43264.43
0;2024-10-03;26.8;30.7;24.9;9.80;9.80;0.9;89;63;32400.00;15.5;127;32.7;38.4;29.6;11.0;43229.14
0;2024-10-04;26.8;31.1;24.1;5.60;5.60;1.9;87;63;32833.07;12.5;323;32.4;37.5;29.3;8.0;43193.80
0;2024-10-05;27.2;31.8;23.9;4.70;4.70;2.8;85;61;36000.00;11.5;319;32.9;39.3;28.9;4.0;43158.44
0;2024-10-06;26.7;30.3;24.3;24.20;24.20;1.8;85;63;33137.79;11.6;314;31.6;35.8;28.8;15.0;43123.07
0;2024-10-07;26.4;31.2;23.8;23.40;23.40;2.0;88;65;34841.90;10.6;337;32.1;39.2;29.2;9.0;43087.74
0;2024-10-08;26.4;30.5;24.3;19.30;19.30;1.2;87;63;30178.93;12.1;198;32.1;37.0;29.6;10.0;43052.46
0;2024-10-09;26.6;30.6;24.3;15.20;15.20;0.4;88;65;31082.04;13.3;94;32.6;39.1;29.9;11.0;43017.26
0;2024-10-10;27.0;31.7;24.7;12.30;12.30;3.7;86;65;32400.00;15.8;302;32.6;38.3;30.0;11.0;42982.16
0;2024-10-11;27.1;30.9;24.4;1.60;1.60;2.8;88;53;30636.35;12.9;330;33.1;38.7;29.9;8.0;42947.19
0;2024-10-12;26.7;31.1;24.9;7.60;7.60;2.7;90;63;29398.27;12.5;3;32.6;39.2;30.5;9.0;42912.38
0;2024-10-13;27.4;32.3;24.4;14.00;14.00;2.0;86;65;36000.00;11.9;356;33.4;40.8;29.6;4.0;42877.74
0;2024-10-14;27.3;32.1;24.0;9.80;9.80;2.1;86;65;37644.52;11.5;256;33.3;40.5;29.3;6.0;42843.31
0;2024-10-15;26.7;31.0;24.6;29.10;29.10;1.1;88;63;24088.99;13.7;82;32.5;38.1;29.8;22.0;42809.11
0;2024-10-16;26.5;30.3;24.8;7.30;7.30;1.8;87;63;23782.42;14.3;127;31.7;36.7;29.4;13.0;42775.18
0;2024-10-17;26.6;30.5;24.8;19.60;19.60;1.1;87;65;29830.88;21.6;105;32.4;38.8;30.4;15.0;42741.53
0;2024-10-18;25.9;28.9;23.9;2.90;2.90;0.9;90;55;25754.05;13.7;170;31.2;34.8;29.5;9.0;42708.20
0;2024-10-19;26.1;29.6;24.1;8.40;8.40;0.7;90;63;27116.65;12.2;172;31.7;36.7;29.4;11.0;42675.19
0;2024-10-20;26.2;30.6;24.0;6.80;6.80;0.7;88;61;32452.19;16.8;288;31.7;38.2;29.2;13.0;42642.29
0;2024-10-21;26.4;31.1;23.7;16.10;16.10;3.1;87;63;36884.15;17.3;344;31.3;37.0;28.7;12.0;42609.39
0;2024-10-22;26.1;30.6;23.4;10.80;10.80;4.1;87;63;20716.50;15.5;326;31.0;36.3;26.9;13.0;42576.51
0;2024-10-23;26.3;29.3;24.4;10.00;10.00;0.4;88;63;17159.83;11.7;317;31.5;34.4;29.6;11.0;42543.70
0;2024-10-24;27.5;31.7;24.0;0.60;0.60;3.1;82;51;36034.03;14.3;307;32.5;37.4;28.6;4.0;42510.98
0;2024-10-25;27.2;31.9;23.1;1.00;1.00;2.6;80;53;39600.00;16.5;304;31.6;36.4;26.7;4.0;42478.37
0;2024-10-26;27.9;32.5;24.3;0.10;0.10;7.5;79;51;39295.42;20.7;285;32.2;35.8;29.0;1.0;42445.91
0;2024-10-27;25.6;26.9;24.5;7.30;7.30;1.0;88;63;3416.66;12.4;276;30.4;31.8;27.6;12.0;42413.63
0;2024-10-28;24.8;26.9;23.6;41.90;41.90;1.9;92;63;4092.52;12.9;235;29.6;31.5;27.7;17.0;42381.56
0;2024-10-29;25.6;29.2;23.7;9.20;9.20;3.1;89;63;16190.39;16.2;239;30.2;33.8;28.3;12.0;42349.72
0;2024-10-30;26.4;31.3;23.4;4.70;4.70;2.7;87;61;38225.83;14.3;287;31.5;37.9;28.2;10.0;42318.15
0;2024-10-31;26.9;31.5;23.4;0.20;0.20;3.4;85;51;39600.00;14.3;293;31.9;37.2;27.9;2.0;42286.89
0;2024-11-01;27.1;31.8;24.2;10.50;10.50;1.8;85;63;36000.00;11.1;303;32.6;38.1;29.3;8.0;42255.96
0;2024-11-02;26.6;30.3;23.9;3.80;3.80;2.8;85;61;30603.15;14.4;115;31.3;36.1;28.2;12.0;42225.40
0;2024-11-03;26.7;31.6;23.2;1.80;1.80;0.7;84;61;39600.00;11.4;348;32.0;37.7;27.6;4.0;42195.23
0;2024-11-04;26.3;30.3;23.5;14.30;14.30;1.3;88;63;27368.92;15.2;42;31.8;37.3;27.9;8.0;42165.50
0;2024-11-05;26.3;30.9;23.1;1.20;1.20;1.5;86;53;32400.00;13.6;28;31.6;38.2;27.2;4.0;42136.24
0;2024-11-06;26.5;30.9;24.3;8.80;8.80;0.7;88;63;38851.08;14.2;297;32.1;38.3;27.8;8.0;42107.48
0;2024-11-07;26.7;31.0;23.4;5.30;5.30;1.7;85;63;37825.39;8.8;348;32.3;37.7;28.2;2.0;42079.24
0;2024-11-08;26.7;31.4;23.5;3.80;3.80;2.9;84;63;32400.00;10.5;28;32.0;37.7;27.5;3.0;42051.58
0;2024-11-09;26.7;31.4;24.1;7.70;7.70;2.7;84;63;36000.00;8.3;324;32.1;37.7;29.4;6.0;42024.24
0;2024-11-10;27.4;31.9;23.8;0.60;0.60;3.9;83;51;39600.00;12.4;344;32.5;37.7;28.6;4.0;41997.13
0;2024-11-11;27.6;31.8;23.7;0.20;0.20;3.3;81;51;39600.00;13.3;230;32.8;37.4;28.5;2.0;41970.27
0;2024-11-12;27.2;30.7;23.8;1.60;1.60;3.1;85;53;39600.00;10.0;217;32.8;38.1;28.9;8.0;41943.70
0;2024-11-13;27.2;31.6;24.3;2.80;2.80;0.3;86;61;39600.00;8.1;131;33.1;39.5;30.2;8.0;41917.45
0;2024-11-14;28.3;32.3;24.9;0.00;0.00;4.5;78;3;39637.52;10.7;122;33.3;37.9;30.4;0.0;41891.55
0;2024-11-15;28.1;32.0;24.9;1.00;1.00;2.9;80;51;39639.93;9.4;134;33.6;38.9;30.4;7.0;41866.03
0;2024-11-16;28.8;34.1;24.3;0.00;0.00;2.6;72;3;39641.84;11.0;107;33.4;39.2;29.8;0.0;41840.92
0;2024-11-17;28.7;33.7;24.5;0.10;0.10;2.3;73;51;39643.23;10.9;123;33.4;39.0;30.2;1.0;41816.26
0;2024-11-18;28.9;34.2;23.0;0.00;0.00;1.5;70;3;39644.13;8.5;92;33.4;38.8;27.3;0.0;41792.07
0;2024-11-19;28.9;33.8;24.5;0.90;0.90;1.0;71;51;39600.00;8.9;21;33.7;38.0;29.8;6.0;41768.39
0;2024-11-20;28.2;35.2;24.3;1.40;1.40;1.9;75;53;38331.42;13.0;32;33.1;40.5;29.1;5.0;41745.26
0;2024-11-21;27.7;33.0;24.1;5.90;5.90;0.4;81;63;36623.14;8.7;27;33.4;39.6;29.3;5.0;41722.70
0;2024-11-22;28.2;33.3;24.0;0.50;0.50;1.1;78;51;39600.00;8.9;8;33.6;39.2;29.5;2.0;41700.75
0;2024-11-23;28.2;33.8;23.7;0.30;0.30;0.4;78;51;36000.00;10.0;32;33.6;39.6;28.8;2.0;41679.45
0;2024-11-24;27.9;33.2;24.8;3.80;3.80;0.7;81;63;39600.00;13.8;358;33.5;39.0;30.2;8.0;41658.83
0;2024-11-25;28.9;34.2;24.1;0.10;0.10;3.1;72;51;36477.96;10.8;57;33.6;37.9;29.2;1.0;41638.92
0;2024-11-26;29.7;34.8;24.8;0.00;0.00;2.5;67;3;39600.00;8.9;33;34.2;39.3;29.0;0.0;41619.76
0;2024-11-27;29.1;34.5;24.1;0.90;0.90;1.4;65;53;35452.76;11.1;12;33.1;38.7;27.2;5.0;41601.38
0;2024-11-28;28.8;33.7;25.0;0.70;0.70;4.4;61;51;37636.33;16.5;22;31.3;36.0;26.4;3.0;41583.82
0;2024-11-29;27.0;30.8;24.1;0.00;0.00;1.3;63;3;16797.26;15.7;20;29.2;33.1;24.9;0.0;41566.90
0;2024-11-30;27.8;33.5;23.0;0.00;0.00;3.3;59;3;32400.00;9.4;10;30.4;37.4;24.4;0.0;41550.53
0;2024-12-01;28.5;33.4;25.1;0.30;0.30;3.5;69;51;39600.00;11.1;315;32.7;37.7;29.7;2.0;41534.75
0;2024-12-02;28.7;34.2;25.8;0.70;0.70;0.8;73;51;21673.94;8.2;176;33.8;39.7;31.2;6.0;41519.58
0;2024-12-03;26.6;28.4;25.4;4.50;4.50;0.6;87;61;0.00;5.0;245;32.5;34.4;30.8;11.0;41505.01
0;2024-12-04;26.7;31.4;23.1;2.00;2.00;0.3;85;55;32308.75;8.1;356;32.1;38.6;26.9;7.0;41491.10
0;2024-12-05;26.4;29.6;23.6;1.20;1.20;0.3;86;53;15679.60;12.5;336;31.7;35.0;27.8;6.0;41477.84
0;2024-12-06;27.0;31.5;23.5;4.20;4.20;1.5;86;63;38165.32;10.0;69;32.6;37.4;28.6;6.0;41465.26
0;2024-12-07;26.2;29.7;23.6;4.40;4.40;0.9;91;55;21714.15;7.3;28;32.0;36.2;28.5;11.0;41453.37
0;2024-12-08;27.6;32.1;23.7;0.00;0.00;2.5;78;3;39378.42;10.3;8;32.6;38.5;28.9;0.0;41442.20
0;2024-12-09;27.6;32.0;24.5;0.00;0.00;3.2;71;3;31987.08;11.6;22;31.3;36.5;26.9;0.0;41431.77
0;2024-12-10;26.7;31.4;23.8;0.90;0.90;5.9;75;51;20513.69;13.9;4;30.2;35.8;26.6;4.0;41422.10
0;2024-12-11;25.9;30.5;23.2;13.80;13.80;1.3;86;63;21536.03;11.7;12;30.4;35.7;26.7;10.0;41413.21
0;2024-12-12;26.1;30.0;23.8;14.60;14.60;0.7;91;63;24496.44;13.6;45;31.6;35.5;29.0;12.0;41405.10
0;2024-12-13;26.3;29.7;24.2;21.00;21.00;2.8;89;65;18593.68;15.3;88;31.7;36.0;29.2;15.0;41397.82
0;2024-12-14;25.3;27.0;23.8;9.80;9.80;1.5;93;63;0.00;9.5;343;30.8;32.5;29.1;17.0;41391.36
0;2024-12-15;25.8;28.8;23.8;9.20;9.20;0.7;89;63;26020.89;7.7;351;31.0;34.2;28.1;14.0;41385.75
0;2024-12-16;25.3;28.4;22.8;0.00;0.00;4.1;79;3;18006.15;10.6;7;28.8;32.6;26.0;0.0;41381.01
0;2024-12-17;25.3;29.1;21.6;0.00;0.00;1.2;79;3;32386.88;9.1;347;29.1;33.3;24.2;0.0;41377.16
0;2024-12-18;25.9;30.8;21.4;0.10;0.10;1.4;79;51;39662.23;9.8;357;30.2;36.5;23.9;1.0;41374.21
0;2024-12-19;26.1;30.5;22.3;0.10;0.10;1.7;78;51;39620.18;11.9;354;30.2;35.5;24.8;1.0;41372.13
0;2024-12-20;25.4;30.3;20.8;0.00;0.00;0.7;76;3;39222.92;7.0;341;29.2;34.7;23.2;0.0;41370.90
0;2024-12-21;24.7;29.4;19.5;0.00;0.00;0.8;76;3;31371.87;8.2;325;28.0;33.9;21.0;0.0;41370.52
0;2024-12-22;24.0;27.8;19.6;0.00;0.00;3.9;72;3;17519.96;9.4;340;26.1;30.2;20.7;0.0;41370.97
0;2024-12-23;25.1;31.2;19.6;0.00;0.00;6.1;72;3;31383.68;12.8;329;27.6;35.0;21.1;0.0;41372.24
0;2024-12-24;26.8;30.5;23.6;0.00;0.00;7.8;64;3;16439.45;17.8;358;28.5;31.6;24.9;0.0;41374.34
0;2024-12-25;27.7;32.4;23.6;0.00;0.00;6.3;60;3;35326.66;18.7;4;29.2;33.6;24.5;0.0;41377.25
0;2024-12-26;27.6;31.5;23.9;1.00;1.00;1.1;72;51;38546.16;14.6;81;31.6;34.4;28.1;7.0;41380.96
0;2024-12-27;26.6;32.9;24.3;17.30;17.30;1.4;85;65;26278.62;11.4;25;31.8;38.8;29.3;6.0;41385.47
0;2024-12-28;25.9;31.0;23.8;8.80;8.80;0.5;89;63;28739.61;10.5;278;31.4;37.2;28.6;10.0;41390.77
0;2024-12-29;25.8;30.4;21.9;0.00;0.00;0.7;78;3;39944.39;12.3;2;29.6;35.1;24.5;0.0;41396.85
0;2024-12-30;25.4;30.4;20.5;0.00;0.00;0.5;76;3;39643.99;7.9;327;29.3;35.9;23.0;0.0;41403.69
0;2024-12-31;26.0;30.4;21.8;0.00;0.00;0.8;78;3;23593.63;13.4;6;29.6;34.9;24.6;0.0;41411.30
0;2025-01-01;25.3;28.6;22.3;0.00;0.00;3.6;77;3;17585.81;9.4;3;28.7;33.1;24.3;0.0;41419.66
0;2025-01-02;26.0;30.7;22.4;0.30;0.30;1.1;81;51;27948.74;8.6;352;30.5;36.2;25.2;3.0;41428.76
0;2025-01-03;26.6;30.6;23.4;0.80;0.80;2.9;79;53;26371.72;8.3;39;31.1;35.8;26.1;2.0;41438.58
0;2025-01-04;26.9;31.7;22.3;0.20;0.20;0.8;72;51;40392.35;12.0;344;30.6;36.4;24.4;2.0;41449.14
0;2025-01-05;27.1;33.1;22.6;0.00;0.00;0.3;71;3;33983.02;10.2;5;30.6;35.4;24.5;0.0;41460.40
0;2025-01-06;27.0;32.4;21.9;0.00;0.00;0.3;68;3;37428.17;10.1;330;30.4;35.4;25.2;0.0;41472.37
0;2025-01-07;27.0;32.6;21.6;0.00;0.00;1.5;72;3;40356.36;11.4;166;30.7;36.5;25.5;0.0;41485.03
0;2025-01-08;27.4;33.1;22.6;0.00;0.00;1.2;69;3;40847.94;11.8;217;30.9;36.2;26.9;0.0;41498.52
0;2025-01-09;27.2;32.6;22.1;0.00;0.00;1.1;65;3;36909.44;9.5;358;30.3;35.8;24.9;0.0;41512.88
0;2025-01-10;28.1;33.6;23.9;0.00;0.00;1.4;58;3;33638.37;13.1;19;30.5;37.3;24.9;0.0;41528.08
0;2025-01-11;27.1;33.0;22.3;0.00;0.00;5.1;51;3;37299.92;14.5;11;28.0;34.2;22.9;0.0;41544.10
0;2025-01-12;26.3;31.8;21.3;0.00;0.00;2.9;52;3;41132.70;12.7;8;27.1;33.8;21.4;0.0;41560.88
0;2025-01-13;25.4;31.0;19.5;0.00;0.00;1.3;53;3;38196.02;9.9;317;26.6;33.9;19.3;0.0;41578.41
0;2025-01-14;26.4;34.0;22.0;9.50;9.50;2.8;70;63;34216.17;13.7;24;29.5;36.9;24.0;7.0;41596.65
0;2025-01-15;26.5;31.1;23.3;5.30;5.30;0.6;84;63;36849.50;8.9;19;31.6;36.1;27.4;1.0;41615.59
0;2025-01-16;26.8;31.2;23.3;0.70;0.70;2.1;74;51;40208.00;15.3;27;30.4;34.7;25.0;5.0;41635.17
0;2025-01-17;25.3;30.4;20.8;0.00;0.00;0.5;69;3;39684.65;11.4;45;27.9;34.9;21.9;0.0;41655.38
0;2025-01-18;25.6;31.0;20.4;0.00;0.00;0.6;72;3;40927.64;9.7;318;29.1;36.0;21.9;0.0;41676.18
0;2025-01-19;26.4;31.8;21.7;0.00;0.00;0.4;77;3;40956.96;10.4;320;30.5;35.6;25.4;0.0;41697.55
0;2025-01-20;26.3;31.8;21.8;0.00;0.00;0.3;72;3;39625.88;13.2;176;29.7;35.0;26.2;0.0;41719.45
0;2025-01-21;26.5;32.8;21.1;0.00;0.00;0.4;66;3;40261.62;10.0;19;29.1;35.4;24.8;0.0;41741.86
0;2025-01-22;26.5;34.0;21.3;0.00;0.00;1.5;66;3;37831.46;16.9;151;29.3;36.7;24.4;0.0;41764.74
0;2025-01-23;27.7;34.3;22.8;0.00;0.00;0.2;66;3;39000.93;10.9;157;31.0;38.2;26.3;0.0;41788.07
0;2025-01-24;27.8;34.9;23.1;0.30;0.30;2.1;67;51;39592.29;12.6;124;31.1;38.6;27.0;2.0;41811.82
0;2025-01-25;27.7;34.3;23.6;0.00;0.00;2.7;66;3;39054.38;13.9;135;30.8;38.0;27.1;0.0;41835.96
0;2025-01-26;27.9;34.0;23.8;0.40;0.40;1.5;65;51;40881.83;15.0;109;31.1;37.1;27.5;3.0;41860.46
0;2025-01-27;26.8;32.6;21.6;0.00;0.00;1.8;61;3;38729.29;12.1;272;29.3;35.5;22.3;0.0;41885.31
0;2025-01-28;26.5;32.9;21.4;0.00;0.00;1.0;61;3;40920.24;11.4;275;28.9;35.1;22.9;0.0;41910.73
0;2025-01-29;25.4;31.9;19.5;0.00;0.00;1.6;58;3;41513.49;12.6;104;26.8;33.6;19.6;0.0;41936.81
0;2025-01-30;25.6;30.7;20.3;0.00;0.00;1.6;62;3;35034.72;8.1;296;27.4;32.7;22.0;0.0;41963.51
0;2025-01-31;26.9;32.8;20.4;0.00;0.00;0.6;62;3;37656.70;9.8;295;29.3;35.6;23.5;0.0;41990.80
0;2025-02-01;27.4;33.8;22.4;0.00;0.00;2.3;67;3;40737.57;14.4;190;30.6;37.0;26.5;0.0;42018.63
0;2025-02-02;27.6;34.6;22.1;0.00;0.00;1.0;63;3;41242.25;13.5;142;30.4;38.0;25.8;0.0;42046.98
0;2025-02-03;28.1;34.6;23.3;0.00;0.00;1.5;65;3;41008.76;12.7;136;31.4;38.2;27.3;0.0;42075.79
0;2025-02-04;28.2;34.3;23.8;0.00;0.00;0.5;56;3;41247.70;12.0;286;30.7;37.9;25.0;0.0;42105.06
0;2025-02-05;27.2;34.0;22.0;0.00;0.00;1.1;57;3;41713.68;17.2;121;29.4;37.3;23.3;0.0;42134.73
0;2025-02-06;26.8;33.3;21.7;0.00;0.00;1.0;66;3;41038.98;13.8;24;29.7;36.0;25.5;0.0;42164.76
0;2025-02-07;27.4;33.8;21.7;0.00;0.00;1.2;61;3;40559.92;11.8;271;30.0;35.9;25.0;0.0;42195.15
0;2025-02-08;28.0;34.7;22.9;0.00;0.00;1.5;57;3;41540.64;12.1;282;30.5;37.7;24.2;0.0;42225.83
0;2025-02-09;27.1;33.1;21.6;0.00;0.00;2.7;54;3;41837.08;12.5;45;28.6;35.6;21.7;0.0;42256.79
0;2025-02-10;27.5;33.4;22.8;0.00;0.00;0.4;55;3;28624.94;11.5;273;29.6;37.0;23.6;0.0;42287.99
0;2025-02-11;28.1;34.4;24.4;7.60;7.60;0.9;67;63;39392.34;17.2;175;31.8;38.3;28.1;4.0;42319.40
0;2025-02-12;27.7;32.6;23.5;6.70;6.70;1.9;77;61;40348.65;10.3;236;32.6;38.1;28.2;13.0;42350.98
0;2025-02-13;26.6;31.1;24.0;4.70;4.70;0.3;85;61;25647.82;9.4;151;31.9;37.9;28.7;11.0;42382.72
0;2025-02-14;27.0;31.6;23.6;5.20;5.20;0.7;83;55;39105.25;9.6;154;32.4;38.4;28.2;14.0;42414.56
0;2025-02-15;26.8;31.8;23.3;2.40;2.40;0.9;81;55;41079.30;13.4;130;31.5;37.9;27.8;12.0;42446.49
0;2025-02-16;27.5;32.6;23.7;0.60;0.60;1.1;75;51;41800.51;13.5;120;31.7;38.4;28.2;5.0;42478.49
0;2025-02-17;27.6;33.0;23.2;0.20;0.20;0.4;70;51;40838.49;12.5;124;31.6;38.2;27.8;2.0;42510.80
0;2025-02-18;27.8;34.0;23.5;1.20;1.20;1.3;70;53;40117.47;15.3;127;32.0;38.9;27.8;5.0;42543.52
0;2025-02-19;27.2;33.7;23.3;11.80;11.80;1.8;78;65;41072.87;12.6;164;32.0;39.2;28.1;2.0;42576.62
0;2025-02-20;28.2;34.3;23.7;0.30;0.30;0.5;72;51;40351.12;12.9;125;32.7;39.5;28.7;1.0;42610.08
0;2025-02-21;28.0;33.8;24.8;2.20;2.20;1.0;71;61;37320.03;10.9;99;32.3;37.8;29.3;5.0;42643.85
0;2025-02-22;27.0;31.8;23.8;1.70;1.70;1.3;81;53;40988.91;12.6;65;31.9;37.4;28.4;4.0;42677.92
0;2025-02-23;27.4;31.5;24.4;1.50;1.50;0.3;78;53;34107.96;16.9;74;32.0;35.3;30.3;4.0;42712.23
0;2025-02-24;27.8;32.7;24.4;0.20;0.20;1.5;76;51;34155.20;18.6;82;32.5;37.0;30.1;2.0;42746.78
0;2025-02-25;27.8;32.3;22.9;0.20;0.20;1.4;72;51;42365.29;15.6;71;32.0;35.3;27.0;2.0;42781.54
0;2025-02-26;28.5;34.2;24.4;0.10;0.10;1.7;68;51;40546.98;8.3;67;32.7;38.4;28.9;1.0;42816.46
0;2025-02-27;28.7;35.3;24.1;0.00;0.00;2.0;66;3;42435.66;13.7;133;32.4;39.4;28.8;0.0;42851.53
0;2025-02-28;28.9;35.9;24.2;0.00;0.00;3.8;60;3;42471.03;17.0;124;31.7;39.3;27.5;0.0;42886.71
0;2025-03-01;28.3;36.4;24.0;0.00;0.00;4.3;65;3;42505.42;18.5;133;31.4;39.8;27.5;0.0;42921.98
0;2025-03-02;28.4;34.9;24.3;0.00;0.00;6.9;63;3;42535.29;17.8;131;30.9;37.1;27.3;0.0;42957.30
0;2025-03-03;28.9;35.6;24.3;0.00;0.00;6.1;65;3;42565.51;14.6;138;32.0;39.3;27.6;0.0;42992.65
0;2025-03-04;29.0;35.5;24.4;0.00;0.00;3.4;71;3;42596.02;14.5;146;33.4;40.1;29.8;0.0;43028.01
0;2025-03-05;29.2;36.0;25.2;0.00;0.00;2.6;71;3;40446.15;14.9;134;33.8;40.6;30.7;0.0;43063.35
0;2025-03-06;29.1;35.0;25.6;0.60;0.60;7.8;70;53;42551.09;14.3;130;33.0;38.9;30.3;2.0;43098.63
0;2025-03-07;29.2;35.7;25.0;0.80;0.80;2.7;68;53;42688.64;13.9;112;33.2;39.9;29.7;4.0;43133.83
0;2025-03-08;29.3;35.2;24.5;0.90;0.90;2.8;68;53;42719.68;13.4;24;33.9;40.1;28.9;5.0;43168.94
0;2025-03-09;28.8;32.1;24.9;0.90;0.90;2.8;64;53;18524.19;8.8;42;32.3;34.5;28.3;2.0;43204.18
0;2025-03-10;29.6;35.2;24.8;6.20;6.20;0.4;68;61;41771.90;15.7;85;34.1;39.9;30.6;6.0;43239.65
0;2025-03-11;30.3;36.4;25.1;0.00;0.00;1.8;60;3;42816.48;16.5;108;33.9;39.8;29.9;0.0;43275.33
0;2025-03-12;30.0;36.6;25.7;1.00;1.00;7.1;61;53;42850.19;15.8;119;33.2;40.8;28.9;2.0;43311.20
0;2025-03-13;29.7;35.9;25.8;0.00;0.00;8.1;62;3;42884.51;17.1;123;32.7;38.6;28.8;0.0;43347.22
0;2025-03-14;29.6;36.6;25.1;0.00;0.00;6.9;63;3;42919.35;17.0;124;32.9;40.2;28.7;0.0;43383.37
0;2025-03-15;29.4;36.4;24.9;0.00;0.00;4.6;70;3;42852.92;14.7;138;33.6;41.1;29.7;0.0;43419.64
0;2025-03-16;29.0;35.2;25.4;1.60;1.60;6.1;72;53;42990.34;17.1;134;33.3;39.7;30.6;4.0;43455.98
0;2025-03-17;28.7;35.5;23.5;8.20;8.20;2.3;71;61;36732.04;11.9;16;33.4;41.1;28.2;16.0;43492.40
0;2025-03-18;29.3;35.2;24.4;1.10;1.10;1.4;69;51;43062.59;10.4;129;34.0;40.1;29.5;5.0;43528.84
0;2025-03-19;30.2;36.2;25.5;0.00;0.00;1.0;57;3;43099.01;12.4;23;33.5;39.1;29.1;0.0;43565.30
0;2025-03-20;29.1;35.7;23.6;0.00;0.00;2.1;54;3;41687.79;15.1;15;31.8;39.4;25.2;0.0;43601.74
0;2025-03-21;29.4;36.2;23.9;0.00;0.00;2.8;54;3;36392.43;13.5;33;32.0;39.8;25.6;0.0;43638.15
0;2025-03-22;29.6;36.0;24.2;0.00;0.00;3.6;59;3;43200.00;13.0;102;32.9;40.2;27.7;0.0;43674.49
0;2025-03-23;29.1;35.6;24.9;0.00;0.00;1.5;61;3;41005.10;13.9;143;32.4;39.2;28.5;0.0;43710.75
0;2025-03-24;28.6;36.6;23.9;0.00;0.00;0.7;65;3;43200.00;20.1;132;31.9;41.2;28.0;0.0;43746.89
0;2025-03-25;27.7;33.0;24.5;0.00;0.00;7.3;66;3;32649.37;15.7;148;30.2;36.2;27.6;0.0;43782.91
0;2025-03-26;28.1;34.2;23.8;0.00;0.00;3.7;67;3;43200.00;12.3;141;31.3;38.0;27.7;0.0;43818.76
0;2025-03-27;28.5;35.4;24.1;0.00;0.00;4.8;66;3;43200.00;14.0;143;31.8;39.0;28.3;0.0;43854.42
0;2025-03-28;28.6;34.8;23.7;0.10;0.10;4.0;69;51;40724.51;14.0;151;32.5;39.2;28.5;1.0;43889.89
0;2025-03-29;29.2;35.7;25.2;0.40;0.40;5.8;70;51;43162.95;16.6;133;33.0;39.6;30.0;2.0;43925.35
0;2025-03-30;29.9;37.1;26.0;2.10;2.10;7.0;66;55;43200.00;18.1;122;33.6;41.3;30.1;2.0;43960.93
0;2025-03-31;28.9;33.6;25.0;2.90;2.90;1.7;71;61;22974.86;10.9;143;33.4;37.6;29.4;8.0;43996.59
0;2025-04-01;27.2;32.5;24.9;21.00;21.00;1.1;85;65;18548.12;9.0;140;32.9;39.2;29.8;16.0;44032.30
0;2025-04-02;26.6;29.3;24.4;0.80;0.80;1.9;86;51;29918.16;13.0;122;31.6;33.5;30.2;5.0;44068.05
0;2025-04-03;27.7;32.9;23.9;0.10;0.10;3.2;75;51;43200.00;11.7;107;32.4;38.7;28.2;1.0;44103.81
0;2025-04-04;27.8;33.6;23.2;0.00;0.00;3.3;73;3;43200.00;13.1;126;32.0;39.1;27.6;0.0;44139.55
0;2025-04-05;28.0;33.6;23.9;0.00;0.00;4.8;75;3;43200.00;13.9;132;32.5;39.3;28.0;0.0;44175.26
0;2025-04-06;28.4;33.8;24.5;0.00;0.00;5.7;73;3;43200.00;14.1;129;32.5;38.7;29.4;0.0;44210.91
0;2025-04-07;29.2;36.1;24.6;0.00;0.00;5.1;66;3;43200.00;15.6;126;32.7;39.8;28.7;0.0;44246.48
0;2025-04-08;29.5;35.4;24.9;0.10;0.10;2.4;63;51;41789.93;15.1;121;32.9;38.6;29.5;1.0;44281.94
0;2025-04-09;29.4;35.8;25.7;1.30;1.30;5.2;68;53;43200.00;14.7;133;33.3;40.3;29.9;3.0;44317.26
0;2025-04-10;29.6;35.7;25.8;1.30;1.30;3.3;71;55;43200.00;9.9;154;34.5;39.7;30.9;3.0;44352.42
0;2025-04-11;29.0;34.4;25.8;1.00;1.00;3.3;75;51;35179.56;12.2;144;34.2;39.9;31.5;7.0;44387.40
0;2025-04-12;29.9;35.5;25.3;0.40;0.40;2.7;71;51;43200.00;12.1;150;35.1;41.1;31.2;3.0;44422.17
0;2025-04-13;30.1;36.3;26.4;1.70;1.70;3.9;71;53;40757.16;14.7;129;35.0;41.3;32.0;5.0;44456.70
0;2025-04-14;30.1;36.6;26.3;4.70;4.70;4.2;67;63;42161.80;14.7;115;34.7;42.0;30.9;2.0;44490.97
0;2025-04-15;30.2;35.5;26.3;1.70;1.70;1.4;65;53;42779.24;15.4;116;34.7;40.3;31.6;7.0;44524.95
0;2025-04-16;29.9;35.6;26.7;1.80;1.80;0.4;66;53;42387.06;15.8;136;34.2;40.4;31.3;6.0;44558.61
0;2025-04-17;30.1;36.4;26.2;1.70;1.70;3.1;70;53;43200.00;12.7;139;35.2;41.4;31.7;5.0;44591.94
0;2025-04-18;30.1;36.0;25.5;1.60;1.60;0.8;70;55;41692.43;13.7;157;35.4;41.9;31.0;6.0;44625.13
0;2025-04-19;30.3;35.9;26.3;0.40;0.40;1.3;69;51;43200.00;14.0;140;35.1;41.0;32.4;4.0;44658.28
0;2025-04-20;30.4;36.7;26.0;0.00;0.00;4.1;68;3;43200.00;14.5;138;35.0;40.9;32.0;0.0;44691.36
0;2025-04-21;30.0;35.7;26.4;1.90;1.90;4.3;72;53;43200.00;15.7;131;35.0;41.1;32.5;7.0;44724.35
0;2025-04-22;29.2;33.2;26.6;3.90;3.90;3.8;75;55;43043.27;15.5;137;34.1;37.8;32.3;5.0;44757.23
0;2025-04-23;29.3;35.9;25.7;2.80;2.80;1.7;75;61;43200.00;12.7;160;34.8;41.4;31.8;6.0;44789.97
0;2025-04-24;28.6;34.9;25.4;4.50;4.50;0.2;80;63;36306.43;14.6;194;34.7;41.8;31.9;5.0;44822.53
0;2025-04-25;29.4;34.7;25.7;3.00;3.00;1.5;75;61;43200.00;10.1;159;35.2;41.6;31.7;3.0;44854.90
0;2025-04-26;28.4;34.1;24.9;15.20;15.20;2.6;81;63;39600.00;17.2;112;34.0;40.8;29.9;8.0;44887.06
0;2025-04-27;28.9;34.1;24.5;0.00;0.00;1.7;75;3;43200.00;12.9;121;34.0;39.5;30.4;0.0;44918.96
0;2025-04-28;30.1;36.1;25.9;0.00;0.00;4.2;70;3;43200.00;15.1;132;35.0;40.6;31.9;0.0;44950.59
0;2025-04-29;30.7;36.7;25.9;0.10;0.10;0.4;63;51;43200.00;15.5;125;34.9;40.9;32.0;1.0;44981.91
0;2025-04-30;31.1;36.8;26.6;0.00;0.00;0.8;58;3;43200.00;15.5;123;34.8;41.6;30.9;0.0;45012.91
0;2025-05-01;30.3;36.0;27.8;2.50;2.50;6.2;66;61;35470.40;12.4;122;34.6;40.0;32.2;5.0;45043.54
0;2025-05-02;29.9;34.9;27.2;3.20;3.20;8.1;68;61;42926.01;15.7;128;34.2;39.6;31.1;6.0;45073.79
0;2025-05-03;28.1;32.0;26.0;7.60;7.60;1.9;81;63;36682.60;12.8;122;33.6;37.9;30.3;10.0;45103.62
0;2025-05-04;28.8;33.2;25.3;1.10;1.10;3.0;79;51;36767.84;12.6;137;34.5;40.2;30.8;8.0;45132.99
0;2025-05-05;29.0;33.5;25.6;0.90;0.90;1.8;77;51;43200.00;14.4;163;34.6;39.8;31.9;9.0;45161.89
0;2025-05-06;29.4;34.6;25.7;3.70;3.70;2.7;76;61;43200.00;12.2;176;35.0;40.1;31.8;8.0;45190.27
0;2025-05-07;29.8;35.4;25.9;3.70;3.70;2.1;74;61;43200.00;12.3;202;35.6;41.4;32.1;4.0;45218.12
0;2025-05-08;30.9;37.4;26.0;0.40;0.40;1.5;68;51;41309.89;18.2;217;36.1;42.2;32.1;2.0;45245.63
0;2025-05-09;31.1;37.2;27.3;1.40;1.40;2.3;68;53;39306.40;11.9;198;36.5;43.0;33.1;4.0;45272.86
0;2025-05-10;28.0;30.3;26.1;8.00;8.00;0.6;85;63;252.64;11.6;166;34.0;36.0;31.0;8.0;45299.80
0;2025-05-11;27.8;32.9;25.1;10.50;10.50;0.4;85;63;32675.26;12.3;222;33.9;40.5;30.7;12.0;45326.42
0;2025-05-12;27.6;32.4;25.1;7.50;7.50;1.5;85;63;38506.45;11.9;161;33.5;39.7;30.4;10.0;45352.71
0;2025-05-13;27.4;32.8;24.5;7.70;7.70;2.0;85;63;39568.36;12.3;128;33.1;40.3;28.7;8.0;45378.62
0;2025-05-14;28.7;33.3;25.8;5.90;5.90;1.2;82;63;41824.43;13.6;120;34.8;40.8;31.4;3.0;45404.15
0;2025-05-15;27.7;32.3;25.6;12.10;12.10;2.8;86;63;39600.00;9.5;77;33.8;39.0;30.3;10.0;45429.25
0;2025-05-16;28.5;33.2;25.5;5.70;5.70;0.3;83;63;39600.00;12.1;124;34.8;40.7;31.9;4.0;45453.91
0;2025-05-17;28.7;32.3;25.4;3.30;3.30;1.5;80;61;43200.00;13.0;133;34.3;38.7;30.8;4.0;45478.10
0;2025-05-18;29.1;33.7;25.9;1.40;1.40;4.2;78;53;43200.00;10.4;114;34.8;40.8;31.8;4.0;45501.79
0;2025-05-19;27.8;32.8;25.8;14.10;14.10;4.4;85;63;31449.29;15.3;131;33.5;40.6;31.2;9.0;45524.96
0;2025-05-20;28.2;32.0;25.1;1.20;1.20;1.4;83;53;41653.74;10.8;121;34.5;38.1;31.2;4.0;45547.58
0;2025-05-21;27.9;33.3;25.0;12.00;12.00;0.4;87;63;34923.79;12.8;175;34.6;42.4;30.8;11.0;45569.61
0;2025-05-22;26.9;31.8;23.9;32.00;32.00;0.2;88;63;21720.46;11.8;204;33.2;40.1;29.3;15.0;45591.04
0;2025-05-23;27.6;31.6;25.3;9.90;9.90;1.5;86;63;33120.81;9.5;183;33.8;39.3;30.9;11.0;45611.83
0;2025-05-24;27.0;30.6;25.4;17.70;17.70;0.2;88;65;31995.15;11.0;130;33.1;37.0;31.1;12.0;45631.96
0;2025-05-25;27.1;31.1;25.1;19.00;19.00;2.7;87;65;29216.52;11.5;144;32.8;38.1;30.5;16.0;45651.40
0;2025-05-26;27.7;32.7;24.4;6.00;6.00;0.9;86;63;34190.42;10.4;118;34.0;40.9;30.1;9.0;45670.11
0;2025-05-27;27.7;32.7;24.7;25.00;25.00;0.3;86;65;38791.04;11.3;174;33.8;40.6;29.9;14.0;45688.08
0;2025-05-28;27.5;32.7;24.5;25.90;25.90;1.6;88;65;32400.00;10.1;84;33.8;40.8;30.4;10.0;45705.44
0;2025-05-29;27.0;32.9;24.9;24.90;24.90;4.2;90;65;18000.00;11.7;228;33.1;39.9;30.1;21.0;45722.24
0;2025-05-30;26.9;32.4;24.6;21.00;21.00;1.4;88;63;26600.00;14.9;228;32.7;39.6;29.5;13.0;45738.46
0;2025-05-31;27.5;32.9;24.7;10.40;10.40;2.8;84;63;32400.00;22.3;240;33.0;38.4;28.9;7.0;45754.08
0;2025-06-01;28.5;33.7;25.5;1.00;1.00;0.7;83;51;40876.53;14.2;238;34.6;40.1;31.7;4.0;45769.11
0;2025-06-02;27.6;31.3;25.8;2.00;2.00;2.4;86;53;26150.61;16.9;224;33.0;37.0;31.1;9.0;45783.51
0;2025-06-03;27.3;30.6;25.5;5.90;5.90;2.6;87;63;20142.62;16.2;239;32.8;35.6;31.4;6.0;45797.27
0;2025-06-04;28.2;32.7;26.1;6.50;6.50;1.5;83;61;41279.61;11.9;233;34.2;39.2;31.6;8.0;45810.39
0;2025-06-05;28.1;32.7;25.3;2.50;2.50;3.6;84;61;38430.15;12.7;228;34.0;39.4;31.1;7.0;45822.83
0;2025-06-06;27.7;32.8;24.5;18.30;18.30;0.4;86;65;35818.23;10.7;240;33.9;40.1;30.5;14.0;45834.59
0;2025-06-07;27.0;30.0;24.5;23.40;23.40;0.6;89;65;21965.88;14.3;204;32.9;36.2;29.9;16.0;45845.65
0;2025-06-08;27.0;29.7;24.7;24.40;24.40;3.7;88;65;32264.54;14.6;228;32.4;36.2;29.3;15.0;45856.01
0;2025-06-09;26.8;32.0;25.3;20.80;20.80;1.5;88;65;22480.71;16.5;231;32.2;39.7;29.9;16.0;45865.63
0;2025-06-10;26.7;31.1;25.3;18.10;18.10;5.2;90;63;17812.34;15.5;250;32.0;37.5;30.3;19.0;45874.50
0;2025-06-11;26.4;29.8;25.0;13.00;13.00;5.8;89;63;9287.64;22.1;257;31.1;33.9;29.5;14.0;45882.62
0;2025-06-12;26.7;30.3;24.8;3.30;3.30;4.7;88;53;9930.22;19.0;243;31.2;34.4;29.6;14.0;45889.97
0;2025-06-13;27.0;30.6;24.8;10.20;10.20;5.0;88;63;22173.95;16.8;220;32.1;35.1;29.5;9.0;45896.53
0;2025-06-14;27.6;32.0;25.1;19.20;19.20;2.0;87;65;30163.73;16.9;203;33.6;38.6;31.0;6.0;45902.29
0;2025-06-15;28.4;32.9;25.3;6.00;6.00;1.7;84;63;39615.83;13.7;268;34.6;39.1;31.6;6.0;45907.24
0;2025-06-16;28.0;32.9;25.6;10.60;10.60;1.2;86;63;35820.17;8.3;279;34.5;40.8;31.8;10.0;45911.36
0;2025-06-17;27.5;33.0;25.0;15.10;15.10;1.1;87;65;36000.00;11.0;70;33.9;41.6;30.0;8.0;45914.67
0;2025-06-18;27.2;32.4;24.6;8.10;8.10;3.3;88;63;31881.05;12.4;128;33.3;40.1;30.3;9.0;45917.19
0;2025-06-19;27.3;32.5;24.1;8.20;8.20;0.3;87;63;39818.14;11.8;223;33.6;41.0;29.8;5.0;45918.93
0;2025-06-20;27.2;32.2;24.1;15.20;15.20;0.3;88;63;31017.93;10.6;224;33.5;40.0;28.8;14.0;45919.89
0;2025-06-21;26.6;31.7;24.1;3.00;3.00;1.4;88;61;35145.40;13.4;223;32.2;38.5;29.8;10.0;45920.07
0;2025-06-22;26.5;30.7;24.5;11.70;11.70;3.6;87;63;29272.01;16.8;227;31.4;36.0;28.7;11.0;45919.48
0;2025-06-23;27.4;31.8;24.5;2.00;2.00;4.6;82;53;43200.00;16.4;240;32.2;36.2;29.3;9.0;45918.13
0;2025-06-24;27.1;31.9;24.5;11.10;11.10;2.3;86;65;27730.05;18.8;245;32.7;38.7;29.8;9.0;45916.01
0;2025-06-25;26.7;31.3;24.9;19.10;19.10;1.7;87;65;28198.42;14.3;236;32.1;37.4;29.6;11.0;45913.14
0;2025-06-26;26.1;29.8;24.4;26.00;26.00;1.0;92;65;23897.86;10.4;220;31.8;35.7;29.6;17.0;45909.53
0;2025-06-27;26.8;31.1;24.2;13.00;13.00;1.8;88;63;37435.99;13.4;215;32.4;37.3;29.6;12.0;45905.17
0;2025-06-28;26.8;31.0;24.8;19.80;19.80;2.1;87;65;37627.92;19.7;232;32.1;36.0;29.9;6.0;45900.08
0;2025-06-29;27.2;31.7;24.7;5.90;5.90;2.2;84;63;36592.22;23.4;240;32.1;37.0;29.3;8.0;45894.26
0;2025-06-30;27.9;32.9;24.6;0.90;0.90;3.8;79;51;40461.04;16.4;273;33.0;37.4;29.1;5.0;45887.71
0;2025-07-01;26.9;30.9;24.9;16.70;16.70;2.2;88;63;25380.93;9.9;246;32.5;37.7;29.4;13.0;45880.46
0;2025-07-02;26.5;31.1;24.1;21.00;21.00;2.6;89;65;23312.96;14.3;292;31.9;38.1;29.0;15.0;45872.49
0;2025-07-03;26.7;32.1;24.2;10.60;10.60;1.6;87;65;29254.99;11.8;287;32.0;38.1;29.5;10.0;45863.82
0;2025-07-04;27.4;31.9;24.0;2.40;2.40;2.3;83;61;43200.00;17.3;262;32.8;38.0;29.1;7.0;45854.46
0;2025-07-05;27.6;32.4;24.8;9.90;9.90;3.8;85;63;39766.77;15.3;238;33.2;38.9;30.1;6.0;45844.42
0;2025-07-06;27.5;31.2;25.5;10.40;10.40;5.3;86;63;30907.56;13.4;226;32.9;37.4;30.7;9.0;45833.69
0;2025-07-07;26.7;31.2;24.8;16.00;16.00;4.5;89;63;26265.97;16.6;225;32.0;37.7;29.9;11.0;45822.19
0;2025-07-08;27.0;31.1;24.6;15.00;15.00;2.9;87;65;36000.00;16.3;222;32.2;37.4;29.6;12.0;45809.89
0;2025-07-09;26.9;30.4;24.7;25.40;25.40;3.0;85;65;39600.00;15.1;245;31.9;35.7;29.6;9.0;45796.81
0;2025-07-10;27.5;32.2;24.3;6.30;6.30;1.7;85;63;43200.00;22.0;240;32.7;38.7;29.2;8.0;45782.97
0;2025-07-11;27.8;31.8;25.4;6.50;6.50;4.2;83;63;40034.15;16.1;234;32.8;36.7;30.1;8.0;45768.39
0;2025-07-12;27.4;31.9;25.1;18.10;18.10;1.9;87;63;34130.65;12.1;223;33.2;38.6;30.7;11.0;45753.11
0;2025-07-13;27.4;31.7;25.2;7.80;7.80;2.3;86;63;33621.59;14.8;235;33.0;38.3;30.4;8.0;45737.14
0;2025-07-14;27.1;31.4;24.9;19.80;19.80;2.7;89;65;34163.38;12.8;226;33.0;38.9;30.8;9.0;45720.51
0;2025-07-15;27.1;30.8;24.7;15.70;15.70;2.7;88;63;39784.41;15.2;218;32.8;37.8;30.6;13.0;45703.23
0;2025-07-16;26.7;30.7;24.5;11.10;11.10;2.5;89;63;28800.00;13.2;209;32.3;36.7;30.3;7.0;45685.35
0;2025-07-17;26.7;28.7;24.6;15.10;15.10;2.3;89;65;34794.12;15.2;230;32.2;34.4;29.8;8.0;45666.87
0;2025-07-18;26.5;30.1;24.9;11.00;11.00;0.6;88;63;29525.25;14.8;260;31.7;35.3;30.0;12.0;45647.82
0;2025-07-19;27.1;31.8;25.0;12.10;12.10;2.0;86;63;26589.98;18.3;242;32.1;36.4;29.9;6.0;45628.23
0;2025-07-20;27.1;29.9;25.3;3.40;3.40;7.7;85;61;34776.35;17.1;236;31.8;35.0;30.0;6.0;45608.11
0;2025-07-21;27.2;31.1;24.7;5.40;5.40;8.4;84;61;18375.24;21.9;239;31.6;36.2;28.6;14.0;45587.49
0;2025-07-22;28.4;32.5;25.2;2.00;2.00;7.8;77;53;42842.05;22.6;236;32.6;36.2;29.7;7.0;45566.40
0;2025-07-23;28.1;31.4;25.4;18.40;18.40;3.4;81;63;41221.83;16.8;235;33.3;37.4;29.9;8.0;45544.85
0;2025-07-24;28.9;33.0;25.9;0.00;0.00;2.9;76;3;35963.25;15.4;263;33.9;37.4;31.1;0.0;45522.87
0;2025-07-25;28.7;33.3;24.8;4.00;4.00;2.4;76;63;37393.15;18.8;276;33.4;37.5;29.3;3.0;45500.48
0;2025-07-26;28.3;32.8;25.3;1.10;1.10;2.4;81;53;22642.07;15.5;255;33.4;36.7;30.9;5.0;45477.69
0;2025-07-27;27.2;31.2;25.3;15.90;15.90;7.6;85;63;26942.08;17.2;235;32.0;36.6;30.4;10.0;45454.33
0;2025-07-28;26.9;30.0;24.7;3.60;3.60;6.2;87;61;37624.73;20.8;222;31.6;35.3;29.7;13.0;45430.35
0;2025-07-29;27.9;30.8;25.7;14.70;14.70;7.2;84;63;39860.51;17.9;224;32.9;35.5;30.8;8.0;45405.78
0;2025-07-30;28.7;32.2;26.0;0.30;0.30;8.9;79;51;43200.00;18.4;234;33.6;38.1;30.9;3.0;45380.63
0;2025-07-31;28.0;32.3;25.7;11.50;11.50;6.3;84;63;37882.66;14.7;222;33.4;39.0;30.8;9.0;45354.95
0;2025-08-01;28.4;32.3;25.4;0.80;0.80;6.5;83;51;43200.00;15.6;225;34.0;38.9;30.6;4.0;45328.76
0;2025-08-02;28.6;32.5;25.6;1.70;1.70;3.2;81;53;43200.00;12.6;224;34.4;38.9;31.2;5.0;45302.10
0;2025-08-03;28.4;33.4;25.6;3.20;3.20;0.3;83;63;41365.60;13.0;220;34.6;40.5;31.6;3.0;45274.98
0;2025-08-04;28.1;33.7;24.8;9.00;9.00;1.1;86;65;40223.58;11.5;200;34.7;42.2;30.8;6.0;45247.44
0;2025-08-05;28.1;33.2;25.3;4.80;4.80;3.2;83;63;41070.68;15.5;201;33.8;40.0;29.2;5.0;45219.52
0;2025-08-06;27.7;32.8;25.1;7.60;7.60;2.6;82;63;33956.68;16.1;192;33.2;39.3;30.6;4.0;45191.23
0;2025-08-07;28.4;33.3;24.6;1.70;1.70;0.2;79;53;43200.00;11.7;212;34.3;40.1;30.4;3.0;45162.60
0;2025-08-08;28.3;33.7;24.5;6.80;6.80;0.0;82;63;36000.00;10.1;264;34.7;40.4;30.6;4.0;45133.67
0;2025-08-09;27.2;32.6;23.8;27.90;27.90;1.0;86;65;25091.75;11.9;271;33.0;40.5;28.0;17.0;45104.45
0;2025-08-10;26.8;32.8;23.1;7.80;7.80;0.4;86;63;43200.00;13.2;251;32.4;40.0;28.2;6.0;45074.98
0;2025-08-11;26.5;31.5;24.2;13.50;13.50;3.2;87;63;37102.04;16.0;234;31.6;37.0;29.0;15.0;45045.27
0;2025-08-12;26.8;31.4;24.1;4.40;4.40;5.4;85;53;36956.09;12.7;232;31.9;37.7;28.9;14.0;45015.35
0;2025-08-13;26.5;31.1;24.3;17.10;17.10;0.6;87;65;36506.19;16.5;246;31.7;36.6;29.9;9.0;44985.27
0;2025-08-14;26.2;32.0;23.5;35.10;35.10;0.4;90;65;24987.29;10.7;281;32.1;39.5;28.9;18.0;44955.02
0;2025-08-15;26.0;31.0;23.9;17.50;17.50;0.8;90;65;25200.00;19.0;243;31.3;37.5;28.6;18.0;44924.64
0;2025-08-16;25.1;29.1;23.9;28.80;28.80;3.4;92;63;12027.67;16.8;246;29.6;33.5;28.0;19.0;44893.92
0;2025-08-17;25.7;30.2;23.7;17.00;17.00;6.0;89;63;26923.84;15.3;254;30.4;34.9;28.0;13.0;44862.78
0;2025-08-18;27.1;31.6;23.6;0.60;0.60;3.2;81;51;43200.00;13.7;241;31.8;37.7;27.8;5.0;44831.26
0;2025-08-19;27.6;32.1;24.4;3.00;3.00;2.0;83;55;43200.00;9.6;231;33.2;39.6;29.4;9.0;44799.38
0;2025-08-20;27.3;33.0;23.5;28.50;28.50;1.0;84;65;36361.52;17.5;224;33.0;41.3;27.5;8.0;44767.17
0;2025-08-21;24.8;27.9;23.1;45.90;45.90;2.2;92;65;3094.15;10.3;169;29.6;32.6;27.1;24.0;44734.67
0;2025-08-22;26.2;30.9;22.9;4.80;4.80;2.4;85;61;41659.08;17.3;206;30.9;36.0;27.1;9.0;44701.89
0;2025-08-23;26.7;30.7;23.7;11.60;11.60;0.7;86;65;35498.29;12.4;228;32.1;37.3;28.8;6.0;44668.85
0;2025-08-24;26.6;31.2;24.7;15.50;15.50;6.6;85;63;25292.82;15.0;235;31.2;36.5;29.1;10.0;44635.60
0;2025-08-25;26.0;28.9;24.4;13.70;13.70;8.1;89;63;22085.37;22.3;214;30.4;33.3;28.0;15.0;44602.15
0;2025-08-26;26.4;29.1;24.1;4.80;4.80;3.7;87;53;12963.69;15.2;205;31.2;33.4;28.8;9.0;44568.53
0;2025-08-27;26.5;30.6;24.4;11.40;11.40;1.7;87;61;36813.94;10.5;256;31.7;35.9;29.5;14.0;44534.76
0;2025-08-28;26.6;32.1;23.6;29.70;29.70;2.6;85;65;35950.92;15.8;268;31.5;37.5;28.1;12.0;44500.86
0;2025-08-29;26.3;31.7;23.4;34.70;34.70;4.3;89;63;29541.40;15.7;279;31.3;37.1;27.3;22.0;44466.87
0;2025-08-30;26.6;31.0;24.8;8.20;8.20;2.2;89;61;34388.32;20.1;239;31.8;37.2;29.4;17.0;44432.81
0;2025-08-31;26.7;32.0;24.4;23.50;23.50;3.1;88;65;26927.52;12.8;224;32.2;39.9;29.5;13.0;44398.70
0;2025-09-01;26.5;30.8;24.6;7.20;7.20;3.8;90;53;24405.71;17.6;240;32.0;37.3;30.0;20.0;44364.55
0;2025-09-02;25.8;29.8;24.4;44.40;44.40;3.2;93;65;14512.82;12.8;233;31.2;35.6;29.0;23.0;44330.41
0;2025-09-03;26.3;30.4;24.1;12.70;12.70;0.6;90;65;31266.36;11.5;289;32.0;35.9;29.4;13.0;44296.28
0;2025-09-04;26.6;31.2;23.9;15.40;15.40;1.5;88;65;38860.48;12.3;229;32.3;38.0;29.1;12.0;44262.18
0;2025-09-05;26.9;31.7;24.6;25.60;25.60;1.7;88;65;23188.54;9.9;224;32.7;38.9;30.2;9.0;44227.92
0;2025-09-06;26.7;31.9;23.7;24.60;24.60;0.4;87;63;28282.17;12.7;237;32.3;38.6;28.7;16.0;44193.40
0;2025-09-07;25.7;28.8;23.8;40.30;40.30;0.8;92;65;9762.18;14.6;211;31.0;34.6;28.1;22.0;44158.65
0;2025-09-08;26.4;31.5;24.2;13.40;13.40;0.6;90;63;28630.53;18.8;182;32.0;39.1;29.6;16.0;44123.71
0;2025-09-09;26.5;30.8;24.2;10.90;10.90;0.8;89;63;26287.78;21.1;189;32.1;37.2;29.9;5.0;44088.58
0;2025-09-10;26.9;31.8;24.0;6.60;6.60;1.1;88;63;36000.00;8.4;327;33.2;39.9;29.6;10.0;44053.30
0;2025-09-11;26.6;32.2;23.8;5.50;5.50;0.3;88;55;31955.25;11.4;44;32.6;40.2;29.6;13.0;44017.88
0;2025-09-12;26.5;31.3;23.5;12.00;12.00;1.8;87;63;31977.24;17.6;109;32.1;38.7;28.6;8.0;43982.36
0;2025-09-13;26.6;30.0;24.4;6.40;6.40;0.4;87;63;23511.82;14.5;125;32.0;35.3;30.3;11.0;43946.75
0;2025-09-14;26.2;29.9;24.3;21.10;21.10;0.2;89;65;24516.27;12.9;204;31.9;36.6;30.1;16.0;43911.08
0;2025-09-15;26.6;31.8;23.3;12.40;12.40;0.0;89;65;33197.17;15.0;283;32.7;39.6;28.8;11.0;43875.38
0;2025-09-16;26.4;30.5;24.1;11.70;11.70;1.3;88;65;23890.37;10.3;297;32.0;36.9;29.5;9.0;43839.65
0;2025-09-17;26.6;31.9;23.9;17.00;17.00;1.7;86;65;32491.77;21.0;269;31.9;37.0;28.3;10.0;43803.92
0;2025-09-18;26.6;31.8;23.9;14.60;14.60;1.5;88;63;35091.80;12.4;255;32.3;38.6;29.6;11.0;43768.23
0;2025-09-19;26.7;31.4;24.7;12.90;12.90;5.2;85;63;17876.20;14.0;249;31.6;36.8;29.3;14.0;43732.58
0;2025-09-20;27.8;32.9;24.4;5.10;5.10;3.9;80;63;40682.12;14.2;252;32.9;38.7;28.9;7.0;43697.01
0;2025-09-21;27.1;31.5;24.5;20.90;20.90;0.6;86;63;33226.79;12.6;254;32.8;37.2;29.5;13.0;43661.53
0;2025-09-22;25.3;27.3;23.6;17.60;17.60;2.2;90;63;0.00;14.1;255;29.9;33.0;26.7;23.0;43626.16
0;2025-09-23;25.9;29.6;23.3;2.60;2.60;3.0;86;53;12232.73;13.0;268;30.4;33.0;27.6;12.0;43590.93
0;2025-09-24;27.0;31.5;24.7;1.90;1.90;3.1;85;53;35156.21;21.1;241;32.0;36.8;29.6;7.0;43555.85
0;2025-09-25;27.1;31.4;24.9;15.10;15.10;6.0;85;63;27685.12;18.4;241;31.8;36.3;29.3;12.0;43520.72
0;2025-09-26;26.3;30.0;24.9;15.60;15.60;2.4;89;63;7200.00;10.7;263;31.4;35.6;29.7;18.0;43485.43
0;2025-09-27;25.6;30.2;24.2;14.10;14.10;3.9;93;63;15317.35;16.3;276;30.9;36.4;28.7;21.0;43450.02
0;2025-09-28;26.0;30.6;23.9;14.20;14.20;7.7;90;63;18704.99;16.2;217;30.7;36.4;28.4;17.0;43414.52
0;2025-09-29;26.1;29.7;24.1;20.60;20.60;7.3;89;63;28463.54;16.4;186;30.6;34.2;28.4;15.0;43378.94
0;2025-09-30;26.4;30.0;24.2;8.60;8.60;2.8;88;63;28235.14;12.3;149;31.6;35.3;29.0;11.0;43343.31
0;2025-10-01;26.6;31.6;24.1;7.80;7.80;0.6;87;63;40963.68;10.1;112;32.6;40.1;29.1;9.0;43307.67
0;2025-10-02;27.5;31.7;23.9;0.00;0.00;1.1;82;3;40749.01;7.0;99;33.4;38.8;29.2;0.0;43272.01
0;2025-10-03;26.7;31.1;24.5;13.00;13.00;1.2;88;63;36307.06;15.1;173;32.6;38.1;30.2;10.0;43236.38
0;2025-10-04;27.6;32.4;24.4;5.90;5.90;1.6;82;63;40553.72;13.7;208;33.3;38.5;30.1;6.0;43200.80
0;2025-10-05;27.2;31.5;24.4;2.00;2.00;0.6;84;61;20354.20;12.3;208;32.6;36.2;29.5;1.0;43165.28
0;2025-10-06;27.5;32.9;24.7;10.90;10.90;0.9;83;63;39600.00;18.8;217;33.2;38.7;30.0;4.0;43129.87
0;2025-10-07;27.3;32.5;24.7;3.70;3.70;2.2;85;63;37205.29;17.1;218;33.1;39.4;30.4;4.0;43094.56
0;2025-10-08;26.4;32.0;23.2;24.40;24.40;0.6;88;65;32400.00;9.4;129;32.1;39.4;27.7;17.0;43059.41
0;2025-10-09;26.5;31.1;23.7;3.20;3.20;0.2;87;61;35521.54;9.2;111;32.3;38.8;28.3;7.0;43024.42
0;2025-10-10;26.5;30.1;23.9;5.90;5.90;0.9;88;63;30362.16;9.4;105;32.2;37.6;29.2;6.0;42989.62
0;2025-10-11;26.5;30.3;23.5;18.00;18.00;0.3;87;63;29380.66;9.4;152;31.9;37.1;28.0;19.0;42955.05
0;2025-10-12;26.7;31.2;23.9;9.60;9.60;0.2;87;63;28800.00;10.2;152;32.5;37.8;28.5;17.0;42920.71
0;2025-10-13;26.5;30.3;24.2;20.10;20.10;2.2;90;63;15953.05;10.0;112;32.4;37.8;29.4;16.0;42886.64
0;2025-10-14;27.0;31.2;24.4;11.90;11.90;1.9;86;63;36000.00;9.3;103;32.8;38.0;29.5;15.0;42852.87
0;2025-10-15;27.7;32.8;24.8;9.40;9.40;0.6;84;63;35834.40;14.1;62;33.8;38.9;30.6;3.0;42819.14
0;2025-10-16;27.6;32.3;24.4;0.70;0.70;2.0;84;51;39600.00;10.7;1;33.6;39.2;29.6;2.0;42785.38
0;2025-10-17;27.7;32.7;24.7;4.80;4.80;0.4;84;63;34422.76;7.5;8;33.9;40.1;29.8;9.0;42751.61
0;2025-10-18;26.6;31.9;24.5;5.50;5.50;0.4;88;63;35746.69;14.0;71;32.6;39.3;30.1;10.0;42717.85
0;2025-10-19;28.0;32.9;24.5;0.30;0.30;1.6;82;51;36270.31;7.6;347;34.0;39.4;29.6;1.0;42684.14
0;2025-10-20;28.0;33.2;24.6;12.00;12.00;1.7;83;63;39600.00;10.5;323;33.7;39.9;29.5;9.0;42650.51
0;2025-10-21;27.6;32.3;24.7;8.50;8.50;2.6;86;63;35898.38;10.3;352;33.6;39.7;30.3;14.0;42616.98
0;2025-10-22;27.2;32.1;24.1;10.80;10.80;1.0;88;63;32564.13;9.0;81;33.4;40.3;28.9;16.0;42583.57
0;2025-10-23;26.8;31.4;24.3;4.60;4.60;0.5;87;63;32015.11;8.9;344;32.7;38.3;29.7;4.0;42550.33
0;2025-10-24;27.0;32.1;24.7;17.90;17.90;0.4;88;65;28437.16;8.1;318;33.5;39.9;29.9;13.0;42517.28
0;2025-10-25;26.0;29.0;23.8;2.20;2.20;1.3;90;53;2313.38;9.5;348;31.3;34.5;28.4;9.0;42484.44
0;2025-10-26;26.4;30.5;23.6;10.60;10.60;0.5;87;63;23188.61;10.2;268;31.9;36.3;28.6;10.0;42451.85
0;2025-10-27;26.1;30.4;23.2;4.00;4.00;1.3;87;61;26489.88;12.3;321;31.2;37.0;28.0;11.0;42419.55
0;2025-10-28;25.7;29.8;24.3;35.40;35.40;0.5;92;65;21092.09;6.6;279;31.4;36.0;29.4;21.0;42387.55
0;2025-10-29;26.1;29.2;24.4;6.90;6.90;1.9;90;61;22759.03;9.0;84;31.5;34.3;29.6;16.0;42355.89
0;2025-10-30;26.2;28.5;24.5;4.40;4.40;0.4;91;53;6341.59;12.0;153;31.5;34.2;29.7;21.0;42324.61
0;2025-10-31;27.0;30.8;24.3;9.40;9.40;1.4;87;63;36000.00;14.9;156;32.7;37.8;29.5;10.0;42293.73
0;2025-11-01;26.2;30.7;24.5;32.00;32.00;0.4;91;65;26954.38;10.6;355;32.2;37.8;29.9;18.0;42263.30
0;2025-11-02;26.5;31.2;23.9;6.80;6.80;1.4;85;63;31731.22;10.1;286;31.8;37.0;29.0;8.0;42233.32
0;2025-11-03;26.1;28.7;24.1;19.30;19.30;1.6;89;65;20337.19;9.2;291;31.6;34.0;29.0;15.0;42203.85
0;2025-11-04;26.5;30.8;24.0;15.10;15.10;0.0;87;63;35915.23;10.7;314;32.1;36.6;28.5;18.0;42174.63
0;2025-11-05;26.2;29.9;24.0;8.70;8.70;0.3;90;63;21341.89;9.5;150;32.1;35.7;29.7;13.0;42145.56
0;2025-11-06;25.8;28.6;23.9;9.10;9.10;0.8;91;61;0.00;14.1;279;30.9;33.4;29.2;13.0;42116.69
0;2025-11-07;26.3;31.3;24.3;8.90;8.90;2.3;90;63;29094.11;13.7;214;31.8;38.6;28.2;18.0;42088.03
0;2025-11-08;27.0;31.1;24.4;5.30;5.30;1.4;88;63;39600.00;8.6;145;33.2;38.5;30.0;12.0;42059.61
0;2025-11-09;27.0;31.5;24.1;9.80;9.80;1.1;88;65;32783.59;11.5;192;33.2;39.8;29.3;9.0;42031.48
0;2025-11-10;27.0;31.7;24.5;2.00;2.00;0.9;88;53;38384.92;11.8;200;33.1;39.1;29.6;7.0;42003.65
0;2025-11-11;26.9;31.6;23.8;3.80;3.80;0.8;86;61;34367.29;9.9;99;32.6;38.5;28.5;12.0;41976.17
0;2025-11-12;26.4;30.4;24.2;7.10;7.10;0.9;88;63;39600.00;11.4;122;32.1;37.8;29.6;11.0;41949.06
0;2025-11-13;26.8;31.8;23.7;9.10;9.10;0.6;86;63;39600.00;10.3;17;32.4;38.4;28.8;9.0;41922.36
0;2025-11-14;26.9;31.7;23.4;0.20;0.20;0.0;79;51;37054.32;10.7;339;31.4;34.5;28.4;1.0;41896.11
0;2025-11-15;25.9;31.2;20.6;0.00;0.00;1.3;75;3;39600.00;8.9;12;29.8;35.8;22.0;0.0;41870.33
0;2025-11-16;25.1;29.6;23.6;21.70;21.70;1.3;88;65;18000.00;9.4;328;29.8;35.3;26.9;11.0;41845.06
0;2025-11-17;25.5;28.6;23.4;11.90;11.90;0.4;90;61;7200.00;8.3;44;30.8;33.7;28.6;17.0;41820.33
0;2025-11-18;26.0;30.1;24.1;10.10;10.10;1.3;90;63;37026.79;13.1;347;31.5;36.5;28.2;8.0;41796.19
0;2025-11-19;25.4;31.3;23.1;23.20;23.20;4.4;91;65;25200.00;15.3;354;30.2;37.1;27.0;13.0;41772.67
0;2025-11-20;25.4;29.0;22.4;0.60;0.60;4.7;82;51;22266.53;12.9;350;29.0;33.4;24.7;4.0;41749.79
0;2025-11-21;25.7;29.5;22.9;0.30;0.30;1.5;80;51;22211.81;9.5;356;29.5;33.9;25.6;1.0;41727.60
0;2025-11-22;25.1;27.6;23.3;2.70;2.70;3.0;83;53;729.41;10.6;6;29.1;30.9;26.4;7.0;41706.14
0;2025-11-23;26.0;31.1;23.5;4.40;4.40;2.7;86;61;26950.15;11.2;355;31.0;36.4;28.0;9.0;41685.43
0;2025-11-24;27.2;31.9;23.6;1.20;1.20;1.7;83;51;39600.00;8.6;1;32.6;38.2;27.8;6.0;41665.27
0;2025-11-25;26.9;31.7;23.6;0.00;0.00;2.7;74;3;39600.00;14.9;8;30.6;36.8;25.1;0.0;41645.59
0;2025-11-26;25.9;31.1;21.8;0.00;0.00;3.7;70;3;38867.50;13.3;349;28.8;36.2;23.8;0.0;41626.40
0;2025-11-27;25.6;30.6;21.9;0.00;0.00;9.4;69;3;39600.00;15.2;354;27.6;34.8;22.4;0.0;41607.72
0;2025-11-28;24.5;29.3;19.5;0.00;0.00;8.1;63;3;36776.59;15.5;337;25.4;31.8;19.0;0.0;41589.59
0;2025-11-29;26.0;31.5;20.8;0.00;0.00;5.2;67;3;39600.00;10.7;321;28.6;34.8;22.6;0.0;41572.02
0;2025-11-30;27.9;33.0;22.5;0.60;0.60;3.3;65;51;39613.89;9.8;324;31.4;37.5;25.3;3.0;41555.04
0;2025-12-01;29.2;34.2;24.2;0.10;0.10;1.0;64;51;39600.00;9.6;319;33.2;37.7;28.5;1.0;41538.68
0;2025-12-02;28.2;33.4;24.9;5.30;5.30;1.8;75;61;39459.67;9.3;176;32.9;37.7;29.2;11.0;41522.96
0;2025-12-03;26.2;31.4;23.9;29.10;29.10;1.4;86;65;31814.68;10.6;8;31.5;37.0;28.5;14.0;41507.90
0;2025-12-04;26.4;29.9;23.5;9.30;9.30;2.1;84;63;27949.22;19.0;109;30.6;34.0;26.1;15.0;41493.53
0;2025-12-05;26.9;31.1;23.6;0.80;0.80;0.2;83;51;37590.27;6.9;316;32.5;37.7;29.0;4.0;41479.87
0;2025-12-06;26.2;30.8;21.9;0.30;0.30;0.5;79;51;39446.44;9.9;307;30.7;35.3;25.1;3.0;41466.95
0;2025-12-07;26.0;31.1;21.1;0.40;0.40;1.2;76;51;39628.43;9.6;344;30.1;35.8;23.9;3.0;41454.79
0;2025-12-08;25.5;30.6;20.2;0.00;0.00;3.4;64;3;39382.57;11.3;2;27.5;33.7;21.1;0.0;41443.42
0;2025-12-09;26.8;31.6;21.7;0.10;0.10;2.8;64;51;39205.28;14.2;5;29.2;35.1;24.4;1.0;41432.87
0;2025-12-10;26.1;31.0;24.0;13.10;13.10;1.0;76;63;25778.24;13.0;12;29.4;34.3;25.8;9.0;41423.14
0;2025-12-11;26.4;31.2;23.1;8.00;8.00;0.2;82;63;24858.25;14.5;120;30.7;35.1;27.0;4.0;41414.28
0;2025-12-12;27.4;31.6;23.4;0.00;0.00;1.2;76;3;39258.03;10.3;99;31.9;36.6;27.5;0.0;41406.31
0;2025-12-13;27.1;32.0;23.7;15.90;15.90;0.5;83;63;34209.63;14.6;56;32.6;38.7;28.4;5.0;41399.24
0;2025-12-14;27.4;31.7;23.6;0.10;0.10;1.6;78;51;39198.05;7.3;13;32.4;37.4;27.9;1.0;41393.01
0;2025-12-15;27.9;33.1;23.7;0.00;0.00;0.2;72;3;36864.68;9.3;11;32.3;37.1;27.5;0.0;41387.57
0;2025-12-16;28.0;34.0;23.9;0.30;0.30;1.7;72;51;39254.61;6.4;25;32.6;38.3;28.6;2.0;41382.92
0;2025-12-17;27.9;33.7;23.5;0.70;0.70;1.4;74;51;39466.68;9.1;51;32.5;38.6;28.3;5.0;41379.06
0;2025-12-18;27.8;32.7;23.5;0.50;0.50;0.8;70;51;39074.78;7.7;326;32.0;37.3;27.9;4.0;41376.00
0;2025-12-19;28.1;33.7;23.1;0.30;0.30;0.3;69;51;39376.48;10.1;282;32.1;38.3;25.8;3.0;41373.74
0;2025-12-20;28.2;33.4;23.7;0.40;0.40;3.1;74;51;39330.70;10.3;291;32.8;37.4;28.7;4.0;41372.27
0;2025-12-21;28.3;34.5;23.8;0.20;0.20;1.5;71;51;39797.81;8.5;275;32.7;39.3;27.8;2.0;41371.60
0;2025-12-22;28.6;33.9;24.3;1.00;1.00;2.2;71;53;39238.49;11.3;281;33.0;37.9;28.8;5.0;41371.72
0;2025-12-23;28.0;33.3;24.7;0.80;0.80;1.3;74;51;35610.57;9.0;262;32.6;38.3;29.7;5.0;41372.63
0;2025-12-24;27.9;33.4;24.7;7.10;7.10;0.6;76;61;35404.74;8.3;183;32.7;37.6;30.0;9.0;41374.34
0;2025-12-25;26.6;31.3;24.3;26.70;26.70;1.5;87;65;30395.07;18.2;22;32.0;36.5;29.1;12.0;41376.84
0;2025-12-26;26.1;30.7;23.3;1.60;1.60;2.7;85;53;35231.62;9.7;343;31.2;36.6;26.9;4.0;41380.13
0;2025-12-27;25.6;30.3;22.3;0.70;0.70;1.7;82;51;34622.52;9.7;269;30.0;35.6;25.1;5.0;41384.20
0;2025-12-28;26.1;31.0;22.3;0.00;0.00;0.5;80;3;40248.96;10.7;149;30.6;36.1;26.0;0.0;41389.06
0;2025-12-29;26.1;31.2;22.8;0.00;0.00;1.8;78;3;37966.00;10.2;356;30.1;34.8;27.1;0.0;41394.71
0;2025-12-30;25.4;30.5;21.6;0.00;0.00;0.6;75;3;38390.44;9.3;138;29.2;35.2;25.7;0.0;41401.13
0;2025-12-31;25.5;31.2;21.0;0.00;0.00;0.5;74;3;40377.63;11.8;111;28.9;34.8;24.6;0.0;41408.34
1;2020-01-01;19.4;20.6;18.3;6.30;6.30;3.3;90;55;1722.88;10.2;33;21.1;23.2;19.0;17.0;39280.65
1;2020-01-02;20.7;24.6;17.9;0.50;0.50;0.8;89;51;4264.03;11.3;93;23.0;27.3;20.3;2.0;39298.29
1;2020-01-03;22.0;26.0;18.7;1.50;1.50;2.0;86;51;22762.13;15.5;122;24.2;28.1;21.3;12.0;39317.49
1;2020-01-04;21.6;24.8;18.6;2.30;2.30;6.1;89;53;20965.09;13.8;124;23.9;26.8;20.8;11.0;39338.20
1;2020-01-05;21.6;25.9;18.2;1.30;1.30;4.2;88;51;29059.43;14.4;141;23.8;27.7;20.0;8.0;39360.40
1;2020-01-06;21.8;25.2;19.9;1.40;1.40;4.9;89;51;25609.24;20.8;157;23.9;26.0;22.1;7.0;39384.04
1;2020-01-07;22.5;26.7;19.3;1.30;1.30;4.0;87;51;34284.54;13.7;150;25.1;28.8;21.9;9.0;39409.09
1;2020-01-08;22.6;27.2;19.4;1.50;1.50;4.0;86;51;33228.35;15.6;144;25.1;28.7;21.7;7.0;39435.52
1;2020-01-09;22.9;27.2;19.6;0.00;0.00;4.4;84;3;35023.71;15.5;172;25.3;28.6;22.3;0.0;39463.28
1;2020-01-10;23.0;27.5;20.0;0.30;0.30;7.2;84;51;35096.95;18.8;180;25.1;28.2;22.6;3.0;39492.35
1;2020-01-11;21.9;27.1;16.7;5.60;5.60;4.6;84;63;31048.96;16.0;157;23.8;28.9;15.3;7.0;39522.69
1;2020-01-12;15.7;18.3;13.9;0.40;0.40;1.8;72;51;7200.00;19.2;354;14.3;18.1;11.0;4.0;39554.27
1;2020-01-13;18.7;21.6;15.6;1.10;1.10;2.0;83;51;2104.40;10.7;72;19.8;23.0;16.0;9.0;39587.04
1;2020-01-14;20.7;23.7;18.4;2.70;2.70;0.5;90;53;11154.22;18.9;178;22.9;24.9;21.1;10.0;39620.99
1;2020-01-15;22.2;25.5;19.7;0.40;0.40;10.5;82;51;19551.67;24.5;171;23.2;25.1;21.3;4.0;39656.45
1;2020-01-16;22.2;25.5;19.5;1.80;1.80;4.7;85;51;26051.99;14.0;133;24.3;27.5;21.3;8.0;39693.55
1;2020-01-17;17.5;19.5;14.8;2.10;2.10;4.2;78;53;583.34;13.7;355;17.3;21.0;13.4;8.0;39732.21
1;2020-01-18;18.1;20.3;16.3;1.20;1.20;3.6;86;51;0.00;10.7;5;18.8;21.8;16.7;8.0;39772.36
1;2020-01-19;15.7;18.3;14.4;3.20;3.20;7.4;85;53;0.00;17.4;347;15.0;19.4;12.6;15.0;39813.94
1;2020-01-20;16.5;20.0;14.3;0.30;0.30;1.6;83;51;2226.11;10.6;341;16.7;21.1;13.4;3.0;39856.86
1;2020-01-21;19.2;25.2;14.4;0.10;0.10;0.8;86;51;27860.61;18.3;175;20.2;25.3;15.1;1.0;39901.08
1;2020-01-22;21.6;26.4;18.8;0.90;0.90;5.2;88;51;11033.29;19.4;172;23.5;27.3;20.6;4.0;39946.49
1;2020-01-23;22.4;26.0;19.8;1.10;1.10;7.6;87;51;5728.09;19.0;160;24.5;27.4;22.2;8.0;39993.06
1;2020-01-24;22.9;26.0;20.7;10.90;10.90;7.6;88;63;17168.53;23.8;144;24.9;27.0;23.1;9.0;40040.69
1;2020-01-25;17.8;21.9;12.3;65.40;65.40;7.5;91;65;6372.81;25.3;21;17.4;23.9;9.1;24.0;40089.34
1;2020-01-26;13.8;17.9;11.5;1.60;1.60;5.5;67;53;14432.28;21.5;1;11.1;15.7;7.9;5.0;40138.93
1;2020-01-27;14.5;17.6;12.2;0.00;0.00;2.1;65;3;34756.73;13.3;30;12.8;16.6;9.4;0.0;40189.41
1;2020-01-28;15.0;17.1;13.0;0.00;0.00;2.6;72;3;1846.56;11.4;19;13.9;16.2;11.0;0.0;40240.69
1;2020-01-29;14.3;17.2;11.8;0.40;0.40;6.1;63;51;34362.66;17.7;359;12.0;14.6;8.9;3.0;40292.73
1;2020-01-30;14.6;20.2;10.1;0.00;0.00;4.9;66;1;37888.86;14.2;38;13.0;19.6;8.4;0.0;40345.45
1;2020-01-31;15.9;21.1;10.3;0.00;0.00;1.4;71;3;18458.00;13.2;84;15.0;20.4;9.1;0.0;40398.81
1;2020-02-01;16.9;19.1;14.5;1.70;1.70;3.1;88;51;4139.27;11.4;357;17.6;20.6;14.3;9.0;40452.72
1;2020-02-02;19.3;24.0;15.8;1.00;1.00;1.8;87;53;31481.14;20.8;163;20.4;24.6;17.2;4.0;40507.15
1;2020-02-03;20.0;23.5;17.2;11.50;11.50;4.9;93;61;5226.85;15.2;122;21.8;25.5;18.7;22.0;40562.03
1;2020-02-04;15.6;17.5;14.1;5.20;5.20;8.4;88;55;0.00;13.5;348;15.1;18.7;13.1;17.0;40617.87
1;2020-02-05;16.1;19.0;13.9;3.90;3.90;0.4;91;51;0.00;12.2;354;16.6;19.8;13.4;18.0;40674.83
1;2020-02-06;20.3;25.7;17.2;0.40;0.40;2.2;86;51;22994.44;17.0;190;21.9;26.0;18.8;2.0;40732.85
1;2020-02-07;20.3;23.4;18.3;8.80;8.80;0.7;92;61;7950.58;20.1;98;22.2;24.9;19.4;11.0;40791.85
1;2020-02-08;18.8;20.7;16.9;10.70;10.70;7.2;90;63;1515.34;18.0;59;19.7;21.2;17.6;14.0;40851.76
1;2020-02-09;14.9;16.1;13.6;4.30;4.30;4.4;84;53;0.00;15.9;353;13.9;16.1;12.2;16.0;40912.52
1;2020-02-10;16.7;19.6;14.0;1.00;1.00;2.5;79;51;10869.00;11.3;38;16.6;19.9;12.9;6.0;40974.06
1;2020-02-11;19.9;24.2;15.6;1.40;1.40;0.5;85;51;22205.01;17.3;181;21.3;24.7;16.9;7.0;41036.30
1;2020-02-12;22.0;25.5;19.6;2.40;2.40;3.4;89;53;6403.17;19.5;163;24.3;26.8;22.0;13.0;41099.19
1;2020-02-13;23.1;26.4;21.0;3.10;3.10;5.6;92;55;10894.39;19.6;147;26.2;28.8;23.7;10.0;41162.65
1;2020-02-14;24.2;28.3;21.8;0.30;0.30;3.8;86;51;23048.65;17.7;161;27.3;31.2;25.1;3.0;41226.62
1;2020-02-15;24.7;30.8;19.6;4.60;4.60;1.6;84;63;29192.03;21.7;109;28.2;35.8;19.0;3.0;41291.04
1;2020-02-16;15.5;18.4;12.8;3.50;3.50;8.7;56;61;5880.32;26.8;12;12.0;17.5;8.0;7.0;41355.85
1;2020-02-17;16.8;19.1;14.4;0.00;0.00;3.4;49;3;31684.38;16.7;13;14.3;16.8;10.7;0.0;41420.97
1;2020-02-18;16.6;20.5;13.7;0.00;0.00;4.1;54;3;32566.05;16.4;62;14.9;20.1;12.5;0.0;41486.36
1;2020-02-19;16.8;20.5;12.6;0.00;0.00;1.1;76;3;5791.11;8.4;24;16.8;21.3;11.6;0.0;41551.95
1;2020-02-20;19.7;23.4;16.1;0.80;0.80;3.6;86;51;6986.82;15.4;93;20.9;24.4;17.0;7.0;41617.69
1;2020-02-21;20.4;24.3;17.2;1.80;1.80;2.6;84;53;30997.84;19.3;89;21.6;24.2;18.6;10.0;41683.51
1;2020-02-22;19.3;24.4;15.1;0.00;0.00;1.8;81;3;34630.43;15.9;60;20.1;24.5;15.6;0.0;41749.35
1;2020-02-23;19.1;25.3;14.0;0.10;0.10;3.1;83;51;35260.01;13.8;90;20.1;25.5;14.6;1.0;41815.17
1;2020-02-24;20.0;26.2;14.9;0.10;0.10;1.3;82;51;35740.03;15.4;174;21.1;26.1;16.1;1.0;41881.47
1;2020-02-25;20.9;25.6;16.8;0.70;0.70;2.3;85;51;23399.98;15.6;167;22.6;26.3;18.5;4.0;41948.44
1;2020-02-26;21.1;26.4;17.0;0.30;0.30;0.4;85;51;21865.93;13.7;164;23.2;28.2;18.5;3.0;42016.01
1;2020-02-27;21.4;26.0;17.0;0.90;0.90;2.5;87;51;27467.57;11.6;113;23.8;29.0;18.6;3.0;42084.13
1;2020-02-28;22.5;27.6;19.1;0.40;0.40;4.0;84;51;28556.95;17.0;170;24.6;28.5;21.8;3.0;42152.74
1;2020-02-29;22.7;27.7;19.4;0.10;0.10;4.4;84;51;24427.08;17.3;161;25.0;28.6;22.2;1.0;42221.80
1;2020-03-01;23.5;27.5;20.7;0.80;0.80;6.0;86;51;17692.21;15.9;155;26.4;30.0;23.8;6.0;42291.24
1;2020-03-02;23.3;26.7;21.5;3.50;3.50;5.1;89;55;23585.10;18.7;133;26.3;28.3;24.8;9.0;42361.02
1;2020-03-03;23.5;25.6;22.3;4.00;4.00;7.7;87;53;27493.20;22.7;149;26.0;26.6;25.3;15.0;42431.06
1;2020-03-04;18.5;22.0;16.0;35.10;35.10;9.0;92;65;0.00;25.6;33;19.1;25.0;15.5;20.0;42501.34
1;2020-03-05;15.9;17.4;14.5;3.00;3.00;1.1;86;53;0.00;13.5;355;15.9;17.9;13.6;16.0;42571.78
1;2020-03-06;19.0;23.7;14.5;0.00;0.00;1.0;87;3;12393.09;12.7;184;20.5;25.1;15.6;0.0;42642.34
1;2020-03-07;21.8;28.3;17.9;0.00;0.00;3.2;87;3;26456.98;14.4;171;24.5;32.5;19.8;0.0;42712.97
1;2020-03-08;24.7;31.9;20.0;0.00;0.00;3.2;83;3;34930.49;13.6;178;28.5;36.7;23.2;0.0;42783.61
1;2020-03-09;26.0;33.3;20.0;0.00;0.00;0.5;79;3;36554.72;11.7;54;30.0;39.2;22.8;0.0;42854.21
1;2020-03-10;22.8;25.0;20.6;0.00;0.00;3.1;69;3;22051.24;19.5;17;23.4;26.1;21.0;0.0;42924.73
1;2020-03-11;20.9;23.0;19.4;0.30;0.30;0.4;77;51;1177.27;9.2;57;22.3;24.6;19.7;3.0;42995.11
1;2020-03-12;23.4;29.3;20.1;0.00;0.00;2.3;83;3;24825.65;16.3;180;26.2;32.0;22.8;0.0;43065.30
1;2020-03-13;24.6;28.8;21.7;0.60;0.60;1.5;89;51;1728.08;13.1;88;28.9;33.3;25.4;6.0;43135.24
1;2020-03-14;21.4;23.4;19.2;5.40;5.40;3.8;85;55;0.00;16.5;4;23.2;27.8;20.2;17.0;43204.92
1;2020-03-15;19.8;21.5;18.6;1.50;1.50;0.8;85;51;0.00;10.6;346;21.4;24.0;19.3;10.0;43274.76
1;2020-03-16;22.8;27.1;20.1;0.40;0.40;1.4;85;51;2030.57;16.2;175;25.6;29.7;22.4;4.0;43344.96
1;2020-03-17;23.8;26.0;22.5;3.40;3.40;6.5;92;53;0.00;18.6;145;27.0;28.5;24.5;14.0;43415.47
1;2020-03-18;21.7;22.9;20.3;10.70;10.70;3.4;93;61;0.00;13.6;80;24.5;25.7;22.7;21.0;43486.25
1;2020-03-19;20.5;21.4;19.4;10.10;10.10;3.3;92;61;47.55;17.4;353;22.4;25.2;20.6;23.0;43557.24
1;2020-03-20;21.2;23.9;19.1;0.10;0.10;2.6;87;51;547.63;9.7;38;23.6;26.7;20.8;1.0;43628.41
1;2020-03-21;23.9;28.4;20.9;0.50;0.50;1.5;90;51;10280.46;16.9;169;27.6;31.8;23.9;3.0;43699.70
1;2020-03-22;24.8;28.2;22.6;0.80;0.80;3.7;88;51;1111.35;16.1;162;28.7;31.4;26.7;7.0;43771.07
1;2020-03-23;24.8;28.1;21.8;0.10;0.10;4.7;86;51;31169.01;15.5;161;28.3;31.1;25.6;1.0;43842.47
1;2020-03-24;24.4;27.7;20.8;4.20;4.20;5.6;88;61;35280.39;19.1;148;27.5;30.1;24.1;9.0;43913.86
1;2020-03-25;24.8;27.9;23.0;4.20;4.20;6.9;88;61;30478.46;23.3;163;27.8;29.7;26.6;15.0;43985.18
1;2020-03-26;25.3;28.5;23.2;0.70;0.70;8.0;88;51;24834.32;21.4;166;28.9;32.1;26.4;6.0;44056.39
1;2020-03-27;26.1;31.6;23.4;0.30;0.30;5.4;87;51;23305.96;14.6;161;30.4;36.7;27.3;2.0;44127.45
1;2020-03-28;25.0;28.7;22.7;1.50;1.50;5.4;85;51;31899.82;20.0;108;28.1;31.3;24.7;8.0;44198.31
1;2020-03-29;25.2;28.5;22.8;2.10;2.10;5.8;86;51;19726.40;24.8;145;28.1;30.7;24.6;14.0;44268.90
1;2020-03-30;23.3;24.7;21.9;4.00;4.00;2.9;90;53;0.00;15.5;78;26.5;28.4;25.1;16.0;44339.21
1;2020-03-31;20.6;21.9;18.5;4.40;4.40;3.5;88;53;1278.60;16.2;355;22.3;25.7;19.4;19.0;44409.15
1;2020-04-01;20.4;23.0;17.9;2.20;2.20;2.5;87;51;249.13;9.1;7;22.4;26.0;18.8;17.0;44478.71
1;2020-04-02;23.1;26.9;21.0;8.50;8.50;2.9;92;53;12733.23;19.6;131;26.6;29.5;23.7;15.0;44547.81
1;2020-04-03;24.3;26.9;22.9;4.00;4.00;7.2;92;53;5723.03;17.6;116;28.0;30.1;25.7;18.0;44616.42
1;2020-04-04;20.7;22.7;18.0;15.10;15.10;4.7;92;63;0.00;14.7;353;22.7;26.0;18.7;24.0;44684.98
1;2020-04-05;17.8;19.8;16.5;5.90;5.90;6.8;87;53;0.00;17.6;353;17.8;19.9;16.0;19.0;44753.64
1;2020-04-06;18.7;21.7;16.4;1.10;1.10;2.7;83;51;16019.09;16.5;349;19.2;22.8;16.0;8.0;44822.37
1;2020-04-07;19.3;22.3;16.9;2.80;2.80;1.6;84;53;13292.34;13.0;354;20.5;24.1;17.0;10.0;44891.12
1;2020-04-08;20.8;24.4;17.5;0.10;0.10;1.8;85;51;13331.28;10.3;34;22.9;26.9;19.0;1.0;44959.85
1;2020-04-09;22.1;26.3;19.1;0.00;0.00;1.5;83;3;21812.17;11.7;55;24.6;29.7;21.1;0.0;45028.51
1;2020-04-10;23.3;28.7;19.1;0.10;0.10;1.4;87;51;20428.39;15.7;169;26.5;31.9;21.8;1.0;45097.04
1;2020-04-11;25.2;29.2;22.6;0.90;0.90;5.4;88;51;8757.61;13.7;173;29.4;33.3;26.7;7.0;45165.42
1;2020-04-12;19.2;23.3;16.8;22.20;22.20;6.4;80;63;8144.54;22.5;8;19.1;27.4;16.1;12.0;45233.58
1;2020-04-13;17.1;19.7;14.5;3.30;3.30;5.0;74;55;31081.71;19.8;350;16.4;18.7;14.3;4.0;45301.49
1;2020-04-14;17.9;23.2;13.6;0.00;0.00;1.1;78;3;41130.85;13.0;0;18.5;25.9;12.8;0.0;45369.09
1;2020-04-15;20.1;24.9;15.1;0.00;0.00;0.4;86;3;29625.83;15.5;174;21.7;26.7;15.9;0.0;45436.33
1;2020-04-16;23.5;27.2;20.4;1.10;1.10;2.7;89;51;13902.03;21.8;167;26.6;29.1;23.5;6.0;45503.17
1;2020-04-17;24.6;28.0;22.1;1.20;1.20;5.4;89;51;7526.97;20.0;153;28.2;30.6;25.8;8.0;45569.55
1;2020-04-18;25.6;31.4;22.8;0.00;0.00;3.4;87;3;28327.74;16.3;170;29.7;36.1;26.5;0.0;45635.41
1;2020-04-19;26.0;31.6;22.8;0.00;0.00;3.8;87;3;21849.91;15.3;158;30.4;37.3;26.7;0.0;45700.71
1;2020-04-20;26.1;29.7;23.5;0.20;0.20;4.6;88;51;14594.31;16.1;155;30.6;34.0;28.2;2.0;45765.40
1;2020-04-21;26.5;31.2;24.0;0.00;0.00;4.3;88;3;33727.20;16.8;153;31.3;36.3;28.5;0.0;45829.41
1;2020-04-22;24.3;26.3;22.6;23.90;23.90;4.0;93;63;2405.45;21.0;102;28.1;30.6;24.4;16.0;45892.70
1;2020-04-23;20.3;22.1;18.6;6.40;6.40;9.8;88;61;0.00;18.8;5;21.5;23.9;18.8;18.0;45955.22
1;2020-04-24;17.3;18.3;16.7;8.90;8.90;13.1;86;61;0.00;21.4;351;16.5;18.3;15.2;20.0;46017.37
1;2020-04-25;18.8;21.6;16.7;0.00;0.00;4.0;79;3;17284.31;16.3;355;19.1;22.8;15.8;0.0;46079.31
1;2020-04-26;20.1;23.0;18.2;0.00;0.00;6.2;77;3;10996.93;18.5;344;20.3;24.2;18.2;0.0;46141.01
1;2020-04-27;22.0;26.7;17.8;0.00;0.00;2.9;75;3;43200.00;15.4;339;23.3;29.0;17.8;0.0;46202.40
1;2020-04-28;23.1;28.6;18.3;0.00;0.00;2.2;76;3;43014.03;10.0;111;25.5;32.3;19.8;0.0;46263.45
1;2020-04-29;23.3;27.3;19.1;0.80;0.80;2.3;84;51;32116.73;10.0;94;26.4;31.4;21.9;5.0;46324.09
1;2020-04-30;24.3;28.9;21.1;0.20;0.20;2.3;84;51;25202.73;14.5;154;27.9;32.5;24.6;2.0;46384.29
1;2020-05-01;24.9;28.5;21.5;2.80;2.80;5.2;86;53;30355.77;13.3;179;28.7;32.3;25.0;8.0;46443.98
1;2020-05-02;26.2;30.1;23.3;0.30;0.30;4.8;85;51;38839.03;14.9;184;30.4;34.3;27.7;3.0;46503.12
1;2020-05-03;27.3;32.0;24.0;0.00;0.00;5.5;84;3;29450.84;16.1;166;32.1;37.0;28.8;0.0;46561.65
1;2020-05-04;28.4;34.2;24.9;0.00;0.00;7.9;84;3;36519.48;16.4;173;33.9;42.1;30.3;0.0;46619.52
1;2020-05-05;28.9;33.7;25.7;0.00;0.00;9.8;82;2;43200.00;16.4;171;34.4;41.3;30.5;0.0;46676.67
1;2020-05-06;29.3;34.1;25.9;0.00;0.00;8.0;78;3;43231.01;15.9;169;34.5;41.4;29.5;0.0;46733.05
1;2020-05-07;30.1;34.9;26.7;0.00;0.00;9.7;78;3;43216.64;17.8;174;35.5;41.7;31.3;0.0;46788.60
1;2020-05-08;30.4;35.5;27.0;0.40;0.40;9.0;77;51;43202.78;15.8;173;36.1;43.3;31.4;1.0;46843.26
1;2020-05-09;30.9;36.2;26.9;0.00;0.00;10.1;78;3;43200.00;13.7;176;37.2;44.7;32.5;0.0;46896.98
1;2020-05-10;30.5;35.8;27.2;0.00;0.00;5.7;78;3;38855.56;14.0;163;36.7;44.1;32.4;0.0;46949.69
1;2020-05-11;29.4;33.8;26.5;0.00;0.00;5.4;80;3;42804.87;14.9;147;35.1;40.5;32.4;0.0;47001.34
1;2020-05-12;26.7;28.4;25.1;23.20;23.20;3.5;90;63;3918.98;11.6;97;32.3;33.5;30.8;16.0;47051.86
1;2020-05-13;27.2;30.7;24.1;4.60;4.60;4.5;86;61;39971.36;16.7;164;32.2;36.4;29.2;8.0;47101.20
1;2020-05-14;27.9;32.4;25.9;1.10;1.10;7.6;84;51;24679.77;19.4;180;32.4;38.0;30.1;4.0;47149.71
1;2020-05-15;29.1;33.2;26.3;1.40;1.40;8.5;82;61;37364.98;20.3;172;34.4;39.7;31.3;1.0;47197.53
1;2020-05-16;29.4;33.9;26.4;2.70;2.70;6.7;80;63;38665.78;17.4;157;35.0;40.5;31.8;2.0;47244.62
1;2020-05-17;28.6;32.4;26.0;8.50;8.50;3.6;86;63;37492.78;13.0;133;34.7;38.5;31.8;14.0;47290.93
1;2020-05-18;28.5;32.1;26.1;2.20;2.20;3.2;86;55;33224.84;14.1;53;34.6;38.1;31.5;5.0;47336.42
1;2020-05-19;28.6;32.8;25.4;3.20;3.20;2.0;85;61;40244.77;13.1;131;34.9;39.0;31.8;3.0;47381.04
1;2020-05-20;30.6;35.8;26.4;0.00;0.00;5.4;80;3;43601.68;16.4;180;37.1;42.8;33.0;0.0;47424.74
1;2020-05-21;32.4;37.1;27.6;0.00;0.00;9.7;67;3;43857.25;14.0;203;38.1;45.0;32.0;0.0;47467.48
1;2020-05-22;30.0;32.9;26.6;41.00;41.00;3.2;80;65;16348.56;16.0;69;36.1;39.5;31.8;8.0;47509.20
1;2020-05-23;27.9;30.7;25.6;16.80;16.80;2.5;86;63;11253.93;10.5;74;33.8;36.2;31.7;13.0;47549.87
1;2020-05-24;28.9;33.5;25.6;7.40;7.40;3.4;84;63;31765.74;14.5;151;35.1;39.7;31.8;6.0;47589.43
1;2020-05-25;30.7;35.5;27.1;0.50;0.50;2.4;79;51;44101.65;15.2;170;37.5;44.9;33.2;3.0;47627.83
1;2020-05-26;27.9;30.8;25.3;6.80;6.80;4.7;82;63;34008.60;18.9;3;32.5;36.0;28.8;9.0;47665.03
1;2020-05-27;26.3;29.9;23.7;5.80;5.80;3.1;80;63;32883.51;15.1;354;30.1;33.0;27.8;5.0;47700.97
1;2020-05-28;27.0;30.3;24.7;0.80;0.80;0.8;79;51;38034.70;11.9;202;31.5;35.1;29.0;6.0;47735.60
1;2020-05-29;28.3;32.0;24.7;0.10;0.10;4.2;81;51;38983.29;15.5;180;33.3;37.3;29.9;1.0;47768.89
1;2020-05-30;29.7;34.0;26.5;0.80;0.80;5.1;79;53;36551.69;14.2;191;35.5;41.8;32.3;1.0;47800.77
1;2020-05-31;30.3;34.8;27.1;0.00;0.00;6.2;72;3;41411.47;16.8;196;35.2;41.8;32.0;0.0;47831.19
1;2020-06-01;30.4;35.5;27.1;2.80;2.80;0.8;74;63;30953.53;13.7;193;36.1;42.3;31.4;2.0;47860.11
1;2020-06-02;31.2;35.6;27.5;0.00;0.00;9.1;68;3;43821.27;18.0;185;36.0;42.0;31.2;0.0;47887.48
1;2020-06-03;30.9;35.4;27.1;0.30;0.30;5.3;68;51;44352.83;17.6;181;35.8;43.0;30.4;1.0;47913.50
1;2020-06-04;31.5;36.4;28.3;0.50;0.50;2.8;70;51;43821.31;20.4;175;37.0;44.8;33.8;2.0;47938.26
1;2020-06-05;31.8;36.3;28.5;0.00;0.00;7.9;66;3;40174.88;17.3;185;36.6;42.0;32.1;0.0;47961.73
1;2020-06-06;32.2;37.0;27.8;0.00;0.00;4.3;64;3;33171.00;16.5;185;37.0;41.9;33.1;0.0;47983.90
1;2020-06-07;33.0;37.7;29.2;0.00;0.00;11.2;57;3;43200.00;20.5;199;36.6;42.9;32.0;0.0;48004.74
1;2020-06-08;32.8;37.3;29.1;0.00;0.00;13.8;57;3;40766.37;20.7;194;36.3;41.6;32.0;0.0;48024.25
1;2020-06-09;32.7;37.9;29.4;0.50;0.50;9.1;59;53;40511.19;16.0;181;36.8;43.4;32.2;1.0;48042.39
1;2020-06-10;31.9;36.3;29.0;1.30;1.30;4.0;71;53;40643.80;13.5;174;37.7;42.4;34.8;3.0;48059.15
1;2020-06-11;31.3;36.0;28.4;0.40;0.40;7.6;73;51;31334.81;16.1;171;37.0;42.2;34.7;4.0;48074.52
1;2020-06-12;31.8;37.1;28.7;0.50;0.50;10.8;71;51;43583.33;18.6;175;37.2;42.6;34.0;3.0;48088.47
1;2020-06-13;31.4;36.7;28.5;7.30;7.30;6.9;75;61;44113.76;16.6;158;37.6;43.6;34.4;8.0;48100.98
1;2020-06-14;28.5;33.4;26.3;37.00;37.00;1.8;87;65;19604.06;11.2;119;35.2;41.3;32.3;20.0;48112.05
1;2020-06-15;27.8;31.7;24.6;34.60;34.60;2.1;86;63;17950.58;18.2;161;33.3;36.9;29.8;15.0;48121.64
1;2020-06-16;29.8;33.2;27.5;2.20;2.20;11.2;77;53;43155.31;19.1;176;34.8;38.3;32.5;4.0;48129.75
1;2020-06-17;30.1;33.6;27.1;0.90;0.90;10.8;71;53;43004.70;20.2;179;34.3;38.5;30.2;2.0;48136.36
1;2020-06-18;30.2;33.9;27.1;0.90;0.90;6.1;71;51;44182.27;14.5;172;35.1;40.5;30.6;4.0;48141.45
1;2020-06-19;30.0;33.3;27.5;3.30;3.30;5.2;77;63;44449.55;15.6;145;35.7;40.4;33.1;5.0;48145.01
1;2020-06-20;30.6;34.7;27.8;0.40;0.40;6.3;75;51;44180.58;17.2;170;36.1;40.7;33.9;4.0;48147.03
1;2020-06-21;31.9;36.6;28.5;0.20;0.20;5.6;71;51;44448.88;17.0;181;37.3;43.0;33.9;1.0;48147.48
1;2020-06-22;32.6;37.9;29.2;0.00;0.00;10.3;65;3;44986.09;18.8;183;37.7;44.0;33.5;0.0;48146.36
1;2020-06-23;32.7;38.2;28.9;0.00;0.00;9.1;67;3;44718.54;17.3;183;38.2;44.6;34.6;0.0;48143.63
1;2020-06-24;32.9;38.1;28.9;0.00;0.00;6.9;65;3;43646.71;15.5;188;38.3;43.6;33.6;0.0;48139.30
1;2020-06-25;32.5;36.9;29.3;0.00;0.00;6.9;66;3;24477.79;13.0;189;37.8;41.4;34.5;0.0;48133.39
1;2020-06-26;32.4;37.2;29.7;0.00;0.00;10.9;65;3;40402.42;22.3;176;36.9;43.8;33.5;0.0;48125.92
1;2020-06-27;32.2;36.6;29.1;0.00;0.00;15.2;67;3;44996.10;21.6;173;36.7;42.3;33.8;0.0;48116.92
1;2020-06-28;31.9;36.4;28.7;0.10;0.10;13.0;69;51;44999.74;18.4;171;36.9;42.0;33.8;1.0;48106.40
1;2020-06-29;31.8;36.6;28.8;1.30;1.30;6.8;69;53;44468.03;18.4;165;37.3;43.7;34.3;5.0;48094.39
1;2020-06-30;31.7;36.2;28.7;1.80;1.80;1.1;71;53;35188.62;12.0;173;38.0;42.5;34.9;5.0;48080.92
1;2020-07-01;30.5;35.4;27.3;7.30;7.30;1.4;80;61;42860.36;11.2;170;37.4;42.9;33.9;9.0;48066.00
1;2020-07-02;29.6;33.8;26.3;12.90;12.90;3.2;82;63;31447.64;13.2;157;36.2;40.5;32.6;14.0;48049.67
1;2020-07-03;29.8;32.9;26.5;10.40;10.40;2.2;80;61;38642.43;14.4;124;35.8;38.6;32.2;15.0;48031.94
1;2020-07-04;29.4;33.3;25.9;10.20;10.20;5.4;79;61;33852.71;13.9;152;35.1;39.2;31.8;13.0;48012.85
1;2020-07-05;29.8;34.5;25.6;9.70;9.70;1.5;79;63;41153.36;14.0;181;35.8;41.2;31.7;11.0;47992.41
1;2020-07-06;31.3;35.3;28.2;0.40;0.40;12.3;73;51;44513.40;18.6;174;36.4;41.2;33.4;3.0;47970.66
1;2020-07-07;31.7;36.1;28.7;1.00;1.00;12.6;71;53;44522.11;19.1;171;36.9;42.1;33.9;4.0;47947.61
1;2020-07-08;32.8;38.1;28.9;0.20;0.20;10.8;63;51;43760.76;19.3;180;37.4;43.4;34.3;1.0;47923.31
1;2020-07-09;33.4;39.3;28.9;0.00;0.00;11.5;56;3;39315.80;19.2;196;37.1;43.3;32.2;0.0;47897.76
1;2020-07-10;33.7;38.8;30.3;0.00;0.00;9.0;57;3;35960.32;18.4;198;37.6;42.5;33.6;0.0;47871.00
1;2020-07-11;32.4;35.0;30.4;0.00;0.00;10.2;60;3;1687.00;17.4;189;36.3;39.1;33.6;0.0;47843.05
1;2020-07-12;32.0;35.4;29.8;0.00;0.00;6.4;64;3;22612.12;18.0;192;36.5;40.0;34.4;0.0;47813.94
1;2020-07-13;32.0;36.9;28.8;1.10;1.10;8.7;69;53;44318.46;15.2;165;37.4;43.1;34.6;4.0;47783.42
1;2020-07-14;31.0;35.8;27.3;2.40;2.40;1.1;75;55;44065.96;14.2;157;37.3;42.1;34.7;8.0;47751.40
1;2020-07-15;31.9;37.1;28.2;0.00;0.00;9.4;70;3;44343.52;18.2;171;37.3;42.7;34.5;0.0;47717.95
1;2020-07-16;32.1;36.8;28.6;1.00;1.00;8.2;68;53;44884.93;19.8;168;37.0;41.9;34.5;3.0;47683.11
1;2020-07-17;32.9;38.2;29.3;0.40;0.40;12.9;62;51;44634.62;20.5;172;37.1;43.3;34.3;3.0;47646.94
1;2020-07-18;33.1;38.0;29.7;0.00;0.00;11.2;64;3;43996.40;19.5;176;37.8;43.6;34.7;0.0;47609.49
1;2020-07-19;33.4;38.9;29.8;0.30;0.30;5.7;63;51;42129.36;17.9;177;38.6;43.4;35.2;3.0;47570.82
1;2020-07-20;31.3;34.9;28.2;0.90;0.90;7.4;73;51;23283.45;17.3;164;36.7;40.3;33.7;5.0;47530.98
1;2020-07-21;29.6;33.1;26.1;7.70;7.70;2.1;80;63;40151.26;18.4;163;35.1;38.7;32.1;12.0;47490.01
1;2020-07-22;30.0;34.1;26.6;0.90;0.90;9.4;75;53;44186.04;18.4;172;34.9;39.1;31.9;4.0;47447.98
1;2020-07-23;30.6;35.1;27.7;0.40;0.40;7.9;74;51;43765.66;17.0;163;36.2;41.5;33.3;4.0;47404.92
1;2020-07-24;30.8;35.2;27.2;0.30;0.30;4.2;74;51;42830.20;17.6;158;36.5;41.0;34.2;2.0;47360.90
1;2020-07-25;31.2;36.2;26.9;0.00;0.00;4.8;73;3;43978.42;16.6;164;36.9;42.3;33.6;0.0;47315.96
1;2020-07-26;32.1;38.2;28.1;0.50;0.50;5.9;70;51;43476.88;15.5;169;37.7;44.5;34.1;2.0;47270.15
1;2020-07-27;30.7;34.7;28.7;4.00;4.00;1.1;77;63;15636.18;12.3;194;37.0;40.3;35.4;4.0;47223.53
1;2020-07-28;29.8;33.3;27.2;2.20;2.20;2.1;81;55;35281.02;9.6;108;36.4;41.2;33.5;6.0;47176.13
1;2020-07-29;29.7;33.4;26.7;6.20;6.20;3.1;81;61;41393.85;11.0;118;36.2;40.2;32.8;10.0;47128.01
1;2020-07-30;30.1;34.8;26.6;3.30;3.30;1.6;79;55;43314.15;12.7;134;36.7;42.1;33.4;7.0;47079.22
1;2020-07-31;29.5;33.8;26.5;2.60;2.60;1.5;82;55;38343.87;13.2;15;36.0;39.8;33.7;7.0;47029.79
1;2020-08-01;27.7;29.4;26.4;21.10;21.10;8.7;87;63;0.00;20.5;346;32.2;34.0;30.2;22.0;46979.77
1;2020-08-02;26.8;28.1;25.6;86.40;86.40;11.9;91;65;905.30;36.3;52;30.1;32.6;26.9;22.0;46928.79
1;2020-08-03;27.9;30.4;26.3;17.30;17.30;2.9;88;63;2415.53;15.1;132;33.8;35.8;31.6;19.0;46876.73
1;2020-08-04;26.5;28.2;25.1;35.10;35.10;0.4;95;63;0.00;7.8;56;32.9;35.1;30.9;24.0;46823.63
1;2020-08-05;26.6;28.6;24.8;45.60;45.60;1.0;93;63;915.79;12.3;167;32.8;34.9;30.3;24.0;46769.56
1;2020-08-06;27.0;29.6;24.9;44.10;44.10;3.8;93;63;2152.33;15.4;155;32.9;35.8;30.1;22.0;46714.58
1;2020-08-07;27.7;31.3;25.3;8.10;8.10;3.7;89;63;22776.17;14.5;173;33.6;37.2;30.8;10.0;46658.74
1;2020-08-08;28.7;31.8;25.7;1.10;1.10;4.0;86;51;42902.91;14.5;168;35.0;40.0;32.0;10.0;46602.12
1;2020-08-09;29.5;32.9;26.6;2.40;2.40;5.2;86;53;43200.00;13.5;169;36.4;41.2;32.9;8.0;46544.74
1;2020-08-10;30.8;35.2;27.5;0.40;0.40;4.0;82;51;43200.00;11.9;194;38.3;43.8;34.5;1.0;46486.68
1;2020-08-11;30.8;34.9;27.4;0.00;0.00;4.8;79;3;43200.00;17.0;177;37.6;42.6;34.3;0.0;46427.99
1;2020-08-12;30.5;33.4;27.9;0.80;0.80;9.1;78;51;43200.00;16.7;159;36.2;40.7;33.1;4.0;46368.72
1;2020-08-13;28.0;31.2;25.9;24.90;24.90;1.5;90;65;22618.10;11.2;149;34.7;39.9;31.7;19.0;46308.92
1;2020-08-14;26.6;28.7;24.9;15.50;15.50;4.9;90;63;5127.23;16.2;160;31.7;33.7;29.6;13.0;46248.64
1;2020-08-15;27.6;30.1;25.2;4.10;4.10;6.0;84;55;30360.17;17.3;165;32.4;35.0;29.7;11.0;46187.94
1;2020-08-16;27.7;31.0;25.8;8.30;8.30;4.1;85;63;32173.43;13.9;161;33.1;37.8;30.9;15.0;46126.87
1;2020-08-17;25.8;28.3;24.2;29.00;29.00;4.8;91;63;2637.41;12.6;157;30.8;32.6;28.3;24.0;46065.47
1;2020-08-18;25.8;28.4;24.4;52.40;52.40;1.8;94;65;8195.97;8.9;102;31.6;34.8;29.3;22.0;46003.79
1;2020-08-19;26.0;28.8;24.1;13.00;13.00;1.5;91;61;16027.68;6.9;319;31.7;35.1;29.4;24.0;45941.88
1;2020-08-20;26.2;29.1;24.3;12.60;12.60;0.8;92;63;5426.28;9.0;29;32.1;35.3;30.0;20.0;45879.79
1;2020-08-21;26.6;29.3;24.9;21.40;21.40;1.1;92;65;16062.32;10.0;127;32.9;36.0;30.7;20.0;45817.54
1;2020-08-22;27.1;29.9;24.8;5.00;5.00;1.3;91;61;34247.93;10.0;2;33.4;37.0;30.6;17.0;45754.76
1;2020-08-23;27.9;31.7;24.8;3.80;3.80;3.6;88;63;43200.00;13.2;169;34.1;40.2;30.6;7.0;45691.28
1;2020-08-24;29.0;33.3;26.0;6.20;6.20;0.8;85;63;43200.00;14.9;200;35.9;42.1;31.5;8.0;45627.16
1;2020-08-25;29.2;32.6;26.3;12.60;12.60;0.4;87;63;37219.25;9.4;258;36.4;41.9;32.8;10.0;45562.44
1;2020-08-26;29.7;33.6;27.0;1.10;1.10;2.3;84;51;42174.62;10.8;272;36.9;41.9;33.4;8.0;45497.19
1;2020-08-27;30.1;34.9;26.0;0.10;0.10;0.5;84;51;43200.00;15.9;142;37.6;44.2;32.5;1.0;45431.44
1;2020-08-28;29.8;33.6;27.1;2.20;2.20;2.6;86;53;43200.00;12.7;113;37.0;41.4;33.6;7.0;45365.24
1;2020-08-29;28.7;31.7;25.7;5.80;5.80;1.8;90;55;32111.86;7.1;121;36.1;39.5;32.5;13.0;45298.66
1;2020-08-30;29.0;32.4;26.6;12.60;12.60;1.1;89;65;43200.00;6.5;136;36.6;41.3;33.6;11.0;45231.73
1;2020-08-31;29.0;32.1;26.5;0.50;0.50;1.5;85;51;29087.26;8.7;314;35.8;38.5;33.1;5.0;45164.51
1;2020-09-01;29.7;33.9;26.3;0.20;0.20;4.2;80;51;43200.00;12.9;334;36.1;40.8;31.9;2.0;45097.03
1;2020-09-02;29.8;34.1;26.2;2.30;2.30;0.4;82;61;42441.10;9.8;174;37.0;43.6;32.4;5.0;45029.33
1;2020-09-03;29.4;32.8;26.8;2.70;2.70;1.9;86;55;40677.30;9.9;153;36.6;40.1;34.2;6.0;44961.49
1;2020-09-04;29.1;32.5;26.6;1.70;1.70;2.3;85;51;40267.66;10.0;159;35.8;40.9;33.1;8.0;44893.52
1;2020-09-05;29.6;32.9;26.2;1.00;1.00;3.8;83;51;43200.00;12.8;168;36.2;41.1;32.7;6.0;44825.48
1;2020-09-06;30.2;34.9;27.5;26.80;26.80;2.3;84;63;41113.07;13.4;166;37.5;43.4;34.4;10.0;44757.41
1;2020-09-07;27.3;29.2;25.9;24.50;24.50;1.8;92;63;1684.69;10.4;341;33.6;35.8;31.5;21.0;44689.35
1;2020-09-08;27.1;30.1;24.9;8.90;8.90;2.9;89;63;20198.99;8.2;359;33.1;37.0;30.3;14.0;44621.35
1;2020-09-09;27.0;29.1;25.6;7.30;7.30;0.8;93;61;9847.48;11.2;174;33.6;36.4;32.2;13.0;44553.45
1;2020-09-10;28.3;31.4;26.0;7.40;7.40;4.4;87;63;19888.52;13.4;175;34.5;38.6;31.8;7.0;44485.68
1;2020-09-11;28.4;31.0;26.0;18.20;18.20;2.2;90;65;20277.07;9.4;147;35.4;39.3;32.0;8.0;44417.63
1;2020-09-12;27.8;30.9;25.4;21.00;21.00;0.7;91;63;20787.41;9.5;120;34.7;38.4;31.3;17.0;44349.15
1;2020-09-13;27.4;30.6;24.8;8.50;8.50;2.3;90;63;30959.78;12.0;109;33.6;38.2;30.5;11.0;44280.28
1;2020-09-14;27.4;30.1;25.2;6.90;6.90;1.5;89;61;32542.33;11.8;149;33.4;35.8;31.1;13.0;44211.07
1;2020-09-15;28.5;32.0;25.7;3.40;3.40;2.3;87;53;40293.33;13.1;165;34.9;41.0;31.8;11.0;44141.56
1;2020-09-16;28.7;31.6;26.2;6.10;6.10;3.9;87;63;41239.59;13.1;155;35.2;39.3;32.7;9.0;44071.80
1;2020-09-17;28.9;31.8;26.5;9.00;9.00;3.3;87;61;36493.21;9.5;72;35.7;39.7;33.1;15.0;44001.83
1;2020-09-18;25.4;27.6;23.7;13.80;13.80;13.4;80;63;22872.88;31.0;3;26.7;32.3;24.4;19.0;43931.71
1;2020-09-19;23.8;25.6;22.8;71.10;71.10;7.2;91;65;0.00;19.6;339;26.9;30.5;24.5;24.0;43861.46
1;2020-09-20;24.8;27.1;23.4;17.30;17.30;1.3;94;63;0.00;11.7;335;29.7;32.8;27.3;19.0;43791.15
1;2020-09-21;26.4;29.5;24.0;7.80;7.80;0.7;91;63;12835.07;15.9;167;32.0;34.9;29.5;16.0;43720.81
1;2020-09-22;27.8;30.1;25.6;12.70;12.70;4.0;89;63;9220.75;13.4;172;33.8;35.7;31.6;8.0;43650.49
1;2020-09-23;26.9;29.0;24.8;30.60;30.60;1.4;92;63;6630.76;10.2;165;33.1;35.9;30.6;20.0;43580.22
1;2020-09-24;25.9;28.2;24.2;9.90;9.90;2.2;90;63;23598.33;16.7;348;30.8;32.6;28.6;14.0;43510.06
1;2020-09-25;26.9;29.9;24.5;3.80;3.80;1.3;89;53;32069.91;13.7;155;32.6;35.1;30.3;13.0;43440.05
1;2020-09-26;27.5;30.9;24.6;21.20;21.20;1.9;89;63;25533.61;12.7;168;33.6;36.9;29.9;15.0;43370.23
1;2020-09-27;26.3;29.1;24.3;19.40;19.40;3.9;92;65;20314.71;12.2;41;31.9;35.8;28.8;22.0;43300.65
1;2020-09-28;26.6;29.2;24.8;4.10;4.10;4.8;90;51;23484.31;11.4;62;31.9;35.1;29.3;19.0;43231.35
1;2020-09-29;26.9;30.3;25.0;7.40;7.40;1.5;91;63;21781.42;11.6;164;33.0;36.9;31.2;8.0;43162.37
1;2020-09-30;27.4;31.0;24.4;10.00;10.00;1.3;90;63;25963.36;12.0;127;33.8;39.0;30.0;11.0;43093.74
1;2020-10-01;26.4;29.0;24.5;19.70;19.70;1.6;92;63;13009.28;10.8;82;32.3;34.7;30.2;19.0;43025.04
1;2020-10-02;26.8;29.7;24.7;16.10;16.10;2.1;91;63;25828.42;11.8;99;32.9;37.0;30.5;20.0;42956.10
1;2020-10-03;27.0;30.4;24.9;9.30;9.30;0.8;90;63;24319.21;11.7;130;33.2;37.4;30.7;12.0;42886.96
1;2020-10-04;26.9;29.7;24.7;6.60;6.60;1.8;91;63;31382.61;13.6;168;33.0;36.9;30.4;10.0;42817.67
1;2020-10-05;26.9;30.2;24.5;10.60;10.60;2.9;90;63;35221.93;12.5;88;32.8;36.4;30.4;14.0;42748.28
1;2020-10-06;25.3;28.6;22.9;4.40;4.40;5.3;84;55;18307.27;13.0;9;29.0;32.3;25.2;16.0;42678.83
1;2020-10-07;24.0;27.4;21.3;0.00;0.00;13.0;72;3;36000.00;18.8;4;25.0;29.7;21.3;0.0;42609.39
1;2020-10-08;23.4;26.7;20.4;0.00;0.00;11.6;69;3;34676.40;21.5;10;23.7;28.1;19.9;0.0;42539.99
1;2020-10-09;23.0;26.8;19.9;0.00;0.00;10.4;69;3;34847.14;22.6;10;23.3;27.5;19.3;0.0;42470.69
1;2020-10-10;22.8;26.6;19.1;0.00;0.00;6.1;70;3;37232.52;18.7;4;23.6;28.1;19.0;0.0;42401.53
1;2020-10-11;23.0;27.0;19.1;0.00;0.00;6.2;72;3;25908.69;17.8;355;24.0;28.8;19.5;0.0;42332.56
1;2020-10-12;24.4;27.9;21.4;0.00;0.00;9.6;71;3;7282.09;20.3;348;25.5;30.5;21.4;0.0;42263.85
1;2020-10-13;26.2;28.8;23.4;1.20;1.20;13.1;66;53;32081.69;21.1;353;27.2;30.6;24.3;3.0;42195.44
1;2020-10-14;22.8;24.1;21.9;100.60;100.60;6.7;90;65;0.00;37.4;356;23.3;28.1;20.7;23.0;42127.37
1;2020-10-15;23.0;24.6;22.0;49.10;49.10;4.4;92;63;0.00;22.3;355;25.6;28.4;23.6;23.0;42059.70
1;2020-10-16;24.1;27.1;21.8;13.30;13.30;10.8;80;61;4989.38;25.3;11;25.4;28.3;21.0;15.0;41992.49
1;2020-10-17;21.8;23.7;18.1;4.10;4.10;18.9;67;61;7699.97;27.5;358;20.2;22.9;16.1;6.0;41925.79
1;2020-10-18;19.6;21.8;18.2;23.30;23.30;19.5;84;63;0.00;22.7;357;18.9;20.6;16.9;23.0;41859.65
1;2020-10-19;19.5;21.0;17.9;16.10;16.10;16.9;81;61;0.00;23.8;353;18.5;20.1;16.8;22.0;41794.12
1;2020-10-20;20.9;24.2;17.5;3.10;3.10;17.6;73;53;31484.40;22.0;354;20.0;23.6;16.0;7.0;41729.26
1;2020-10-21;21.6;25.1;19.3;0.00;0.00;6.8;62;3;36027.43;23.8;2;20.7;24.4;16.8;0.0;41664.58
1;2020-10-22;22.0;26.2;19.1;0.00;0.00;7.8;60;3;39600.00;24.5;0;21.4;25.2;17.9;0.0;41599.90
1;2020-10-23;21.6;26.3;17.9;0.00;0.00;6.6;60;3;39600.00;18.8;359;21.1;26.0;16.4;0.0;41535.29
1;2020-10-24;21.3;26.5;16.6;0.00;0.00;6.3;68;3;39600.00;12.1;341;21.9;27.8;16.0;0.0;41470.78
1;2020-10-25;21.4;22.7;20.0;1.10;1.10;8.5;72;51;0.00;17.1;342;21.6;22.8;19.9;5.0;41406.45
1;2020-10-26;22.1;24.3;21.1;1.10;1.10;11.0;82;51;2319.12;17.8;349;23.2;25.6;21.1;6.0;41342.35
1;2020-10-27;24.3;28.7;20.6;0.20;0.20;4.7;83;51;35198.41;14.8;347;27.3;32.0;22.4;2.0;41278.53
1;2020-10-28;24.5;28.1;22.6;6.20;6.20;6.6;83;61;16451.99;22.4;2;26.5;29.5;24.4;12.0;41215.07
1;2020-10-29;21.7;22.7;20.3;35.00;35.00;12.6;89;65;0.00;22.1;7;23.0;24.3;21.6;24.0;41152.01
1;2020-10-30;21.1;22.7;20.1;3.00;3.00;11.6;85;53;0.00;19.5;350;22.1;23.7;20.4;13.0;41089.43
1;2020-10-31;22.2;24.8;20.3;1.10;1.10;5.6;87;51;1215.20;13.4;348;24.5;27.8;22.0;7.0;41027.38
1;2020-11-01;23.8;27.9;20.1;0.20;0.20;3.6;85;51;35478.11;9.1;56;27.3;31.5;23.0;2.0;40965.92
1;2020-11-02;23.3;27.4;20.4;5.20;5.20;1.8;86;61;18482.12;19.2;6;26.1;31.7;20.4;12.0;40905.13
1;2020-11-03;20.5;22.9;18.3;1.10;1.10;5.6;71;51;1386.90;17.4;357;20.4;24.1;17.4;7.0;40845.06
1;2020-11-04;21.4;24.5;19.2;0.00;0.00;4.9;70;3;20028.40;14.2;349;21.9;25.8;19.0;0.0;40785.79
1;2020-11-05;21.6;25.5;18.5;0.10;0.10;4.7;81;51;24742.42;7.9;32;23.6;28.2;19.6;1.0;40727.38
1;2020-11-06;22.7;26.9;18.8;0.60;0.60;1.1;83;51;28798.07;15.7;351;25.1;30.0;20.8;3.0;40669.90
1;2020-11-07;23.4;26.7;20.7;0.00;0.00;7.8;70;1;39281.97;18.4;358;24.1;27.2;21.3;0.0;40613.41
1;2020-11-08;23.2;26.8;20.5;0.00;0.00;9.4;64;3;39287.70;18.8;360;23.3;26.8;20.2;0.0;40557.99
1;2020-11-09;22.1;25.8;19.0;0.00;0.00;8.5;59;3;39255.34;20.5;1;21.2;24.8;17.9;0.0;40503.68
1;2020-11-10;21.2;25.6;17.0;0.00;0.00;7.7;57;3;39222.38;18.4;356;20.3;24.9;15.0;0.0;40450.04
1;2020-11-11;20.5;22.5;19.1;0.20;0.20;2.9;62;51;0.00;14.4;329;19.9;22.3;17.6;2.0;40396.86
1;2020-11-12;21.8;26.6;18.4;0.00;0.00;1.8;65;3;39154.27;13.1;346;22.3;27.4;17.6;0.0;40344.19
1;2020-11-13;21.8;26.9;18.0;0.00;0.00;5.6;60;0;39119.25;16.3;352;21.4;27.2;17.0;0.0;40292.11
1;2020-11-14;21.6;26.1;16.8;0.20;0.20;5.6;58;51;39083.65;18.2;359;20.7;25.1;14.8;1.0;40240.66
1;2020-11-15;19.3;21.0;17.8;23.50;23.50;7.7;88;63;0.00;22.9;346;19.1;20.9;17.0;24.0;40189.93
1;2020-11-16;20.3;22.0;19.1;55.90;55.90;3.1;95;65;0.00;19.9;333;22.2;25.5;19.4;24.0;40139.95
1;2020-11-17;23.0;27.2;20.4;4.40;4.40;0.8;92;55;21382.58;16.7;182;26.5;30.6;23.4;13.0;40090.81
1;2020-11-18;24.6;28.8;22.4;0.10;0.10;5.7;87;51;31213.82;14.1;181;28.2;31.8;26.2;1.0;40042.57
1;2020-11-19;24.7;29.1;21.5;1.20;1.20;5.4;89;53;29023.42;13.7;188;28.7;32.8;25.1;7.0;39995.29
1;2020-11-20;24.7;28.7;21.2;0.40;0.40;5.4;89;51;32400.00;15.1;174;28.5;31.7;24.6;4.0;39949.03
1;2020-11-21;24.9;28.6;22.9;0.30;0.30;4.7;88;51;19868.20;15.8;170;28.8;32.2;27.4;2.0;39903.88
1;2020-11-22;24.0;25.7;22.0;14.90;14.90;1.6;94;63;10223.88;8.7;126;28.8;30.8;26.1;12.0;39859.88
1;2020-11-23;23.9;27.2;21.7;1.90;1.90;2.8;87;51;33636.06;18.8;83;27.0;30.2;25.2;11.0;39817.12
1;2020-11-24;23.2;26.4;20.8;1.90;1.90;5.9;84;53;20328.99;17.2;81;25.5;28.4;23.6;8.0;39775.65
1;2020-11-25;23.2;26.5;20.4;1.40;1.40;2.6;87;51;35087.75;12.4;93;26.4;30.0;23.7;9.0;39735.56
1;2020-11-26;23.1;26.4;20.8;0.90;0.90;1.5;88;51;29268.74;13.8;73;26.4;30.3;24.3;6.0;39696.91
1;2020-11-27;22.2;26.1;19.2;0.70;0.70;4.7;80;51;37386.64;14.8;53;24.0;27.1;19.3;5.0;39659.77
1;2020-11-28;19.9;22.7;16.5;0.00;0.00;9.7;66;3;28632.77;17.7;2;19.1;22.7;15.4;0.0;39624.21
1;2020-11-29;17.3;19.4;15.4;0.00;0.00;4.7;62;3;13444.77;18.0;2;15.5;18.1;12.4;0.0;39590.29
1;2020-11-30;17.6;20.9;15.2;0.00;0.00;6.4;61;3;36643.92;19.1;358;16.0;19.6;12.0;0.0;39557.68
1;2020-12-01;18.7;21.8;16.5;0.00;0.00;5.0;62;3;32697.82;13.0;345;17.9;21.2;15.2;0.0;39526.22
1;2020-12-02;18.6;20.8;16.6;0.00;0.00;2.9;72;3;25817.04;11.2;4;18.5;20.8;15.7;0.0;39495.95
1;2020-12-03;18.9;22.3;16.3;0.00;0.00;5.0;65;3;36000.00;14.4;2;18.1;21.8;14.8;0.0;39466.91
1;2020-12-04;16.4;19.3;13.8;0.00;0.00;5.8;59;3;29327.95;15.7;2;14.3;17.9;10.8;0.0;39439.13
1;2020-12-05;15.0;18.7;11.4;0.00;0.00;4.8;63;2;37020.04;13.5;359;13.2;18.2;8.4;0.0;39412.67
1;2020-12-06;15.4;20.7;10.4;0.00;0.00;0.7;75;1;37312.27;11.2;12;14.8;21.7;8.4;0.0;39387.54
1;2020-12-07;17.0;21.8;12.5;0.00;0.00;4.9;72;3;36791.21;13.9;350;16.1;20.5;11.1;0.0;39363.79
1;2020-12-08;17.1;21.7;13.8;0.00;0.00;5.9;67;3;28835.68;14.3;349;15.9;20.5;11.5;0.0;39341.45
1;2020-12-09;17.0;21.7;12.0;0.00;0.00;1.3;80;3;21500.44;10.2;46;17.4;22.9;11.6;0.0;39320.58
1;2020-12-10;18.4;23.6;13.7;0.00;0.00;1.4;78;3;33720.92;12.0;22;19.1;25.0;13.6;0.0;39301.19
1;2020-12-11;19.6;24.2;15.1;0.00;0.00;0.4;82;3;24726.60;12.0;129;20.8;25.4;16.0;0.0;39283.32
1;2020-12-12;20.2;23.2;17.3;1.10;1.10;4.5;88;51;5568.97;11.6;94;22.0;25.1;18.8;8.0;39267.02
1;2020-12-13;22.5;27.0;18.5;0.60;0.60;5.8;89;51;15916.19;15.7;172;25.2;29.1;20.6;4.0;39252.32
1;2020-12-14;20.4;23.5;15.7;19.00;19.00;4.6;89;63;1759.42;15.9;38;22.2;27.5;14.0;16.0;39239.26
1;2020-12-15;12.9;15.2;11.8;3.40;3.40;8.0;79;53;0.00;18.4;357;10.7;13.5;9.5;10.0;39227.86
1;2020-12-16;12.2;13.5;10.6;0.60;0.60;8.3;70;51;0.00;15.9;358;9.5;10.9;7.6;6.0;39218.18
1;2020-12-17;12.9;15.2;10.5;0.00;0.00;5.1;68;3;12437.29;13.9;358;10.6;13.6;7.7;0.0;39210.23
1;2020-12-18;12.5;15.3;10.1;0.10;0.10;11.2;63;51;11228.57;19.7;359;9.1;11.8;6.7;1.0;39204.06
1;2020-12-19;13.3;14.6;12.0;0.00;0.00;13.6;52;3;0.00;20.6;2;9.2;11.0;7.4;0.0;39199.68
1;2020-12-20;13.9;17.3;11.9;0.00;0.00;7.9;48;3;30775.56;23.5;1;9.8;13.5;7.3;0.0;39197.07
1;2020-12-21;13.8;17.9;11.2;0.00;0.00;6.1;51;3;33678.73;21.3;352;10.3;14.3;6.9;0.0;39196.18
1;2020-12-22;15.7;18.7;13.0;0.00;0.00;2.0;57;3;26794.59;14.8;345;13.6;16.5;10.7;0.0;39196.99
1;2020-12-23;17.3;19.6;14.5;0.00;0.00;2.2;67;3;5009.08;10.9;5;16.8;19.5;13.8;0.0;39199.49
1;2020-12-24;17.1;19.7;14.7;0.60;0.60;1.8;75;51;7122.52;16.1;341;16.6;20.0;13.6;6.0;39203.66
1;2020-12-25;18.0;20.8;15.3;0.00;0.00;0.0;77;3;10684.54;8.0;73;18.6;21.7;15.4;0.0;39209.47
1;2020-12-26;18.8;23.4;14.4;0.00;0.00;1.0;85;3;12603.87;8.8;147;20.2;25.5;14.6;0.0;39216.93
1;2020-12-27;20.2;22.5;18.6;2.00;2.00;1.1;93;51;0.00;11.3;68;22.7;25.3;21.1;13.0;39225.99
1;2020-12-28;21.6;26.5;19.5;2.40;2.40;3.2;89;53;19477.49;18.8;159;23.9;27.5;22.2;12.0;39236.65
1;2020-12-29;22.3;26.2;19.8;1.00;1.00;4.7;87;51;16896.43;17.3;150;24.4;27.8;21.9;7.0;39248.88
1;2020-12-30;15.9;19.6;13.4;1.20;1.20;10.8;52;51;2707.53;24.2;12;12.1;18.5;9.9;8.0;39262.66
1;2020-12-31;12.7;16.2;9.5;0.00;0.00;2.1;48;3;32177.10;15.0;19;9.5;13.0;6.7;0.0;39277.97
1;2021-01-01;11.7;16.9;7.1;0.00;0.00;1.3;57;3;36085.83;11.3;352;9.3;15.3;3.8;0.0;39294.79
1;2021-01-02;12.6;18.4;7.5;0.00;0.00;1.5;67;3;36195.05;10.2;9;10.9;17.5;5.3;0.0;39313.10
1;2021-01-03;13.6;17.1;9.3;0.00;0.00;1.3;74;3;12229.59;14.5;357;12.2;15.7;7.8;0.0;39332.87
1;2021-01-04;16.0;21.0;12.0;0.00;0.00;2.8;62;3;31815.72;13.2;13;14.3;20.2;10.6;0.0;39354.09
1;2021-01-05;16.1;19.7;11.7;0.10;0.10;1.8;76;51;3480.43;10.5;23;15.7;19.1;11.2;1.0;39376.72
1;2021-01-06;17.2;20.0;15.3;0.30;0.30;4.0;74;51;22129.13;10.4;49;16.9;19.9;15.3;3.0;39400.76
1;2021-01-07;14.6;16.1;11.7;0.80;0.80;4.1;71;51;0.00;14.9;11;12.7;15.9;8.6;7.0;39426.16
1;2021-01-08;9.6;11.1;7.4;1.10;1.10;11.6;61;51;1661.45;20.4;8;5.4;8.0;2.8;9.0;39452.93
1;2021-01-09;9.7;12.3;8.1;0.00;0.00;3.7;49;3;22673.55;14.9;14;6.0;9.0;3.5;0.0;39481.34
1;2021-01-10;10.9;13.8;8.3;0.00;0.00;4.7;44;3;36000.00;14.0;3;7.2;10.2;4.4;0.0;39511.47
1;2021-01-11;11.5;13.5;10.5;0.00;0.00;12.2;33;3;9260.57;28.0;16;6.1;8.3;4.6;0.0;39543.26
1;2021-01-12;12.2;17.2;8.0;0.00;0.00;3.0;43;3;36704.75;18.4;350;8.6;14.2;4.1;0.0;39576.65
1;2021-01-13;13.8;20.1;7.6;0.00;0.00;0.4;56;2;36414.87;14.1;146;11.9;18.5;5.5;0.0;39611.56
1;2021-01-14;15.1;21.9;9.3;0.00;0.00;2.2;77;3;35662.02;11.7;143;14.6;21.7;8.3;0.0;39647.95
1;2021-01-15;15.5;19.5;11.1;0.10;0.10;0.7;89;51;4685.32;7.4;84;16.0;20.4;11.0;1.0;39685.73
1;2021-01-16;17.9;21.7;14.8;0.00;0.00;2.5;80;3;14261.75;11.1;86;18.3;21.7;15.6;0.0;39724.86
1;2021-01-17;14.9;17.5;12.1;6.50;6.50;2.6;71;63;0.00;25.8;358;12.5;18.2;7.3;12.0;39765.26
1;2021-01-18;13.6;18.7;9.9;0.00;0.00;2.6;50;2;37367.84;16.6;7;10.6;16.5;5.7;0.0;39806.87
1;2021-01-19;13.9;21.4;7.9;0.00;0.00;2.0;77;0;37078.26;15.3;171;12.9;20.9;6.3;0.0;39849.64
1;2021-01-20;16.3;22.0;11.0;0.00;0.00;0.4;83;3;23471.76;10.8;167;16.3;21.8;10.6;0.0;39893.49
1;2021-01-21;18.3;23.0;14.8;0.00;0.00;0.0;83;3;20278.04;13.3;121;19.4;24.1;15.6;0.0;39938.37
1;2021-01-22;18.2;23.3;14.6;0.10;0.10;2.5;83;51;21812.80;8.5;2;19.0;23.8;15.4;1.0;39984.22
1;2021-01-23;18.3;23.8;14.3;0.00;0.00;1.8;83;3;20434.19;13.8;188;19.0;24.7;14.6;0.0;40030.98
1;2021-01-24;19.3;24.9;14.9;0.10;0.10;5.4;84;51;20204.20;17.8;172;19.9;24.4;15.6;1.0;40078.58
1;2021-01-25;20.1;23.3;16.4;5.40;5.40;5.6;91;55;3600.00;14.8;138;22.0;24.7;17.5;12.0;40126.98
1;2021-01-26;19.1;23.3;15.6;0.80;0.80;2.9;89;53;15420.56;14.3;113;20.5;24.2;16.4;3.0;40176.11
1;2021-01-27;18.9;24.3;15.7;0.00;0.00;2.1;85;3;3184.49;15.5;131;20.1;25.1;16.8;0.0;40225.91
1;2021-01-28;17.8;19.1;16.3;3.40;3.40;4.7;77;53;763.60;15.9;2;17.4;20.0;14.8;11.0;40276.35
1;2021-01-29;17.4;22.3;13.6;0.00;0.00;3.2;68;3;19328.45;12.0;71;16.8;22.0;12.5;0.0;40327.89
1;2021-01-30;17.8;21.7;14.3;0.90;0.90;1.1;84;51;6627.06;12.8;100;18.4;21.8;14.8;6.0;40380.70
1;2021-01-31;19.0;22.4;16.0;0.60;0.60;3.3;85;51;8630.62;14.6;110;19.9;22.7;16.8;4.0;40434.70
1;2021-02-01;20.0;24.5;16.8;0.20;0.20;2.8;84;51;15245.56;12.0;137;21.5;25.6;18.3;2.0;40489.83
1;2021-02-02;19.4;23.7;15.9;0.50;0.50;3.4;86;51;16984.45;10.8;130;20.8;24.5;17.1;4.0;40546.00
1;2021-02-03;19.5;24.9;16.0;0.00;0.00;0.8;85;3;25217.31;12.6;131;20.9;26.0;17.4;0.0;40603.14
1;2021-02-04;19.7;25.0;16.0;0.30;0.30;0.7;85;51;19039.78;11.6;126;21.3;26.3;16.8;3.0;40661.20
1;2021-02-05;19.5;25.3;15.7;0.10;0.10;1.6;84;51;19647.74;13.4;140;20.8;26.3;16.7;1.0;40720.08
1;2021-02-06;19.6;25.3;16.0;0.00;0.00;0.0;82;3;28671.37;15.3;150;21.1;26.4;17.7;0.0;40779.73
1;2021-02-07;20.5;26.0;16.3;0.10;0.10;2.8;81;51;20687.53;12.2;158;21.9;27.0;17.8;1.0;40840.07
1;2021-02-08;20.4;25.5;17.4;3.30;3.30;2.2;82;53;18826.51;14.2;70;21.8;25.8;19.3;11.0;40901.04
1;2021-02-09;16.6;18.5;14.9;22.20;22.20;7.2;92;63;0.00;22.3;346;16.2;20.2;14.3;18.0;40962.58
1;2021-02-10;17.5;23.1;12.5;0.00;0.00;3.2;73;3;36413.65;19.2;346;16.6;21.6;11.3;0.0;41024.61
1;2021-02-11;17.3;22.6;13.0;0.00;0.00;1.9;84;3;25164.62;12.5;153;17.9;23.0;13.2;0.0;41087.07
1;2021-02-12;17.8;22.9;13.5;0.00;0.00;0.5;79;3;22215.88;9.6;178;18.3;23.3;13.9;0.0;41149.91
1;2021-02-13;18.1;24.4;12.9;0.00;0.00;0.7;79;3;24001.82;14.5;149;18.5;24.9;12.9;0.0;41213.05
1;2021-02-14;19.4;26.0;14.4;0.00;0.00;1.5;79;3;38134.22;12.0;195;20.3;27.1;15.3;0.0;41276.43
1;2021-02-15;20.3;25.8;16.2;0.30;0.30;4.7;83;51;23995.97;15.7;166;21.3;25.8;17.6;3.0;41340.01
1;2021-02-16;20.4;24.0;16.9;0.50;0.50;3.0;85;51;8897.18;11.9;136;22.1;25.2;18.3;4.0;41403.70
1;2021-02-17;19.9;23.4;15.7;1.10;1.10;2.5;76;51;13153.00;12.6;1;20.3;23.2;16.1;7.0;41467.48
1;2021-02-18;19.3;24.0;15.5;0.20;0.20;5.0;76;51;22367.28;13.6;53;19.8;24.0;15.9;1.0;41531.83
1;2021-02-19;19.5;24.0;15.3;0.20;0.20;4.0;73;51;24096.82;10.3;105;20.0;24.5;15.5;2.0;41596.96
1;2021-02-20;18.8;25.9;13.1;0.00;0.00;1.0;75;3;37047.76;18.6;166;19.2;27.4;13.8;0.0;41662.79
1;2021-02-21;19.8;26.6;15.3;0.00;0.00;5.8;78;2;39690.04;19.2;173;20.3;27.1;16.1;0.0;41729.27
1;2021-02-22;20.8;25.7;17.4;0.20;0.20;0.8;83;51;11557.15;17.1;159;22.3;27.2;18.8;2.0;41796.35
1;2021-02-23;21.2;26.7;17.2;0.10;0.10;3.3;81;51;24094.09;13.4;167;22.8;27.7;18.9;1.0;41863.94
1;2021-02-24;21.6;25.9;18.3;0.30;0.30;7.2;83;51;27346.50;22.3;169;22.5;25.3;20.2;3.0;41932.01
1;2021-02-25;22.7;27.3;19.6;0.40;0.40;4.8;85;51;21810.50;21.3;160;24.5;28.6;21.6;3.0;42000.50
1;2021-02-26;23.0;25.3;20.9;1.40;1.40;5.8;87;51;12762.34;15.8;104;25.7;27.8;23.6;9.0;42069.34
1;2021-02-27;18.7;21.1;17.2;8.50;8.50;4.8;86;61;0.00;15.5;9;19.6;22.1;17.0;18.0;42138.48
1;2021-02-28;20.1;23.1;17.5;6.00;6.00;1.1;94;61;0.00;10.6;112;22.6;25.5;18.7;20.0;42207.87
1;2021-03-01;23.0;25.8;20.4;7.30;7.30;3.4;93;61;1076.31;17.1;133;26.3;29.4;21.1;22.0;42277.44
1;2021-03-02;18.1;19.7;15.8;3.80;3.80;1.1;70;61;0.00;18.4;356;17.3;19.3;13.6;6.0;42347.15
1;2021-03-03;18.1;20.1;16.3;1.50;1.50;3.5;81;51;0.00;10.9;350;18.5;21.1;16.1;12.0;42416.94
1;2021-03-04;18.4;22.2;16.1;1.40;1.40;1.6;87;51;2588.36;9.4;29;19.5;24.0;16.6;10.0;42486.77
1;2021-03-05;21.2;25.7;17.5;0.60;0.60;0.8;89;51;1799.37;13.0;162;23.8;28.4;19.5;6.0;42556.56
1;2021-03-06;23.7;27.9;21.4;0.20;0.20;1.8;88;51;16432.93;13.5;48;27.0;30.8;24.8;2.0;42626.28
1;2021-03-07;21.1;22.1;19.5;4.60;4.60;2.0;84;55;0.00;13.7;71;23.1;25.4;21.4;14.0;42695.87
1;2021-03-08;22.3;26.2;20.0;0.90;0.90;1.8;85;51;22629.13;18.4;151;24.7;28.0;22.0;7.0;42765.27
1;2021-03-09;22.8;26.3;20.7;1.70;1.70;6.9;87;53;23832.06;21.7;143;25.0;27.4;23.5;8.0;42834.46
1;2021-03-10;23.0;26.7;20.8;1.00;1.00;7.4;86;51;36067.69;22.5;154;24.9;27.4;23.2;5.0;42903.88
1;2021-03-11;23.0;26.7;19.3;1.80;1.80;4.7;85;53;16950.77;17.4;137;25.4;28.1;21.8;5.0;42973.73
1;2021-03-12;22.5;26.6;19.2;0.30;0.30;1.5;87;51;18290.91;12.7;128;25.6;29.4;21.8;3.0;43043.96
1;2021-03-13;22.0;25.3;18.9;1.60;1.60;1.9;89;51;10099.26;10.6;115;24.9;28.0;21.3;8.0;43114.52
1;2021-03-14;22.1;27.1;18.9;0.10;0.10;1.3;85;51;20943.07;16.0;163;24.4;28.3;21.5;1.0;43185.36
1;2021-03-15;23.1;26.4;20.3;0.30;0.30;5.9;85;51;21253.25;20.0;168;25.2;27.2;22.5;3.0;43256.44
1;2021-03-16;23.4;26.3;21.1;1.10;1.10;7.9;88;51;716.31;18.9;156;26.0;27.9;24.0;10.0;43327.69
1;2021-03-17;23.6;26.6;21.3;1.40;1.40;6.9;88;51;2032.66;19.2;157;26.3;28.6;24.7;11.0;43399.10
1;2021-03-18;24.1;27.8;21.5;0.30;0.30;8.2;86;51;13353.41;17.7;162;26.8;29.8;24.7;3.0;43470.58
1;2021-03-19;24.6;27.6;22.7;0.40;0.40;10.9;86;51;4049.00;19.7;162;27.4;30.0;25.9;4.0;43542.11
1;2021-03-20;24.9;27.7;23.2;0.80;0.80;4.4;86;51;611.15;17.2;148;28.1;30.4;26.5;7.0;43613.64
1;2021-03-21;19.5;24.0;15.3;19.60;19.60;3.7;83;65;1989.48;25.3;14;19.7;27.5;13.2;17.0;43685.12
1;2021-03-22;16.1;19.4;14.0;0.80;0.80;6.0;63;51;21130.33;21.9;4;13.6;17.2;10.8;6.0;43756.49
1;2021-03-23;17.3;21.6;14.2;0.00;0.00;2.3;66;3;27511.54;13.5;20;16.7;22.8;12.5;0.0;43827.72
1;2021-03-24;19.0;23.1;15.1;0.00;0.00;1.8;82;3;9434.80;9.4;85;20.2;24.7;15.5;0.0;43898.75
1;2021-03-25;21.3;25.5;19.3;6.90;6.90;2.2;90;61;2774.12;13.2;149;24.1;27.6;21.4;17.0;43969.54
1;2021-03-26;22.8;25.8;20.0;4.40;4.40;5.2;92;53;2884.33;20.5;160;25.8;28.1;22.7;12.0;44040.03
1;2021-03-27;24.2;26.8;22.8;1.60;1.60;7.6;89;51;0.00;19.9;157;27.3;29.2;25.8;15.0;44110.18
1;2021-03-28;24.4;27.0;22.8;2.10;2.10;6.1;91;51;0.00;18.2;148;28.1;30.1;26.6;12.0;44179.94
1;2021-03-29;25.5;31.4;22.9;0.00;0.00;8.0;88;3;26548.91;14.0;167;29.8;37.6;26.7;0.0;44249.28
1;2021-03-30;27.2;32.7;23.4;0.00;0.00;8.3;82;3;41134.39;15.9;178;31.5;39.9;26.8;0.0;44318.62
1;2021-03-31;27.5;33.2;23.9;0.00;0.00;7.1;79;3;43000.28;16.6;172;31.7;39.7;27.6;0.0;44388.14
1;2021-04-01;26.6;32.2;23.1;0.00;0.00;5.7;84;3;43101.46;14.0;165;31.2;39.1;26.7;0.0;44457.78
1;2021-04-02;26.4;31.0;23.7;0.10;0.10;6.4;87;51;19820.14;16.1;146;30.9;35.9;27.9;1.0;44527.53
1;2021-04-03;25.4;28.3;23.0;0.60;0.60;4.7;90;51;478.38;17.4;139;29.8;32.7;27.2;6.0;44597.31
1;2021-04-04;24.6;28.6;21.8;2.60;2.60;0.8;87;53;33544.62;16.9;108;28.3;32.7;25.5;8.0;44667.09
1;2021-04-05;23.6;27.3;21.1;3.10;3.10;4.0;84;53;25472.48;17.4;95;26.4;29.8;24.0;11.0;44736.82
1;2021-04-06;23.7;26.7;21.6;1.40;1.40;3.7;87;51;29596.83;17.0;89;26.7;29.6;24.4;6.0;44806.46
1;2021-04-07;24.3;28.6;21.0;0.10;0.10;3.4;87;51;25127.86;16.6;171;27.8;31.5;24.5;1.0;44875.96
1;2021-04-08;25.1;28.2;22.9;6.00;6.00;6.8;88;63;37618.69;15.5;144;29.1;32.7;26.1;13.0;44945.27
1;2021-04-09;21.5;23.3;18.8;3.30;3.30;3.8;85;53;3778.58;18.0;8;23.5;25.5;18.9;11.0;45014.35
1;2021-04-10;22.2;24.9;19.7;1.50;1.50;7.0;88;51;1904.92;14.0;64;24.7;27.3;21.4;10.0;45083.14
1;2021-04-11;24.5;28.1;22.1;1.40;1.40;5.4;86;51;37584.02;19.3;150;27.8;30.5;25.5;8.0;45151.60
1;2021-04-12;25.0;28.9;22.0;0.50;0.50;5.4;88;51;19620.56;18.6;168;28.5;31.8;25.9;5.0;45219.68
1;2021-04-13;25.1;28.2;22.9;0.80;0.80;6.3;87;51;3855.66;17.4;156;28.7;31.2;27.1;6.0;45287.32
1;2021-04-14;25.4;28.6;22.9;0.00;0.00;5.7;87;3;747.99;15.7;155;29.3;32.0;27.1;0.0;45354.48
1;2021-04-15;25.5;28.0;23.9;1.70;1.70;6.7;90;51;308.10;20.6;141;29.6;31.6;28.5;10.0;45421.10
1;2021-04-16;25.8;28.3;23.9;3.30;3.30;6.0;87;53;16276.71;20.0;138;29.7;31.1;28.0;11.0;45487.13
1;2021-04-17;23.5;25.0;21.4;16.30;16.30;6.6;92;63;0.00;15.8;52;27.0;28.7;24.0;24.0;45552.52
1;2021-04-18;23.3;26.6;20.4;4.60;4.60;2.5;88;61;10361.80;10.7;2;26.7;30.9;22.6;10.0;45617.23
1;2021-04-19;25.1;28.5;22.5;2.70;2.70;3.6;91;53;36138.36;16.4;153;29.6;34.3;26.9;10.0;45681.65
1;2021-04-20;26.8;31.0;23.8;0.40;0.40;6.3;86;51;40397.89;17.4;158;31.3;36.6;28.4;4.0;45745.98
1;2021-04-21;27.0;29.9;25.0;1.20;1.20;9.5;87;51;36680.88;20.9;162;31.3;34.8;29.5;7.0;45810.14
1;2021-04-22;27.1;30.5;25.4;0.50;0.50;8.8;87;51;32179.46;16.4;152;31.8;36.0;30.2;4.0;45874.10
1;2021-04-23;27.4;31.3;25.3;0.60;0.60;7.6;86;51;33617.18;20.1;156;32.0;36.0;30.2;6.0;45937.81
1;2021-04-24;27.9;31.6;25.3;2.50;2.50;6.4;85;61;27912.29;17.6;153;32.9;36.5;30.2;6.0;46001.23
1;2021-04-25;26.8;29.7;25.2;9.50;9.50;6.2;91;61;5848.61;18.4;134;31.9;34.0;29.5;21.0;46064.29
1;2021-04-26;24.0;26.4;21.6;61.50;61.50;4.4;95;65;0.00;13.6;54;28.3;32.0;24.3;22.0;46126.95
1;2021-04-27;22.6;24.7;20.4;4.20;4.20;3.0;90;53;0.00;12.3;357;25.8;28.5;22.0;17.0;46189.16
1;2021-04-28;23.8;25.9;22.1;5.70;5.70;4.3;90;53;3588.33;13.0;27;27.5;29.6;24.9;18.0;46250.87
1;2021-04-29;21.2;24.0;19.6;2.50;2.50;0.4;82;53;13133.45;19.4;345;22.5;25.6;19.7;9.0;46312.02
1;2021-04-30;22.8;27.8;18.5;1.40;1.40;1.1;84;61;39494.58;12.6;168;25.7;32.2;20.8;1.0;46372.56
1;2021-05-01;25.2;29.2;22.0;4.20;4.20;0.8;87;61;22712.03;13.3;154;29.6;33.9;26.0;11.0;46432.43
1;2021-05-02;26.3;29.6;23.0;1.80;1.80;4.7;89;51;25023.14;16.0;172;31.2;35.7;27.5;8.0;46491.58
1;2021-05-03;27.3;30.4;25.3;2.90;2.90;9.8;87;53;41080.08;21.4;171;31.8;34.8;29.8;8.0;46549.96
1;2021-05-04;28.1;33.2;25.4;0.00;0.00;3.2;84;3;43200.00;17.4;168;33.6;41.7;30.0;0.0;46607.50
1;2021-05-05;26.4;28.4;24.6;9.60;9.60;3.8;90;63;14735.03;12.8;121;31.7;34.0;29.4;19.0;46664.15
1;2021-05-06;26.4;31.0;23.3;1.10;1.10;1.8;87;51;33189.22;16.2;167;31.1;35.3;27.4;7.0;46719.84
1;2021-05-07;27.2;30.6;24.9;1.30;1.30;8.7;85;53;37161.34;18.1;179;31.7;35.6;29.8;5.0;46774.52
1;2021-05-08;27.2;31.2;24.5;0.00;0.00;7.3;85;3;35746.72;15.8;177;31.9;35.9;29.4;0.0;46828.14
1;2021-05-09;28.1;33.2;24.6;0.00;0.00;5.2;84;3;33519.86;16.8;169;33.5;39.9;30.0;0.0;46881.06
1;2021-05-10;29.3;33.5;26.1;0.00;0.00;9.4;83;3;43200.00;16.6;177;35.0;40.9;31.6;0.0;46933.44
1;2021-05-11;29.8;34.8;26.4;0.00;0.00;9.0;81;3;43425.83;17.0;181;35.6;42.7;32.0;0.0;46985.23
1;2021-05-12;30.2;34.6;27.2;0.00;0.00;11.3;79;3;40778.90;17.9;176;35.8;42.4;32.0;0.0;47036.37
1;2021-05-13;29.3;32.7;27.2;2.90;2.90;7.9;82;61;35860.83;19.1;168;34.8;39.2;32.6;4.0;47086.82
1;2021-05-14;29.4;32.1;27.2;1.80;1.80;11.9;82;53;43393.65;22.3;172;34.4;37.3;32.7;6.0;47136.55
1;2021-05-15;30.0;33.7;27.5;0.10;0.10;10.8;80;51;43383.85;22.0;176;35.3;40.6;32.7;1.0;47185.48
1;2021-05-16;30.2;34.2;27.5;0.00;0.00;9.1;79;3;43634.35;18.0;172;36.0;41.7;32.8;0.0;47233.58
1;2021-05-17;29.7;33.1;27.6;2.70;2.70;10.9;81;61;42532.10;20.5;165;35.1;39.0;32.7;5.0;47280.80
1;2021-05-18;29.9;33.7;27.5;0.60;0.60;7.8;80;51;39988.07;17.0;162;35.4;40.1;32.9;5.0;47327.07
1;2021-05-19;30.8;34.9;27.8;0.00;0.00;10.5;76;3;43200.00;19.8;170;36.0;42.3;32.6;0.0;47372.35
1;2021-05-20;31.2;36.1;28.4;0.10;0.10;7.5;74;51;39739.11;19.0;171;37.0;44.3;33.3;1.0;47416.59
1;2021-05-21;31.0;35.0;28.5;0.00;0.00;7.9;75;3;42489.04;19.8;169;36.5;42.0;33.5;0.0;47459.74
1;2021-05-22;31.5;36.3;28.4;0.30;0.30;9.8;73;51;44114.73;19.2;169;36.9;43.8;32.9;2.0;47501.73
1;2021-05-23;31.0;35.4;27.8;0.80;0.80;7.5;78;53;43847.31;17.7;137;37.2;43.2;34.0;2.0;47542.53
1;2021-05-24;27.4;31.3;25.5;25.10;25.10;3.4;89;63;15345.50;13.7;7;33.0;36.6;30.0;19.0;47582.06
1;2021-05-25;25.6;28.7;23.6;13.50;13.50;0.4;87;63;21234.16;16.7;338;29.9;33.6;26.2;11.0;47620.28
1;2021-05-26;27.5;30.3;24.7;5.30;5.30;0.8;88;61;38580.23;15.6;147;33.4;37.5;30.3;11.0;47657.14
1;2021-05-27;28.2;30.8;25.3;4.00;4.00;4.0;87;53;43302.99;16.4;147;34.2;38.5;31.3;15.0;47692.56
1;2021-05-28;28.6;32.2;25.6;2.00;2.00;3.7;83;51;43176.97;16.1;166;34.6;38.8;31.7;12.0;47726.52
1;2021-05-29;30.1;34.5;27.0;0.00;0.00;8.0;81;3;43560.65;18.1;181;36.1;41.0;33.2;0.0;47759.26
1;2021-05-30;31.3;35.9;27.7;0.00;0.00;9.1;73;3;43081.93;14.5;187;37.1;43.8;31.9;0.0;47790.87
1;2021-05-31;32.0;36.8;27.7;0.00;0.00;5.2;69;3;43200.00;15.4;194;38.0;44.2;32.7;0.0;47821.33
1;2021-06-01;32.7;37.4;28.6;0.00;0.00;9.0;68;3;43555.74;17.9;193;38.5;44.7;34.0;0.0;47850.62
1;2021-06-02;32.6;37.2;29.4;0.00;0.00;9.3;70;3;43289.62;18.6;181;38.4;45.0;34.7;0.0;47878.71
1;2021-06-03;33.0;38.1;29.3;0.00;0.00;5.0;70;3;43200.00;18.1;182;39.4;44.8;35.1;0.0;47905.56
1;2021-06-04;27.6;30.5;25.0;3.40;3.40;5.8;72;61;18483.39;25.9;6;30.4;37.3;26.7;5.0;47931.14
1;2021-06-05;27.0;30.5;23.7;3.70;3.70;1.5;74;55;26428.59;10.1;149;31.2;37.0;27.8;9.0;47955.44
1;2021-06-06;27.8;31.7;25.0;15.80;15.80;0.4;85;63;41196.44;12.6;161;33.9;38.2;31.1;11.0;47978.41
1;2021-06-07;27.2;30.9;25.2;18.70;18.70;1.1;90;63;24364.45;11.7;128;33.6;38.4;31.5;21.0;48000.04
1;2021-06-08;26.7;29.7;25.0;42.30;42.30;1.9;92;65;14788.96;13.0;26;32.7;36.1;30.2;23.0;48020.28
1;2021-06-09;27.5;31.2;25.3;7.00;7.00;0.8;89;55;24987.75;10.1;316;34.0;38.6;30.5;20.0;48039.13
1;2021-06-10;27.6;31.1;24.8;20.10;20.10;1.3;89;63;30152.89;13.3;48;34.0;37.9;30.5;15.0;48056.54
1;2021-06-11;27.3;29.9;24.8;12.30;12.30;2.0;90;63;22244.46;15.0;66;33.5;36.8;30.4;18.0;48072.49
1;2021-06-12;27.2;30.4;25.0;47.00;47.00;5.2;90;63;19507.47;22.3;354;32.1;35.4;29.3;20.0;48086.95
1;2021-06-13;28.0;30.5;25.6;7.90;7.90;8.6;81;61;33990.41;24.5;120;31.9;33.9;29.4;15.0;48099.90
1;2021-06-14;29.5;33.0;26.5;0.50;0.50;6.1;76;51;43657.32;19.4;177;34.3;38.9;31.7;4.0;48111.31
1;2021-06-15;29.7;33.5;26.7;0.40;0.40;8.6;70;51;43536.26;17.9;196;33.9;38.6;29.2;2.0;48121.15
1;2021-06-16;31.0;35.1;27.0;0.00;0.00;9.1;70;3;43528.83;15.5;191;36.0;41.2;31.2;0.0;48129.41
1;2021-06-17;31.4;36.0;27.2;0.00;0.00;8.6;68;2;44989.17;14.8;188;36.6;42.6;31.3;0.0;48136.05
1;2021-06-18;31.6;36.0;27.5;0.00;0.00;8.8;68;1;44987.63;16.6;193;36.8;42.4;31.8;0.0;48141.10
1;2021-06-19;32.1;37.2;27.8;0.00;0.00;9.4;64;3;45254.66;17.3;204;36.8;43.6;31.0;0.0;48144.60
1;2021-06-20;32.7;37.7;28.3;0.00;0.00;8.4;61;3;45254.00;16.2;206;37.4;44.3;31.9;0.0;48146.56
1;2021-06-21;33.2;38.0;29.0;0.00;0.00;1.5;61;3;44421.91;14.0;210;38.5;45.6;32.8;0.0;48146.98
1;2021-06-22;31.5;35.2;28.7;4.20;4.20;1.9;76;63;36706.52;13.9;2;38.2;42.2;35.6;2.0;48145.88
1;2021-06-23;29.1;32.7;26.2;9.30;9.30;2.3;86;63;2713.66;10.0;225;35.8;39.1;32.4;11.0;48143.27
1;2021-06-24;30.4;34.7;27.8;1.30;1.30;1.5;79;55;34771.09;8.8;161;37.2;42.5;34.2;4.0;48139.16
1;2021-06-25;30.3;34.3;27.7;1.40;1.40;1.5;80;51;22669.26;12.7;171;36.9;41.0;34.6;7.0;48133.56
1;2021-06-26;30.7;34.6;27.5;0.20;0.20;6.1;74;51;39866.31;17.3;183;36.0;39.7;32.0;1.0;48126.49
1;2021-06-27;32.0;36.8;27.6;0.00;0.00;5.1;63;3;43200.00;17.7;199;36.3;41.6;30.7;0.0;48117.96
1;2021-06-28;32.3;36.5;28.9;0.20;0.20;0.8;62;51;38872.52;16.9;216;36.8;41.6;32.0;1.0;48107.99
1;2021-06-29;32.1;36.1;29.0;0.00;0.00;9.7;64;3;36480.30;15.6;204;36.7;41.5;32.5;0.0;48096.59
1;2021-06-30;31.9;35.6;28.7;0.00;0.00;11.0;63;3;34917.90;17.7;188;36.0;40.3;32.5;0.0;48083.77
1;2021-07-01;31.9;36.1;28.9;0.00;0.00;12.3;62;3;32350.32;16.6;189;35.8;40.4;31.8;0.0;48069.55
1;2021-07-02;32.5;37.4;28.9;0.00;0.00;6.4;60;3;41416.90;15.6;196;36.8;42.6;32.0;0.0;48053.96
1;2021-07-03;33.0;38.1;28.7;0.00;0.00;2.2;61;3;43200.00;13.2;213;38.1;43.2;33.4;0.0;48037.00
1;2021-07-04;32.6;37.9;28.2;0.20;0.20;1.8;69;51;44228.79;15.6;161;39.2;45.0;35.6;1.0;48018.69
1;2021-07-05;30.7;33.5;27.9;5.50;5.50;2.9;78;61;43969.40;19.1;141;36.9;39.9;34.7;11.0;47999.04
1;2021-07-06;30.0;33.5;26.7;5.90;5.90;0.8;78;63;44006.36;14.3;112;36.3;40.0;33.7;9.0;47978.08
1;2021-07-07;28.1;31.0;25.7;30.30;30.30;2.6;87;65;20889.73;12.4;354;34.3;37.7;31.1;20.0;47955.81
1;2021-07-08;27.3;29.3;25.6;34.50;34.50;5.5;89;63;23682.67;21.8;101;32.2;34.8;29.7;22.0;47932.05
1;2021-07-09;27.8;31.1;25.4;8.80;8.80;2.8;86;61;38940.75;13.9;145;33.4;37.2;30.6;19.0;47906.72
1;2021-07-10;27.8;31.0;25.0;4.90;4.90;0.7;84;55;44238.61;14.4;166;33.6;37.8;31.1;14.0;47879.88
1;2021-07-11;28.8;32.9;25.5;1.40;1.40;3.8;79;51;44292.04;15.6;175;34.1;38.2;31.4;12.0;47851.58
1;2021-07-12;29.3;33.2;25.8;0.20;0.20;6.2;79;51;44834.11;18.3;181;34.5;38.4;31.4;2.0;47821.85
1;2021-07-13;29.8;33.8;26.5;0.10;0.10;8.4;80;51;44315.46;18.8;173;35.4;40.9;32.4;1.0;47790.76
1;2021-07-14;30.0;33.6;27.5;0.90;0.90;8.0;77;51;44063.03;18.4;166;35.4;40.0;33.3;8.0;47758.35
1;2021-07-15;29.7;33.2;27.3;0.80;0.80;7.6;75;51;44340.49;16.8;167;34.6;37.7;32.7;4.0;47724.65
1;2021-07-16;29.8;34.2;26.2;0.10;0.10;4.5;78;51;44618.08;15.3;176;35.7;41.2;32.5;1.0;47689.74
1;2021-07-17;30.1;34.8;25.7;0.20;0.20;3.6;77;51;44631.94;14.4;169;36.2;42.3;31.8;2.0;47653.64
1;2021-07-18;29.5;32.8;26.7;6.60;6.60;0.0;83;61;28069.61;13.2;129;36.1;40.3;33.6;10.0;47616.40
1;2021-07-19;28.5;31.8;25.8;8.40;8.40;1.5;87;63;33128.32;13.1;99;35.3;39.2;32.4;9.0;47578.08
1;2021-07-20;27.7;31.2;25.3;14.00;14.00;0.0;89;63;20077.63;11.8;323;34.1;38.0;31.0;15.0;47538.71
1;2021-07-21;28.0;30.8;26.1;1.80;1.80;3.1;88;51;9246.55;8.2;288;34.3;37.0;32.0;8.0;47498.35
1;2021-07-22;28.2;30.7;26.3;13.60;13.60;1.1;89;63;1418.47;7.7;245;35.1;37.2;32.8;20.0;47457.04
1;2021-07-23;26.1;26.7;25.4;99.90;99.90;1.6;93;65;0.00;18.3;302;31.0;32.1;30.0;24.0;47414.82
1;2021-07-24;27.8;30.6;25.1;8.60;8.60;4.0;87;63;34034.45;21.3;7;32.9;36.4;28.7;20.0;47371.74
1;2021-07-25;28.6;32.8;25.4;13.00;13.00;3.0;87;65;34432.03;12.1;357;35.4;40.9;31.6;7.0;47327.84
1;2021-07-26;28.4;32.8;25.7;14.20;14.20;1.5;88;65;32652.41;11.7;291;35.1;41.5;32.0;6.0;47283.17
1;2021-07-27;30.1;34.2;26.4;1.70;1.70;1.5;82;53;42951.74;8.7;231;37.3;42.5;33.1;4.0;47237.76
1;2021-07-28;29.8;33.3;27.5;2.70;2.70;0.4;86;55;25359.17;12.7;299;37.2;40.9;34.4;6.0;47191.26
1;2021-07-29;28.8;32.1;26.9;7.90;7.90;1.1;89;63;21087.60;7.2;257;36.3;41.6;33.8;13.0;47143.56
1;2021-07-30;29.4;32.6;26.4;3.30;3.30;4.4;86;61;32227.50;12.4;218;36.3;40.7;33.1;7.0;47094.71
1;2021-07-31;31.0;34.5;27.7;8.90;8.90;2.4;79;63;39309.89;13.8;230;38.4;42.6;33.9;6.0;47044.78
1;2021-08-01;27.1;28.7;25.9;19.90;19.90;2.5;93;63;0.00;10.4;338;33.5;34.9;31.3;20.0;46993.83
1;2021-08-02;28.7;33.0;25.7;11.80;11.80;2.2;87;65;35025.76;8.6;240;35.6;40.4;31.9;4.0;46941.90
1;2021-08-03;29.3;34.6;25.9;2.40;2.40;3.6;85;61;32400.00;15.4;289;36.1;43.1;32.3;4.0;46889.07
1;2021-08-04;30.7;35.5;26.1;0.20;0.20;1.8;78;51;42591.75;11.6;252;37.7;44.1;32.2;1.0;46835.38
1;2021-08-05;31.9;36.7;27.8;0.00;0.00;3.2;71;3;42372.64;11.8;239;38.4;44.7;32.9;0.0;46780.90
1;2021-08-06;32.2;36.4;28.4;0.00;0.00;4.9;67;3;38347.43;11.6;228;38.1;43.4;32.8;0.0;46725.67
1;2021-08-07;32.4;36.7;28.4;0.00;0.00;5.4;66;3;42954.76;11.8;220;38.5;44.6;32.7;0.0;46669.76
1;2021-08-08;31.8;34.5;29.1;0.00;0.00;1.3;70;3;32400.00;9.3;219;38.2;41.4;34.2;0.0;46613.21
1;2021-08-09;30.7;35.3;28.1;18.20;18.20;1.8;85;65;18335.49;11.1;43;38.7;42.7;35.6;4.0;46556.08
1;2021-08-10;28.6;31.4;26.6;18.40;18.40;1.5;93;63;5181.59;10.2;54;36.2;39.2;32.8;12.0;46498.42
1;2021-08-11;28.6;32.0;26.2;22.90;22.90;2.9;90;63;25567.03;16.2;168;35.4;38.4;32.7;15.0;46440.29
1;2021-08-12;29.1;33.4;25.9;4.00;4.00;1.9;86;63;28604.42;11.9;174;35.9;42.1;32.3;3.0;46381.73
1;2021-08-13;29.9;33.6;26.9;0.50;0.50;5.9;78;53;27795.28;13.8;185;35.5;39.9;30.8;1.0;46322.79
1;2021-08-14;30.1;33.8;27.5;0.70;0.70;2.3;78;53;16233.77;11.2;182;36.2;41.0;32.1;2.0;46263.52
1;2021-08-15;28.6;32.4;26.5;6.30;6.30;1.9;88;63;19371.04;11.3;173;35.2;38.4;33.2;12.0;46203.96
1;2021-08-16;29.4;32.8;26.7;0.30;0.30;7.2;78;51;27452.98;11.9;176;35.0;38.9;31.2;1.0;46144.16
1;2021-08-17;30.2;33.7;27.3;0.00;0.00;3.3;79;3;39600.00;9.0;176;37.1;42.2;34.1;0.0;46083.73
1;2021-08-18;30.2;33.6;27.6;5.70;5.70;2.3;81;61;43200.00;10.6;153;37.0;42.6;34.4;9.0;46022.51
1;2021-08-19;28.9;31.5;26.8;8.90;8.90;0.4;87;63;36446.64;10.8;145;35.9;39.1;33.8;10.0;45960.55
1;2021-08-20;28.8;31.8;25.7;6.20;6.20;4.1;85;61;43200.00;12.5;164;35.3;39.7;31.7;9.0;45897.92
1;2021-08-21;29.9;33.7;27.4;0.70;0.70;8.6;83;51;43200.00;15.3;171;36.4;41.7;33.5;5.0;45834.66
1;2021-08-22;31.0;35.0;28.3;0.00;0.00;6.2;78;3;43200.00;15.1;171;37.5;42.8;34.6;0.0;45770.83
1;2021-08-23;31.2;35.5;28.1;0.70;0.70;6.1;75;51;41188.75;15.2;168;37.5;44.0;33.1;4.0;45706.47
1;2021-08-24;30.6;34.8;27.7;3.00;3.00;6.2;79;55;43170.79;12.5;144;37.2;43.2;33.9;10.0;45641.65
1;2021-08-25;29.0;32.4;26.2;5.30;5.30;3.4;83;55;43200.00;15.9;145;35.1;38.5;32.6;13.0;45576.40
1;2021-08-26;27.7;31.0;26.1;15.20;15.20;3.2;87;63;33045.61;14.2;132;33.6;38.4;32.1;21.0;45510.78
1;2021-08-27;27.0;30.3;24.8;14.30;14.30;0.5;87;63;29891.11;9.2;107;32.9;37.0;30.2;19.0;45444.83
1;2021-08-28;26.3;29.4;24.3;5.70;5.70;0.5;89;55;26951.85;9.8;91;32.0;35.4;30.2;14.0;45378.60
1;2021-08-29;26.8;30.3;24.1;3.80;3.80;1.8;88;55;36727.71;11.4;71;32.7;37.7;29.4;12.0;45312.15
1;2021-08-30;27.3;30.7;24.8;2.20;2.20;2.6;86;53;35412.52;10.5;93;33.2;38.1;30.4;12.0;45245.51
1;2021-08-31;27.6;30.9;25.0;6.50;6.50;1.3;87;63;39425.83;9.6;104;33.7;38.2;31.0;8.0;45178.73
1;2021-09-01;27.8;31.2;25.2;6.30;6.30;1.8;87;61;39600.00;9.0;86;34.3;39.3;30.9;14.0;45111.85
1;2021-09-02;26.9;29.4;25.0;6.50;6.50;2.0;89;61;15943.74;9.4;28;32.8;35.6;30.4;14.0;45044.92
1;2021-09-03;27.6;31.2;24.4;3.60;3.60;0.4;87;53;37117.94;11.9;155;33.8;39.2;30.0;11.0;44977.99
1;2021-09-04;27.5;30.6;25.1;12.60;12.60;1.1;89;63;39391.85;12.1;146;33.8;37.5;31.4;19.0;44911.09
1;2021-09-05;26.9;30.0;24.8;14.70;14.70;0.8;89;63;35552.67;13.1;131;32.7;35.7;30.0;16.0;44844.26
1;2021-09-06;27.3;31.0;24.6;3.30;3.30;0.8;89;61;39339.56;8.4;326;33.6;37.7;30.6;12.0;44777.10
1;2021-09-07;26.8;30.2;24.9;18.90;18.90;4.0;90;65;29067.99;18.1;345;32.1;35.9;30.0;14.0;44709.44
1;2021-09-08;25.9;28.6;24.4;26.10;26.10;3.2;92;63;18542.59;19.0;35;30.6;33.2;27.5;23.0;44641.34
1;2021-09-09;26.3;29.9;24.0;13.60;13.60;3.1;90;63;28843.45;9.8;354;31.7;36.5;28.7;17.0;44572.85
1;2021-09-10;28.1;32.4;24.2;0.00;0.00;4.3;82;3;43194.74;14.3;338;33.7;38.9;28.8;0.0;44504.00
1;2021-09-11;29.1;33.1;25.5;0.10;0.10;4.2;80;51;43138.80;12.7;360;35.3;39.8;30.9;1.0;44434.86
1;2021-09-12;30.0;34.6;25.3;0.00;0.00;2.1;79;3;43082.49;8.2;180;36.8;42.3;31.0;0.0;44365.45
1;2021-09-13;28.3;31.5;26.3;9.90;9.90;1.8;88;63;19204.76;13.0;22;34.9;38.4;32.4;11.0;44295.83
1;2021-09-14;26.4;29.4;24.9;31.70;31.70;2.7;93;63;6698.87;10.2;21;32.3;35.1;30.0;19.0;44226.03
1;2021-09-15;26.7;30.1;24.6;15.10;15.10;1.6;91;61;18064.73;7.4;50;32.7;36.5;29.9;20.0;44156.12
1;2021-09-16;26.9;29.4;25.2;4.90;4.90;1.6;90;55;13440.60;11.2;169;32.8;35.1;30.9;17.0;44086.12
1;2021-09-17;27.9;31.6;25.4;1.60;1.60;4.3;87;51;40975.26;12.3;174;33.8;37.8;31.0;9.0;44016.08
1;2021-09-18;28.1;31.1;25.8;4.60;4.60;4.0;87;61;42696.61;12.6;165;34.2;37.4;31.7;9.0;43946.04
1;2021-09-19;28.3;32.6;24.8;0.00;0.00;1.6;83;3;42684.80;12.6;167;34.2;38.7;30.5;0.0;43876.06
1;2021-09-20;27.4;31.0;25.0;4.50;4.50;2.1;88;61;37782.67;8.2;279;33.7;37.9;31.0;13.0;43806.17
1;2021-09-21;27.1;30.7;24.4;8.50;8.50;1.8;88;61;34056.27;8.2;74;33.2;37.4;30.1;17.0;43736.40
1;2021-09-22;25.8;28.5;24.6;16.40;16.40;1.8;92;63;21534.87;9.6;83;31.4;34.6;29.8;20.0;43666.83
1;2021-09-23;26.8;30.4;24.6;11.00;11.00;2.3;90;61;35888.54;13.6;53;32.7;36.2;30.3;17.0;43597.46
1;2021-09-24;25.5;27.5;24.3;38.00;38.00;3.8;95;63;0.00;15.5;34;30.5;32.9;28.8;24.0;43528.36
1;2021-09-25;25.7;28.6;24.1;23.90;23.90;2.5;93;63;17742.51;16.0;57;31.1;33.7;29.0;23.0;43459.55
1;2021-09-26;25.8;28.7;23.7;17.40;17.40;1.5;92;61;24065.96;13.4;23;31.1;34.6;28.3;22.0;43390.62
1;2021-09-27;25.8;29.9;24.2;8.70;8.70;1.5;92;63;21568.50;9.3;347;31.3;36.6;29.0;15.0;43321.39
1;2021-09-28;27.2;31.5;23.3;0.40;0.40;1.8;84;51;40763.05;10.8;201;32.9;38.4;28.2;4.0;43251.90
1;2021-09-29;27.9;32.3;23.7;0.00;0.00;0.8;84;1;40545.35;9.5;180;33.8;39.7;28.6;0.0;43182.21
1;2021-09-30;28.2;32.4;24.5;0.00;0.00;1.5;84;3;40327.59;13.8;178;34.4;39.9;29.9;0.0;43112.37
1;2021-10-01;28.0;31.5;24.8;1.60;1.60;3.3;85;53;36000.00;11.0;176;33.9;38.6;30.4;8.0;43042.43
1;2021-10-02;27.5;30.9;25.1;1.60;1.60;2.6;83;51;39600.00;11.4;159;32.9;36.9;30.7;7.0;42972.42
1;2021-10-03;27.4;31.8;24.0;0.00;0.00;0.0;81;3;40658.67;12.7;179;32.6;37.6;28.8;0.0;42902.40
1;2021-10-04;27.1;30.8;24.1;2.10;2.10;2.6;87;53;36463.13;15.1;45;32.9;38.2;29.3;12.0;42832.42
1;2021-10-05;26.6;29.7;24.8;14.50;14.50;3.6;90;63;31167.11;14.7;32;31.9;35.2;29.6;18.0;42762.51
1;2021-10-06;26.6;30.4;24.1;4.90;4.90;2.5;89;61;37469.91;10.2;340;32.3;36.2;29.3;7.0;42692.74
1;2021-10-07;28.1;31.8;24.8;0.80;0.80;4.8;79;51;39783.53;20.1;340;32.5;37.3;28.9;4.0;42623.15
1;2021-10-08;28.5;31.4;26.3;0.00;0.00;13.4;64;3;39810.59;24.4;356;30.4;34.0;26.9;0.0;42553.78
1;2021-10-09;25.3;27.6;23.1;19.40;19.40;13.8;77;63;0.00;22.6;343;26.8;29.0;24.4;14.0;42484.69
1;2021-10-10;23.6;24.9;22.9;101.90;101.90;16.9;91;65;0.00;34.0;329;25.0;28.1;23.9;24.0;42415.93
1;2021-10-11;23.5;25.0;22.1;73.50;73.50;3.2;91;65;0.00;23.2;354;26.4;30.7;22.6;18.0;42347.54
1;2021-10-12;24.0;27.4;21.4;0.00;0.00;13.8;65;3;39667.44;28.1;0;23.6;27.1;20.4;0.0;42279.58
1;2021-10-13;23.3;25.7;21.5;22.50;22.50;19.2;73;63;15724.65;33.3;346;22.5;25.5;20.1;12.0;42212.10
1;2021-10-14;21.3;22.9;20.3;54.80;54.80;14.1;89;63;0.00;34.9;1;21.1;25.0;18.7;24.0;42145.14
1;2021-10-15;21.3;22.3;20.7;19.60;19.60;13.7;92;61;0.00;18.9;350;22.6;24.2;22.1;24.0;42078.76
1;2021-10-16;21.2;23.6;19.6;4.70;4.70;18.2;78;53;2983.21;28.8;354;20.5;22.4;17.8;12.0;42012.47
1;2021-10-17;20.9;23.0;18.9;1.10;1.10;19.2;65;53;4682.12;27.9;357;18.9;22.0;16.7;3.0;41946.11
1;2021-10-18;19.4;20.6;18.1;5.60;5.60;12.1;84;63;143.42;21.5;347;19.1;20.7;17.3;5.0;41879.73
1;2021-10-19;21.9;25.4;19.4;11.90;11.90;2.7;90;63;10638.96;15.9;344;24.5;29.6;20.1;14.0;41813.37
1;2021-10-20;25.1;30.4;20.7;0.00;0.00;2.3;87;3;39149.00;18.1;177;29.2;34.4;24.1;0.0;41747.10
1;2021-10-21;22.3;26.7;19.4;24.40;24.40;3.4;87;65;8999.95;21.9;353;24.3;32.6;18.5;14.0;41680.97
1;2021-10-22;19.3;20.2;18.2;0.10;0.10;13.7;64;51;0.00;19.7;1;17.5;18.5;16.4;1.0;41615.04
1;2021-10-23;19.6;22.8;17.6;0.00;0.00;5.4;65;3;34911.22;18.0;359;18.9;22.9;15.7;0.0;41549.37
1;2021-10-24;20.0;23.4;16.5;0.00;0.00;6.4;72;3;36117.68;16.3;350;19.8;23.3;15.6;0.0;41484.01
1;2021-10-25;21.5;26.4;17.6;0.00;0.00;4.0;75;3;37951.55;11.5;5;22.8;28.6;17.8;0.0;41419.01
1;2021-10-26;22.3;26.9;17.9;0.00;0.00;3.4;79;3;29953.03;10.4;36;24.5;29.8;19.6;0.0;41354.45
1;2021-10-27;23.3;27.5;19.2;0.00;0.00;4.2;76;3;29236.23;13.7;350;25.4;29.5;20.6;0.0;41290.37
1;2021-10-28;22.3;23.4;21.1;16.10;16.10;5.4;85;63;3600.00;15.8;345;24.1;25.7;22.7;12.0;41226.85
1;2021-10-29;21.6;22.4;20.6;70.90;70.90;7.7;95;65;0.00;15.5;330;24.0;25.7;22.2;23.0;41163.93
1;2021-10-30;20.7;22.1;19.9;14.20;14.20;10.1;92;63;0.00;19.6;348;22.1;25.3;20.7;19.0;41101.69
1;2021-10-31;21.3;23.4;19.8;9.10;9.10;8.7;90;61;0.00;13.5;341;23.3;26.2;20.8;11.0;41040.19
1;2021-11-01;22.8;25.2;21.0;3.90;3.90;4.7;93;53;0.00;12.2;1;26.1;28.9;23.5;17.0;40979.49
1;2021-11-02;22.6;25.2;21.0;3.90;3.90;7.2;91;55;4436.65;12.5;358;25.6;28.3;23.3;10.0;40919.66
1;2021-11-03;23.4;27.3;21.0;2.00;2.00;5.4;89;53;27547.40;9.5;44;26.9;31.6;23.6;5.0;40860.77
1;2021-11-04;24.8;29.4;21.4;0.50;0.50;0.5;87;51;31798.67;13.4;177;28.9;33.2;25.0;5.0;40802.86
1;2021-11-05;25.7;29.8;23.3;0.10;0.10;8.3;86;51;32552.33;17.7;184;29.3;33.2;27.2;1.0;40745.45
1;2021-11-06;25.8;29.7;23.2;0.70;0.70;8.1;87;51;35478.20;16.6;174;29.9;34.0;27.1;6.0;40688.36
1;2021-11-07;25.8;29.9;23.0;4.60;4.60;2.6;87;61;32472.76;13.0;122;30.4;35.0;26.6;7.0;40631.65
1;2021-11-08;18.2;23.0;16.4;4.60;4.60;10.4;65;61;9890.65;30.9;359;15.8;26.4;12.9;4.0;40575.37
1;2021-11-09;17.6;21.2;14.6;0.00;0.00;2.7;59;2;39262.41;15.8;358;16.1;20.5;11.7;0.0;40519.58
1;2021-11-10;18.0;21.9;15.0;0.00;0.00;4.7;61;3;39228.67;16.2;356;16.6;20.8;12.0;0.0;40464.36
1;2021-11-11;19.1;23.6;14.9;0.00;0.00;2.4;70;3;39194.42;10.5;351;19.4;24.7;14.6;0.0;40409.77
1;2021-11-12;20.9;24.0;18.0;0.00;0.00;5.8;68;3;21066.35;14.8;354;20.9;24.2;18.8;0.0;40355.86
1;2021-11-13;20.0;22.9;17.0;0.00;0.00;5.0;63;3;27404.48;16.3;354;19.2;22.0;17.2;0.0;40302.70
1;2021-11-14;19.5;23.8;15.7;0.00;0.00;4.0;76;3;28120.24;11.7;345;20.2;25.3;15.8;0.0;40250.36
1;2021-11-15;20.7;25.0;16.7;0.10;0.10;1.3;80;51;20426.32;11.2;30;22.2;27.0;17.4;1.0;40198.92
1;2021-11-16;21.3;23.1;19.9;2.60;2.60;3.3;88;53;132.77;9.4;5;23.9;26.3;22.2;7.0;40148.43
1;2021-11-17;21.4;24.8;19.6;4.80;4.80;4.7;86;61;7196.75;15.7;5;23.2;27.5;18.9;7.0;40098.97
1;2021-11-18;19.8;23.0;17.4;0.00;0.00;1.5;69;3;22161.12;16.5;349;19.5;23.6;17.1;0.0;40050.60
1;2021-11-19;20.4;24.4;16.1;0.50;0.50;2.3;85;51;14778.50;14.1;166;22.1;26.1;16.8;4.0;40003.40
1;2021-11-20;23.6;28.0;20.4;0.70;0.70;2.6;87;51;25311.10;19.4;167;26.8;30.0;23.4;6.0;39957.44
1;2021-11-21;24.7;28.3;22.3;1.00;1.00;4.0;89;51;35143.05;15.8;155;28.9;31.9;26.5;8.0;39912.79
1;2021-11-22;19.7;23.1;17.5;3.70;3.70;8.5;75;53;0.00;22.7;12;19.3;26.9;15.4;10.0;39869.52
1;2021-11-23;16.9;17.9;15.5;0.00;0.00;8.3;58;3;0.00;17.7;357;14.5;16.3;12.2;0.0;39827.72
1;2021-11-24;17.4;19.6;15.7;0.00;0.00;3.8;60;3;15335.63;14.8;352;15.6;17.7;13.5;0.0;39787.43
1;2021-11-25;17.9;22.8;14.3;0.00;0.00;3.8;75;3;32396.00;13.7;346;17.6;22.7;13.2;0.0;39748.27
1;2021-11-26;19.5;24.3;15.4;0.00;0.00;1.1;73;3;37355.14;15.9;356;19.7;24.1;15.4;0.0;39710.07
1;2021-11-27;20.2;25.3;16.7;0.00;0.00;5.1;65;3;37646.03;12.8;6;20.1;25.8;15.5;0.0;39672.88
1;2021-11-28;19.3;24.7;14.9;0.00;0.00;3.5;71;3;37669.08;11.2;338;19.3;25.0;14.1;0.0;39636.74
1;2021-11-29;20.4;25.7;15.9;0.00;0.00;1.6;73;3;32400.00;11.7;354;21.2;27.2;16.2;0.0;39601.71
1;2021-11-30;20.5;24.1;17.8;0.00;0.00;5.4;60;3;36907.48;21.9;10;19.1;23.0;16.0;0.0;39567.83
1;2021-12-01;17.8;21.9;14.7;0.00;0.00;5.8;59;3;37199.27;14.8;12;16.2;20.2;12.7;0.0;39535.15
1;2021-12-02;16.3;21.9;11.9;0.00;0.00;2.2;62;3;37491.60;11.7;351;14.8;20.3;9.8;0.0;39503.71
1;2021-12-03;16.1;22.5;11.2;0.00;0.00;3.6;65;3;37514.20;11.9;341;14.8;21.4;9.3;0.0;39473.58
1;2021-12-04;16.4;23.3;11.0;0.00;0.00;2.9;65;3;37266.17;12.1;351;15.3;22.6;9.0;0.0;39444.78
1;2021-12-05;17.2;23.5;12.1;0.00;0.00;0.4;65;3;37017.38;13.7;348;16.1;21.9;11.0;0.0;39417.38
1;2021-12-06;17.3;23.7;12.0;0.00;0.00;2.8;64;0;37038.79;10.5;350;16.3;22.4;11.3;0.0;39391.43
1;2021-12-07;17.2;23.8;10.7;0.00;0.00;1.1;63;0;37059.88;11.5;48;16.1;23.0;9.4;0.0;39366.96
1;2021-12-08;18.4;24.0;12.6;0.00;0.00;3.4;68;3;22409.23;10.5;15;18.0;23.4;11.9;0.0;39344.03
1;2021-12-09;19.4;23.1;17.0;2.10;2.10;6.1;79;53;3250.24;15.4;345;19.8;24.0;17.3;5.0;39322.70
1;2021-12-10;20.6;25.5;17.4;0.00;0.00;4.0;78;3;19983.11;12.5;110;21.7;26.5;18.2;0.0;39302.99
1;2021-12-11;20.2;25.5;16.2;0.30;0.30;1.8;84;51;26647.66;10.6;96;21.9;26.8;18.0;3.0;39284.97
1;2021-12-12;20.6;25.5;16.4;0.50;0.50;3.0;77;51;24936.58;20.0;9;21.0;26.4;17.0;4.0;39268.68
1;2021-12-13;18.0;21.7;14.9;0.00;0.00;3.6;62;3;25054.83;17.0;359;16.5;21.4;13.5;0.0;39254.18
1;2021-12-14;17.8;22.8;12.2;0.00;0.00;2.5;77;3;22143.24;10.4;17;18.1;23.4;11.7;0.0;39241.49
1;2021-12-15;19.2;25.0;15.4;0.10;0.10;0.7;87;51;17038.16;11.8;171;20.8;26.3;16.3;1.0;39230.49
1;2021-12-16;20.6;24.2;18.1;0.90;0.90;4.0;90;51;8734.57;10.7;330;22.9;26.5;20.0;5.0;39221.10
1;2021-12-17;21.1;25.4;17.8;0.20;0.20;5.4;71;51;34508.85;17.4;2;21.0;24.4;16.4;1.0;39213.33
1;2021-12-18;18.1;22.4;14.8;0.00;0.00;6.2;56;2;34073.70;15.8;359;16.2;20.2;12.9;0.0;39207.17
1;2021-12-19;16.8;20.2;12.9;0.00;0.00;5.4;50;3;21787.39;19.2;351;14.2;17.7;9.7;0.0;39202.63
1;2021-12-20;18.7;22.8;14.8;0.00;0.00;7.2;51;3;22110.31;14.1;357;16.7;19.9;12.8;0.0;39199.69
1;2021-12-21;18.6;23.2;16.2;0.00;0.00;4.4;62;3;27912.91;16.1;356;17.4;22.3;14.6;0.0;39198.35
1;2021-12-22;18.5;24.2;14.5;0.00;0.00;4.3;73;3;25153.73;15.0;21;18.5;24.2;14.7;0.0;39198.62
1;2021-12-23;19.0;26.4;13.7;0.00;0.00;1.5;79;3;36000.00;17.1;170;19.8;26.8;14.1;0.0;39200.49
1;2021-12-24;19.9;25.0;15.9;1.80;1.80;0.0;88;53;21048.58;6.9;41;22.1;27.2;17.4;6.0;39203.94
1;2021-12-25;20.7;25.2;17.5;1.50;1.50;3.6;82;51;28800.00;19.4;72;21.8;25.7;19.2;7.0;39208.99
1;2021-12-26;18.7;21.2;14.8;4.40;4.40;8.6;74;61;0.00;18.8;66;17.7;20.7;11.9;8.0;39215.62
1;2021-12-27;12.4;14.5;10.4;0.50;0.50;8.6;63;51;0.00;18.4;358;9.3;11.8;7.0;3.0;39223.82
1;2021-12-28;13.8;16.3;10.9;0.00;0.00;1.8;63;3;2705.09;11.7;355;11.9;15.3;7.9;0.0;39233.60
1;2021-12-29;15.4;16.4;14.4;0.40;0.40;3.9;70;51;0.00;15.0;353;13.8;14.7;12.8;4.0;39244.93
1;2021-12-30;15.6;18.3;13.2;0.90;0.90;3.4;71;51;2695.85;15.5;349;14.1;17.1;11.1;6.0;39257.82
1;2021-12-31;16.1;17.9;14.0;0.10;0.10;2.1;72;51;0.00;12.7;342;15.2;16.9;12.6;1.0;39272.26
1;2022-01-01;17.4;21.6;14.1;0.90;0.90;4.8;76;53;1980.70;14.1;5;16.9;21.0;13.4;2.0;39288.23
1;2022-01-02;18.1;22.5;14.6;0.00;0.00;1.6;70;3;16463.04;11.5;6;17.8;23.5;13.3;0.0;39305.72
1;2022-01-03;17.7;22.2;13.5;0.00;0.00;1.1;82;3;8745.31;9.7;48;18.3;23.0;13.7;0.0;39324.75
1;2022-01-04;18.5;24.2;13.4;0.10;0.10;0.5;86;51;22182.85;12.1;176;19.7;25.1;13.7;1.0;39345.50
1;2022-01-05;20.5;25.3;17.4;0.30;0.30;0.8;84;51;25030.84;10.2;183;22.4;26.8;19.2;3.0;39368.03
1;2022-01-06;20.4;25.8;16.3;1.40;1.40;1.1;87;51;27711.64;11.2;135;22.3;27.5;17.5;8.0;39392.29
1;2022-01-07;20.2;24.2;16.6;0.50;0.50;4.7;84;51;27967.03;17.4;100;21.0;24.0;17.4;4.0;39418.22
1;2022-01-08;19.8;23.1;16.6;0.90;0.90;5.7;82;51;6087.40;18.3;97;20.3;23.5;17.5;4.0;39445.77
1;2022-01-09;16.6;18.7;15.1;1.00;1.00;7.7;81;51;0.00;14.3;357;16.1;19.3;14.5;7.0;39474.88
1;2022-01-10;17.2;21.9;14.6;1.90;1.90;5.4;84;53;9101.05;16.7;352;17.3;23.0;14.2;11.0;39505.49
1;2022-01-11;15.6;18.5;12.6;0.90;0.90;0.8;68;53;6279.84;18.1;355;14.0;17.6;11.7;4.0;39537.56
1;2022-01-12;16.6;21.1;11.3;0.00;0.00;2.6;79;3;11283.19;14.7;139;16.6;21.2;10.7;0.0;39571.01
1;2022-01-13;16.7;17.4;15.5;1.40;1.40;5.4;83;51;0.00;11.3;9;16.7;18.3;14.9;11.0;39605.81
1;2022-01-14;17.5;21.9;14.7;0.10;0.10;1.8;78;51;3729.77;8.5;115;17.8;22.3;14.4;1.0;39641.89
1;2022-01-15;18.8;24.4;14.3;0.00;0.00;2.2;88;3;5420.00;14.5;181;20.3;25.7;15.1;0.0;39679.20
1;2022-01-16;21.3;26.4;18.4;3.80;3.80;2.8;86;53;28945.50;15.0;138;23.4;27.7;19.8;12.0;39717.69
1;2022-01-17;15.0;17.4;14.1;4.80;4.80;10.5;82;53;0.00;19.9;351;13.3;18.1;12.1;17.0;39757.30
1;2022-01-18;16.2;21.0;13.3;0.50;0.50;4.5;71;51;30865.79;15.5;3;14.8;19.5;12.3;4.0;39797.97
1;2022-01-19;16.4;21.8;12.4;0.00;0.00;1.1;76;3;36285.63;11.2;12;16.0;21.3;12.0;0.0;39839.67
1;2022-01-20;16.1;20.7;11.3;2.20;2.20;1.8;86;53;10986.38;10.4;74;16.4;21.0;11.0;7.0;39882.32
1;2022-01-21;17.7;20.2;16.3;12.70;12.70;3.5;93;61;0.00;13.3;67;19.0;21.1;16.8;17.0;39925.88
1;2022-01-22;20.3;25.4;17.6;3.60;3.60;0.7;88;61;8604.32;11.5;189;22.4;26.8;19.4;6.0;39970.31
1;2022-01-23;21.5;25.8;18.6;0.80;0.80;0.4;90;51;15416.49;9.8;146;24.6;28.8;20.8;6.0;40015.55
1;2022-01-24;22.1;25.9;19.6;0.80;0.80;1.3;88;51;24041.49;16.9;109;24.9;29.0;21.6;6.0;40062.06
1;2022-01-25;20.7;23.8;18.0;1.10;1.10;6.5;84;51;18488.98;16.4;104;21.7;25.4;18.6;8.0;40109.97
1;2022-01-26;21.2;25.7;18.7;1.70;1.70;2.9;86;51;21106.86;17.1;137;23.1;27.1;20.7;9.0;40159.21
1;2022-01-27;22.1;26.5;20.1;1.70;1.70;6.9;87;53;24800.67;17.0;136;24.2;28.6;21.9;7.0;40209.72
1;2022-01-28;22.1;26.7;19.6;1.10;1.10;6.2;85;51;32534.28;18.5;138;23.9;27.2;21.7;7.0;40261.41
1;2022-01-29;18.1;20.9;13.7;6.10;6.10;7.3;82;63;0.00;17.8;50;17.9;22.0;11.5;11.0;40314.20
1;2022-01-30;12.9;13.9;11.2;2.00;2.00;6.0;75;53;262.87;16.1;354;10.9;12.5;8.6;12.0;40368.04
1;2022-01-31;11.9;13.1;11.3;11.20;11.20;12.0;83;61;0.00;18.4;357;9.5;10.5;8.5;13.0;40422.85
1;2022-02-01;12.5;14.7;10.9;0.00;0.00;5.8;73;3;1136.41;13.9;355;10.3;13.2;8.1;0.0;40478.55
1;2022-02-02;12.3;13.8;11.1;1.60;1.60;8.8;76;55;0.00;16.5;354;10.1;11.4;8.9;5.0;40535.09
1;2022-02-03;12.8;15.6;10.9;0.20;0.20;3.3;69;51;4235.34;15.6;353;10.6;14.0;7.7;2.0;40592.37
1;2022-02-04;14.0;16.8;11.5;0.00;0.00;4.8;65;3;3334.49;14.1;357;11.8;14.2;9.0;0.0;40650.35
1;2022-02-05;14.6;16.4;13.1;0.30;0.30;0.8;68;51;0.00;8.8;350;13.4;15.6;11.5;2.0;40708.95
1;2022-02-06;13.8;15.7;12.2;10.20;10.20;1.3;90;63;0.00;10.1;341;13.7;16.2;11.4;13.0;40768.10
1;2022-02-07;18.2;22.9;14.4;0.50;0.50;2.6;84;51;7989.71;10.5;17;19.1;24.8;14.6;5.0;40827.75
1;2022-02-08;17.8;20.5;16.4;4.50;4.50;4.9;88;53;0.00;13.7;71;18.4;20.7;16.9;17.0;40887.83
1;2022-02-09;14.3;16.0;13.2;5.40;5.40;6.0;88;61;0.00;15.1;349;13.6;16.4;12.3;15.0;40948.28
1;2022-02-10;15.4;19.7;12.5;0.00;0.00;1.1;85;3;307.95;7.9;31;15.6;20.4;12.1;0.0;41009.02
1;2022-02-11;18.1;21.7;15.6;0.70;0.70;0.5;88;51;2194.21;9.4;40;19.2;23.3;16.1;7.0;41070.02
1;2022-02-12;17.9;19.5;16.9;6.30;6.30;3.4;93;53;0.00;13.0;50;18.9;20.2;17.9;21.0;41131.21
1;2022-02-13;14.3;16.9;12.6;9.70;9.70;6.3;92;61;0.00;18.1;349;13.4;18.3;10.6;20.0;41193.10
1;2022-02-14;14.9;19.2;12.1;0.90;0.90;1.9;74;51;29240.54;15.1;354;13.6;19.0;10.0;5.0;41255.88
1;2022-02-15;16.1;18.5;12.2;0.30;0.30;2.5;83;51;0.00;11.5;1;16.3;18.9;12.2;3.0;41319.47
1;2022-02-16;17.6;19.8;15.5;0.60;0.60;1.8;89;51;0.00;6.3;5;18.9;21.3;16.1;3.0;41383.83
1;2022-02-17;20.5;24.3;17.6;0.00;0.00;1.1;89;3;3557.52;12.5;149;22.9;27.1;19.6;0.0;41448.89
1;2022-02-18;22.1;24.5;20.4;2.00;2.00;3.4;94;51;0.00;15.4;147;25.2;27.8;21.6;12.0;41514.58
1;2022-02-19;13.6;19.8;10.4;46.00;46.00;10.5;85;65;1324.49;23.4;5;11.4;20.9;6.2;19.0;41580.83
1;2022-02-20;8.6;10.3;7.8;14.50;14.50;12.6;84;61;0.00;23.9;2;4.9;6.4;4.0;24.0;41647.59
1;2022-02-21;10.9;14.9;7.6;0.00;0.00;11.3;68;3;20729.58;18.7;0;7.5;12.1;4.1;0.0;41714.80
1;2022-02-22;11.3;14.0;9.4;0.10;0.10;12.2;63;51;5683.23;21.1;359;7.6;10.4;5.9;1.0;41782.40
1;2022-02-23;12.3;16.9;9.0;0.00;0.00;6.5;55;3;39263.53;21.6;5;8.7;13.9;4.7;0.0;41850.33
1;2022-02-24;12.3;18.3;7.6;0.00;0.00;4.0;66;3;39023.52;12.9;17;10.3;16.7;4.5;0.0;41918.52
1;2022-02-25;13.5;18.8;8.6;0.00;0.00;0.8;77;3;26710.26;8.7;37;12.5;18.4;6.9;0.0;41986.93
1;2022-02-26;16.0;22.3;9.6;0.00;0.00;1.9;77;3;33004.93;11.1;42;15.7;23.2;8.6;0.0;42055.50
1;2022-02-27;16.8;22.9;10.9;0.00;0.00;2.0;80;3;32146.49;13.2;183;17.0;23.3;10.7;0.0;42124.17
1;2022-02-28;18.0;24.3;12.3;0.10;0.10;0.4;86;51;16196.54;13.3;174;18.7;25.0;11.8;1.0;42192.88
1;2022-03-01;20.1;24.5;16.7;0.70;0.70;2.4;88;51;4970.82;14.3;120;22.2;26.6;18.2;4.0;42261.58
1;2022-03-02;20.1;25.2;16.0;0.10;0.10;1.1;86;51;18270.81;10.2;122;22.0;27.0;17.3;1.0;42330.21
1;2022-03-03;20.3;25.4;15.6;0.00;0.00;5.0;86;3;21895.53;16.9;174;21.8;26.9;16.6;0.0;42398.73
1;2022-03-04;21.5;25.3;18.6;0.80;0.80;3.8;88;51;1545.95;13.9;153;23.6;27.4;20.5;7.0;42467.09
1;2022-03-05;21.6;24.3;19.8;2.00;2.00;5.7;90;53;0.00;15.1;138;23.9;26.1;22.1;9.0;42535.76
1;2022-03-06;22.5;26.2;19.4;1.60;1.60;4.7;90;51;375.54;18.9;147;25.2;28.6;22.0;8.0;42604.92
1;2022-03-07;20.9;25.1;16.5;16.80;16.80;2.4;79;63;28188.09;24.7;4;21.7;25.3;17.3;9.0;42674.55
1;2022-03-08;18.9;25.0;14.1;0.00;0.00;0.7;77;3;39264.26;15.3;122;19.3;26.3;14.5;0.0;42744.57
1;2022-03-09;19.2;23.7;15.0;0.50;0.50;3.1;85;51;0.00;14.7;139;20.3;24.4;15.5;5.0;42814.94
1;2022-03-10;20.5;23.7;17.1;0.00;0.00;5.4;83;3;1585.54;12.6;120;21.8;25.0;18.5;0.0;42885.60
1;2022-03-11;21.0;25.2;16.7;0.00;0.00;4.0;84;3;14250.24;11.4;149;22.7;26.6;18.0;0.0;42956.53
1;2022-03-12;21.6;26.1;18.3;0.30;0.30;4.3;85;51;17690.05;16.0;157;23.4;27.6;20.4;3.0;43027.64
1;2022-03-13;22.1;26.0;19.3;0.70;0.70;5.0;88;51;8395.18;16.7;149;24.3;27.6;22.0;4.0;43098.91
1;2022-03-14;22.4;25.9;19.0;0.40;0.40;3.9;87;51;0.00;14.3;147;25.0;28.7;21.4;4.0;43170.28
1;2022-03-15;23.4;27.6;20.7;0.00;0.00;0.4;84;3;12622.24;11.4;164;26.7;31.2;23.9;0.0;43241.71
1;2022-03-16;22.3;25.3;20.6;2.30;2.30;3.7;91;55;4799.13;20.6;179;24.8;26.5;23.2;7.0;43313.14
1;2022-03-17;23.7;28.6;20.0;0.30;0.30;3.9;88;51;13276.44;16.0;149;27.0;32.2;23.0;3.0;43384.53
1;2022-03-18;24.0;27.9;21.7;0.60;0.60;1.3;89;51;10170.02;13.1;155;27.8;32.0;25.1;4.0;43455.83
1;2022-03-19;23.6;27.4;21.2;0.60;0.60;0.8;90;51;5116.50;16.4;146;27.1;31.0;24.3;6.0;43526.99
1;2022-03-20;25.2;29.6;22.3;0.10;0.10;9.2;86;51;25832.81;17.9;160;28.6;33.2;25.8;1.0;43597.96
1;2022-03-21;25.9;30.5;22.7;0.00;0.00;9.6;84;3;26074.77;20.6;168;29.2;33.5;25.6;0.0;43668.69
1;2022-03-22;27.0;31.8;23.4;0.00;0.00;5.7;82;3;37224.29;15.3;159;31.5;37.1;27.4;0.0;43739.14
1;2022-03-23;19.8;24.2;16.8;40.60;40.60;6.5;89;65;0.00;18.5;13;20.9;27.8;17.6;20.0;43809.25
1;2022-03-24;19.7;23.8;16.6;0.50;0.50;2.3;88;51;1437.28;15.0;145;21.2;25.2;17.6;4.0;43878.99
1;2022-03-25;24.2;30.5;18.8;0.00;0.00;1.1;86;3;28813.72;17.2;185;27.7;36.3;20.9;0.0;43948.80
1;2022-03-26;26.8;33.5;21.1;0.00;0.00;2.6;84;3;38621.86;12.3;169;32.0;40.6;24.7;0.0;44018.85
1;2022-03-27;22.0;24.6;18.5;2.40;2.40;9.5;78;61;0.00;18.0;10;23.0;28.4;18.6;9.0;44089.09
1;2022-03-28;19.4;22.8;16.9;0.80;0.80;3.1;74;53;16213.17;15.7;17;19.7;24.0;16.4;1.0;44159.49
1;2022-03-29;20.3;24.2;15.9;0.00;0.00;1.6;85;3;6470.66;9.1;96;22.3;26.7;17.1;0.0;44229.99
1;2022-03-30;22.9;26.0;20.9;0.90;0.90;1.1;90;51;88.16;11.0;91;26.5;30.2;24.2;7.0;44300.56
1;2022-03-31;23.9;27.9;21.7;5.10;5.10;4.1;89;61;17723.62;17.2;56;27.5;32.5;23.8;11.0;44371.14
1;2022-04-01;18.1;21.7;15.9;19.10;19.10;16.2;82;63;0.00;23.8;359;16.9;23.0;13.6;21.0;44441.71
1;2022-04-02;16.9;19.2;15.5;0.80;0.80;11.6;65;51;10777.36;27.6;11;14.0;16.0;12.4;4.0;44512.19
1;2022-04-03;17.5;22.7;13.2;0.00;0.00;6.1;66;3;37390.18;15.9;27;16.4;22.8;11.8;0.0;44582.54
1;2022-04-04;18.3;24.0;13.4;0.00;0.00;3.5;71;0;42807.30;13.1;71;18.3;25.1;12.9;0.0;44652.73
1;2022-04-05;19.9;25.7;14.9;0.00;0.00;0.8;74;3;35954.52;11.4;31;20.7;27.4;15.2;0.0;44722.71
1;2022-04-06;21.3;27.9;15.1;0.00;0.00;1.8;74;3;40352.19;11.9;341;22.7;29.2;15.6;0.0;44792.41
1;2022-04-07;22.8;28.8;18.6;0.00;0.00;4.2;74;3;41265.77;15.2;354;24.3;30.2;19.7;0.0;44861.80
1;2022-04-08;22.3;28.4;16.1;0.00;0.00;2.7;73;1;42990.42;11.2;143;24.2;32.2;16.9;0.0;44930.83
1;2022-04-09;22.0;28.5;16.5;0.00;0.00;2.5;80;0;43200.00;15.0;157;24.1;31.8;17.4;0.0;44999.44
1;2022-04-10;22.7;28.1;18.3;0.00;0.00;3.0;81;3;37848.93;13.9;165;25.0;30.7;20.2;0.0;45067.60
1;2022-04-11;23.1;27.8;19.0;0.30;0.30;2.5;85;51;18134.00;15.2;166;25.8;29.8;21.4;2.0;45135.23
1;2022-04-12;24.1;28.3;21.0;0.20;0.20;4.5;86;51;19214.75;17.7;166;27.1;31.1;24.1;2.0;45202.30
1;2022-04-13;25.4;30.2;21.7;0.40;0.40;2.6;84;51;28624.53;14.0;81;29.7;35.3;25.8;3.0;45268.76
1;2022-04-14;25.4;30.1;20.9;0.00;0.00;3.9;83;3;31982.65;15.4;151;28.9;33.5;24.2;0.0;45335.03
1;2022-04-15;26.0;28.4;24.3;1.40;1.40;7.3;87;53;8947.93;22.4;148;29.9;31.5;28.5;5.0;45401.28
1;2022-04-16;24.4;26.8;20.7;51.90;51.90;9.2;92;65;0.00;19.6;142;27.9;30.5;21.8;17.0;45467.46
1;2022-04-17;19.2;21.2;17.4;3.50;3.50;9.2;88;53;1059.64;16.9;344;19.9;22.8;16.8;12.0;45533.52
1;2022-04-18;18.4;20.9;16.7;3.70;3.70;6.9;83;53;1998.00;22.8;349;18.0;20.5;15.7;11.0;45599.43
1;2022-04-19;19.7;23.7;16.3;0.00;0.00;3.2;76;3;18178.61;15.3;4;20.2;25.1;16.2;0.0;45665.12
1;2022-04-20;20.9;24.9;17.7;0.90;0.90;0.4;83;53;34435.95;7.3;70;23.1;27.2;18.9;2.0;45730.55
1;2022-04-21;22.2;26.5;18.0;0.10;0.10;0.8;86;51;7252.69;13.0;167;24.9;29.2;20.0;1.0;45795.68
1;2022-04-22;24.7;28.9;20.8;0.10;0.10;5.0;87;51;32744.90;23.1;179;28.0;31.5;24.0;1.0;45860.45
1;2022-04-23;26.1;31.8;21.8;0.20;0.20;2.3;86;51;27709.59;15.5;162;30.8;38.0;26.1;2.0;45924.81
1;2022-04-24;27.2;32.1;23.5;0.00;0.00;6.6;83;3;41010.18;16.6;169;31.7;38.6;27.7;0.0;45988.71
1;2022-04-25;28.3;33.0;24.6;0.00;0.00;11.5;80;1;43200.00;16.8;176;32.9;39.3;28.6;0.0;46052.10
1;2022-04-26;29.2;35.8;24.9;0.00;0.00;1.3;79;0;43200.00;15.9;165;34.8;45.2;29.0;0.0;46114.92
1;2022-04-27;28.5;34.5;24.6;0.00;0.00;4.5;81;3;43200.00;16.8;145;34.0;42.1;29.8;0.0;46177.12
1;2022-04-28;27.8;31.7;25.2;0.30;0.30;8.2;84;51;30147.63;20.4;159;32.4;36.4;30.1;3.0;46238.65
1;2022-04-29;27.2;30.9;24.0;0.60;0.60;5.1;85;51;26070.09;22.0;154;31.8;35.3;29.0;5.0;46299.44
1;2022-04-30;27.2;30.3;24.8;0.80;0.80;4.9;85;51;24243.74;15.3;162;32.0;34.4;30.2;5.0;46359.44
1;2022-05-01;20.6;23.5;19.4;18.10;18.10;11.4;75;65;0.00;26.5;7;19.6;27.1;18.0;11.0;46418.60
1;2022-05-02;21.5;25.4;18.5;0.00;0.00;4.1;57;3;29439.36;21.0;10;20.2;24.6;17.3;0.0;46476.85
1;2022-05-03;22.0;26.9;17.2;0.00;0.00;3.3;67;3;43200.00;14.0;5;22.6;27.6;17.3;0.0;46534.14
1;2022-05-04;23.1;27.9;17.7;0.00;0.00;2.9;69;3;43200.00;10.4;22;25.0;31.2;18.9;0.0;46590.87
1;2022-05-05;23.6;29.8;18.6;0.00;0.00;0.0;78;3;43200.00;13.7;125;26.6;33.7;20.9;0.0;46647.18
1;2022-05-06;24.8;30.1;19.9;0.00;0.00;1.5;82;3;32195.28;11.5;129;28.6;33.8;22.8;0.0;46703.03
1;2022-05-07;25.6;30.1;22.6;7.30;7.30;1.3;87;63;30901.92;13.3;131;30.4;35.8;27.5;12.0;46758.37
1;2022-05-08;25.7;29.0;23.2;4.30;4.30;3.8;87;53;28747.74;16.7;154;29.9;33.5;28.2;16.0;46813.14
1;2022-05-09;26.3;29.9;23.7;4.80;4.80;6.2;86;53;31688.90;20.3;160;30.5;33.8;28.2;17.0;46867.31
1;2022-05-10;27.0;31.9;24.9;18.40;18.40;1.1;88;65;18883.33;17.6;179;32.3;38.2;29.3;9.0;46920.81
1;2022-05-11;28.1;32.1;24.6;1.50;1.50;1.9;85;53;21518.32;12.9;149;34.1;39.8;30.4;6.0;46973.61
1;2022-05-12;26.9;30.7;24.7;25.00;25.00;0.7;90;65;18298.38;9.8;237;32.9;38.1;30.6;10.0;47025.64
1;2022-05-13;26.7;31.4;24.5;25.40;25.40;1.5;90;63;24700.48;12.0;59;32.7;40.2;29.8;19.0;47076.85
1;2022-05-14;26.0;29.1;23.9;15.30;15.30;1.5;86;65;10585.35;13.2;90;30.8;34.1;28.5;12.0;47127.19
1;2022-05-15;24.9;26.9;22.3;16.30;16.30;2.5;85;65;453.58;19.7;15;28.4;31.8;22.8;8.0;47176.60
1;2022-05-16;21.4;23.4;20.0;9.30;9.30;4.4;71;63;8526.05;21.6;3;21.3;23.4;19.3;4.0;47225.04
1;2022-05-17;23.0;26.8;18.9;0.00;0.00;3.8;70;3;31608.74;10.4;52;24.7;28.7;20.2;0.0;47272.44
1;2022-05-18;23.7;27.7;19.0;0.20;0.20;1.8;80;51;30796.32;12.3;133;26.7;30.8;21.6;2.0;47318.74
1;2022-05-19;25.2;30.2;20.7;0.40;0.40;1.0;83;51;33992.49;12.3;142;29.5;35.8;24.3;3.0;47363.89
1;2022-05-20;25.5;29.3;22.7;4.10;4.10;4.1;89;61;16167.57;11.5;133;30.3;35.9;27.0;9.0;47407.83
1;2022-05-21;25.6;28.2;23.4;1.20;1.20;3.7;86;51;13686.84;14.5;99;29.7;31.6;28.1;7.0;47450.51
1;2022-05-22;26.0;28.8;23.9;16.60;16.60;11.3;88;63;8021.08;17.3;121;29.9;32.7;27.6;17.0;47491.86
1;2022-05-23;26.5;29.2;24.5;35.60;35.60;3.2;89;63;2736.51;19.8;134;31.2;33.7;28.4;22.0;47531.84
1;2022-05-24;25.8;28.2;24.3;29.00;29.00;2.5;92;63;413.49;11.2;87;31.3;33.7;29.3;18.0;47570.73
1;2022-05-25;26.9;30.7;24.3;18.00;18.00;1.3;89;63;21600.00;10.3;118;32.8;38.9;29.6;16.0;47608.65
1;2022-05-26;28.0;32.0;24.5;4.80;4.80;1.8;88;61;32830.26;8.6;147;34.7;40.8;30.0;9.0;47645.57
1;2022-05-27;27.3;30.8;25.4;13.60;13.60;0.7;92;63;13725.05;9.0;61;33.8;38.4;31.5;15.0;47681.45
1;2022-05-28;28.1;31.5;25.2;16.50;16.50;2.8;88;65;26505.93;10.7;160;34.3;38.6;30.8;13.0;47716.26
1;2022-05-29;28.8;31.9;26.2;4.20;4.20;4.4;85;61;42046.50;10.9;166;35.1;40.1;31.7;8.0;47749.95
1;2022-05-30;27.7;31.7;24.2;17.00;17.00;1.1;89;63;22209.79;12.8;147;34.1;40.6;28.2;9.0;47782.49
1;2022-05-31;26.5;29.8;24.0;10.00;10.00;0.4;90;63;11538.59;10.0;24;32.2;36.3;28.6;17.0;47813.85
1;2022-06-01;28.1;32.4;25.0;4.80;4.80;3.3;86;63;31343.08;15.7;176;34.1;39.5;30.8;10.0;47843.99
1;2022-06-02;29.8;34.1;26.6;9.30;9.30;3.4;81;65;34031.12;19.8;186;35.6;40.9;32.5;3.0;47872.87
1;2022-06-03;30.3;34.2;26.9;0.00;0.00;9.0;73;3;34501.31;18.4;194;35.2;40.0;31.1;0.0;47900.45
1;2022-06-04;30.9;35.0;27.2;0.00;0.00;8.9;67;3;42870.96;17.1;203;35.3;41.4;29.7;0.0;47926.69
1;2022-06-05;29.9;35.1;26.9;0.80;0.80;4.0;74;53;33915.10;16.8;212;35.1;42.2;29.9;1.0;47951.57
1;2022-06-06;28.1;30.7;25.9;0.10;0.10;2.1;84;51;13097.10;17.4;344;33.5;35.6;29.9;1.0;47975.04
1;2022-06-07;27.2;30.7;24.4;38.10;38.10;0.4;87;65;21161.83;9.7;318;33.0;38.0;29.1;17.0;47997.07
1;2022-06-08;27.4;31.3;24.8;40.60;40.60;1.9;89;65;23666.30;10.5;177;33.6;37.4;29.3;17.0;48017.61
1;2022-06-09;28.7;32.1;25.3;2.70;2.70;3.0;86;53;28229.21;9.5;185;35.4;40.0;31.6;7.0;48036.64
1;2022-06-10;30.2;34.1;26.5;2.40;2.40;2.9;80;61;22366.57;9.7;208;36.9;41.7;32.5;3.0;48054.12
1;2022-06-11;28.6;30.2;26.7;2.10;2.10;0.7;88;53;0.00;8.7;5;35.4;37.7;32.8;12.0;48070.01
1;2022-06-12;29.8;33.8;26.8;0.00;0.00;3.6;78;3;28201.24;11.5;188;35.8;40.8;31.7;0.0;48084.27
1;2022-06-13;30.3;35.6;26.5;11.10;11.10;1.5;77;63;33932.11;14.3;219;36.5;43.0;31.6;5.0;48097.01
1;2022-06-14;27.1;31.2;24.7;28.00;28.00;1.5;88;63;26989.97;12.2;1;32.8;37.3;30.3;21.0;48108.28
1;2022-06-15;27.1;31.4;24.4;7.60;7.60;0.8;87;63;32782.83;13.1;212;33.0;39.4;30.2;13.0;48118.07
1;2022-06-16;29.0;33.1;25.9;3.20;3.20;5.5;82;53;29583.30;13.1;187;35.0;39.6;31.8;10.0;48126.38
1;2022-06-17;30.5;35.1;26.4;0.00;0.00;8.3;76;3;38173.06;15.3;197;36.1;41.0;31.7;0.0;48133.22
1;2022-06-18;31.1;34.9;27.7;0.00;0.00;8.6;67;3;42827.93;17.4;209;35.5;40.6;30.8;0.0;48138.58
1;2022-06-19;31.3;35.8;27.5;0.00;0.00;10.6;66;3;43913.19;17.8;204;35.6;41.5;30.5;0.0;48142.46
1;2022-06-20;31.6;36.2;27.8;0.00;0.00;12.2;65;3;40944.42;17.4;199;36.0;41.7;31.1;0.0;48144.86
1;2022-06-21;31.7;36.2;28.1;0.00;0.00;6.8;64;3;42752.42;19.8;184;36.2;42.1;31.2;0.0;48145.80
1;2022-06-22;31.2;35.5;27.1;10.40;10.40;7.0;71;65;37617.50;19.4;174;36.2;42.6;32.3;4.0;48145.26
1;2022-06-23;30.2;34.4;27.2;3.50;3.50;4.2;76;63;42009.16;15.3;165;35.8;41.3;33.0;5.0;48143.26
1;2022-06-24;29.6;33.4;26.3;0.30;0.30;3.8;78;51;44451.22;17.0;167;35.2;40.4;32.4;3.0;48139.79
1;2022-06-25;29.2;33.4;25.1;0.50;0.50;4.0;77;51;44721.39;16.9;166;34.3;39.9;30.9;3.0;48134.86
1;2022-06-26;30.2;33.9;27.0;0.40;0.40;8.7;74;51;44187.27;18.7;172;35.3;39.9;32.5;2.0;48128.48
1;2022-06-27;31.6;36.6;28.0;0.00;0.00;12.1;70;3;43653.96;18.5;184;36.7;42.3;33.5;0.0;48120.64
1;2022-06-28;32.1;37.0;27.5;0.00;0.00;5.6;67;3;44193.84;14.1;200;37.8;43.2;32.9;0.0;48111.37
1;2022-06-29;29.9;32.8;27.8;4.70;4.70;4.0;79;61;31500.51;13.3;337;36.1;39.0;34.0;7.0;48100.64
1;2022-06-30;27.6;31.5;24.7;22.70;22.70;0.0;88;63;18000.00;9.6;7;33.7;38.6;29.8;19.0;48088.49
1;2022-07-01;27.6;31.4;25.0;3.70;3.70;3.4;86;53;23667.96;13.4;331;33.1;37.9;29.5;17.0;48074.91
1;2022-07-02;29.2;33.5;26.2;11.80;11.80;5.4;82;63;27242.03;16.5;321;34.9;39.7;31.2;6.0;48059.91
1;2022-07-03;29.1;34.6;25.8;30.70;30.70;2.0;85;65;23859.19;17.3;212;35.8;42.6;31.8;9.0;48043.34
1;2022-07-04;30.4;36.1;27.8;8.20;8.20;2.9;80;63;32918.64;15.6;211;37.2;44.4;33.3;2.0;48025.17
1;2022-07-05;30.8;35.9;27.3;1.30;1.30;1.1;81;53;36000.00;13.5;216;38.2;44.6;34.7;3.0;48005.43
1;2022-07-06;28.5;31.9;26.9;15.40;15.40;0.8;88;63;23067.55;11.3;177;35.3;38.8;33.5;15.0;47984.17
1;2022-07-07;28.0;31.8;26.1;7.00;7.00;2.2;88;61;23129.59;11.5;190;34.3;37.9;32.4;15.0;47961.42
1;2022-07-08;27.5;30.9;24.6;2.00;2.00;0.4;87;53;18527.36;6.5;43;33.7;37.6;30.3;8.0;47937.24
1;2022-07-09;27.4;30.2;24.9;4.70;4.70;2.6;87;61;22081.93;13.0;128;33.1;36.1;30.5;14.0;47911.64
1;2022-07-10;27.4;30.8;25.1;16.00;16.00;0.5;87;63;37242.15;12.6;68;33.7;37.6;31.1;13.0;47884.68
1;2022-07-11;28.0;31.5;24.5;9.00;9.00;3.1;86;63;35660.54;14.0;64;33.8;37.6;29.9;18.0;47856.40
1;2022-07-12;28.0;31.4;25.1;6.30;6.30;3.6;86;61;38100.10;12.6;121;33.8;37.9;30.1;17.0;47826.84
1;2022-07-13;27.6;31.3;24.7;10.30;10.30;0.8;87;63;19155.23;9.4;119;33.8;38.4;30.4;13.0;47796.05
1;2022-07-14;27.3;30.9;25.0;9.30;9.30;1.8;89;63;23329.41;13.5;19;33.2;37.1;30.1;15.0;47764.04
1;2022-07-15;28.2;32.7;24.4;9.00;9.00;1.0;87;63;43716.61;12.3;169;35.0;41.4;30.3;11.0;47730.87
1;2022-07-16;29.8;34.0;25.7;0.30;0.30;4.3;82;51;44087.26;14.9;174;36.1;41.6;31.8;3.0;47696.60
1;2022-07-17;31.4;35.7;27.5;0.00;0.00;7.8;78;3;43573.96;16.3;182;38.0;43.9;34.0;0.0;47661.23
1;2022-07-18;31.7;37.1;28.0;1.00;1.00;4.1;75;53;43852.38;16.9;181;38.2;45.8;32.7;2.0;47624.83
1;2022-07-19;30.8;35.3;27.3;0.70;0.70;2.7;80;53;43733.79;16.8;164;37.7;43.6;34.0;2.0;47587.42
1;2022-07-20;28.8;32.1;26.1;11.60;11.60;1.6;83;63;34454.02;16.5;141;34.9;38.6;31.8;18.0;47549.06
1;2022-07-21;27.2;30.4;24.5;14.60;14.60;1.5;87;63;32611.01;20.7;120;32.4;35.3;30.0;22.0;47509.78
1;2022-07-22;26.8;30.4;24.5;9.00;9.00;1.1;88;63;34375.24;16.6;132;32.3;36.0;29.8;15.0;47469.60
1;2022-07-23;28.0;31.7;24.2;7.50;7.50;3.2;85;63;43759.91;13.1;175;34.0;39.2;29.5;9.0;47428.21
1;2022-07-24;29.0;33.0;25.3;0.10;0.10;4.5;82;51;43950.10;13.4;180;35.2;41.0;31.2;1.0;47385.51
1;2022-07-25;29.1;34.2;25.1;0.00;0.00;5.4;80;2;44228.95;14.9;179;34.9;41.4;30.3;0.0;47341.55
1;2022-07-26;28.9;34.0;25.2;0.00;0.00;6.5;82;3;43986.71;13.7;179;34.8;41.5;30.7;0.0;47296.39
1;2022-07-27;29.0;34.7;24.7;0.00;0.00;4.8;81;3;43794.86;14.8;162;34.8;41.4;30.2;0.0;47250.09
1;2022-07-28;29.4;34.7;25.1;0.00;0.00;2.5;81;3;43545.24;13.6;161;35.7;42.6;30.9;0.0;47202.71
1;2022-07-29;29.5;34.6;24.8;0.00;0.00;3.1;81;3;43296.91;11.5;162;35.8;42.8;30.5;0.0;47154.31
1;2022-07-30;28.4;31.8;26.2;5.10;5.10;1.6;87;63;30212.28;14.8;174;35.1;38.5;32.6;7.0;47104.94
1;2022-07-31;27.7;31.2;25.4;26.30;26.30;1.3;89;65;18825.90;17.4;160;34.2;38.4;30.0;12.0;47054.66
1;2022-08-01;28.3;32.1;24.7;6.30;6.30;1.3;86;63;43200.00;13.4;106;34.7;40.5;30.5;10.0;47003.52
1;2022-08-02;28.8;32.4;25.1;2.20;2.20;3.5;83;53;43130.36;11.3;151;35.1;41.1;31.1;9.0;46951.58
1;2022-08-03;29.3;33.3;25.2;1.80;1.80;1.1;81;61;42894.63;11.3;172;35.9;42.2;30.9;5.0;46898.89
1;2022-08-04;29.9;33.9;26.7;0.80;0.80;1.8;80;53;34033.98;10.0;170;36.6;41.6;32.7;2.0;46845.51
1;2022-08-05;27.1;28.9;26.1;18.00;18.00;0.8;90;63;4044.83;8.4;61;33.3;35.0;31.8;21.0;46791.48
1;2022-08-06;26.1;28.6;24.7;19.50;19.50;1.3;93;63;10533.67;9.8;73;32.1;34.7;30.0;21.0;46736.86
1;2022-08-07;26.4;29.0;24.4;17.10;17.10;0.4;92;63;11585.50;8.2;68;32.4;35.2;29.3;19.0;46681.71
1;2022-08-08;26.7;31.0;24.3;21.20;21.20;1.6;90;63;25416.69;12.1;356;32.4;37.8;29.1;14.0;46626.05
1;2022-08-09;26.9;31.1;23.6;7.20;7.20;2.4;87;63;31257.56;11.5;327;32.5;38.3;27.4;13.0;46569.96
1;2022-08-10;27.5;31.1;25.9;17.30;17.30;4.7;87;63;27474.45;17.0;324;32.8;36.2;30.7;13.0;46513.46
1;2022-08-11;26.3;28.1;25.0;126.60;126.60;7.6;92;65;3600.00;19.8;185;31.3;33.8;29.4;23.0;46456.62
1;2022-08-12;25.5;28.2;24.0;34.30;34.30;1.9;94;63;0.00;11.2;89;31.1;34.3;28.9;20.0;46399.03
1;2022-08-13;26.7;31.1;23.8;3.20;3.20;1.5;90;53;30364.12;11.2;154;33.0;38.3;29.2;12.0;46340.55
1;2022-08-14;27.9;32.6;24.7;3.60;3.60;3.0;87;61;35533.31;8.8;194;34.3;40.4;30.0;14.0;46281.24
1;2022-08-15;28.3;31.5;26.0;1.60;1.60;1.8;88;53;43200.00;9.4;149;35.1;39.6;32.3;8.0;46221.15
1;2022-08-16;28.9;32.9;25.3;2.10;2.10;1.8;83;61;43003.51;10.4;135;35.5;40.5;31.5;4.0;46160.34
1;2022-08-17;28.1;31.0;25.4;2.10;2.10;1.8;88;61;17974.95;10.0;149;34.5;36.9;31.4;5.0;46098.87
1;2022-08-18;28.6;32.7;24.9;1.00;1.00;1.3;86;53;43200.00;12.6;175;35.4;41.7;30.8;5.0;46036.78
1;2022-08-19;28.9;32.4;26.1;10.60;10.60;1.8;87;63;39068.25;8.5;147;36.2;42.4;32.5;11.0;45974.14
1;2022-08-20;26.6;29.1;25.1;41.10;41.10;3.3;91;65;9585.75;10.4;30;32.3;35.2;30.7;22.0;45910.98
1;2022-08-21;27.1;30.3;24.2;5.60;5.60;5.0;87;61;30748.30;13.9;120;32.4;36.9;29.1;18.0;45847.37
1;2022-08-22;28.7;32.7;24.8;0.60;0.60;1.5;83;51;43200.00;10.8;160;35.0;40.4;30.8;5.0;45783.35
1;2022-08-23;29.0;32.5;25.9;9.70;9.70;1.3;88;63;43185.98;9.5;127;36.5;41.5;32.3;9.0;45718.98
1;2022-08-24;28.9;32.3;25.8;7.30;7.30;1.8;86;63;37590.75;12.6;308;35.7;39.5;32.1;5.0;45654.30
1;2022-08-25;27.6;31.0;26.0;42.80;42.80;1.5;90;65;10800.00;22.4;219;33.7;37.7;30.7;14.0;45589.35
1;2022-08-26;28.3;31.0;26.5;34.10;34.10;10.0;83;65;24529.29;23.1;167;32.6;35.1;30.4;17.0;45524.20
1;2022-08-27;29.1;33.1;26.2;0.20;0.20;4.7;79;51;39600.00;14.5;172;34.6;39.9;31.9;2.0;45458.87
1;2022-08-28;28.9;32.7;25.4;2.00;2.00;0.7;86;55;43200.00;16.3;169;35.5;40.3;31.4;4.0;45393.43
1;2022-08-29;28.7;32.6;25.2;0.60;0.60;2.9;86;51;43200.00;14.6;173;35.1;41.3;30.9;4.0;45327.90
1;2022-08-30;28.9;33.1;25.2;0.10;0.10;4.8;82;51;43200.00;11.4;184;35.1;40.5;30.7;1.0;45262.35
1;2022-08-31;28.9;33.4;25.4;0.50;0.50;0.7;84;51;35194.79;11.9;177;35.6;41.6;31.4;2.0;45196.80
1;2022-09-01;26.9;29.5;24.0;15.70;15.70;2.6;89;63;21519.73;14.8;5;32.5;34.8;28.0;14.0;45130.85
1;2022-09-02;27.7;31.6;24.8;8.10;8.10;2.3;87;61;40050.86;13.7;330;33.7;39.5;29.9;17.0;45064.35
1;2022-09-03;28.7;32.7;24.8;2.20;2.20;0.8;82;55;43200.00;12.7;132;35.1;41.1;30.4;3.0;44997.34
1;2022-09-04;28.0;31.3;24.0;11.70;11.70;3.1;83;63;43200.00;14.4;346;33.3;38.5;29.0;9.0;44929.87
1;2022-09-05;28.1;32.1;25.4;0.00;0.00;4.7;74;3;34020.19;16.1;336;32.2;36.0;29.2;0.0;44862.00
1;2022-09-06;28.2;33.1;23.5;0.00;0.00;4.7;74;3;43200.00;13.4;5;32.7;38.3;27.3;0.0;44793.76
1;2022-09-07;27.3;30.7;24.6;22.60;22.60;1.9;84;63;40951.06;12.5;19;32.7;37.5;29.4;13.0;44725.20
1;2022-09-08;25.0;26.7;23.8;57.80;57.80;3.6;95;63;0.00;14.9;31;29.8;31.9;27.7;23.0;44656.37
1;2022-09-09;24.5;26.4;23.4;40.90;40.90;3.2;96;63;0.00;11.7;348;29.3;31.9;27.1;24.0;44587.32
1;2022-09-10;26.1;29.9;23.2;13.70;13.70;1.8;89;63;29802.40;11.7;340;31.4;37.4;27.3;14.0;44518.08
1;2022-09-11;27.4;31.9;23.5;0.00;0.00;1.1;82;3;40860.88;9.3;168;32.9;38.1;28.4;0.0;44448.71
1;2022-09-12;26.9;31.1;24.0;3.40;3.40;1.1;87;61;37776.21;10.7;41;32.8;38.3;28.8;10.0;44379.24
1;2022-09-13;27.7;32.0;23.7;0.20;0.20;1.5;85;51;41464.51;11.5;201;33.9;40.0;28.9;2.0;44309.73
1;2022-09-14;28.6;32.8;24.5;0.00;0.00;1.5;78;3;42979.75;11.9;203;34.4;40.2;29.6;0.0;44240.20
1;2022-09-15;27.8;31.9;25.4;10.50;10.50;1.5;85;65;32764.78;10.5;192;33.9;39.8;30.8;7.0;44170.71
1;2022-09-16;27.3;31.3;24.5;6.60;6.60;1.6;89;63;19597.59;10.6;164;33.3;37.9;29.7;8.0;44101.30
1;2022-09-17;26.7;30.2;24.6;6.90;6.90;1.1;91;63;23857.51;10.5;103;32.9;37.4;29.5;12.0;44032.00
1;2022-09-18;27.5;31.6;24.4;0.30;0.30;1.9;86;51;39045.13;9.1;142;33.7;39.4;30.2;3.0;43962.87
1;2022-09-19;28.9;33.2;24.4;0.00;0.00;1.1;81;3;42470.26;11.0;178;35.2;41.5;29.6;0.0;43893.95
1;2022-09-20;28.5;32.7;24.5;1.00;1.00;1.8;83;55;40777.85;9.4;164;34.9;39.7;30.0;1.0;43825.25
1;2022-09-21;25.7;28.8;23.3;38.50;38.50;1.3;91;65;20453.85;10.4;35;30.9;34.2;28.1;22.0;43756.38
1;2022-09-22;24.9;28.0;22.9;29.90;29.90;2.2;92;65;19463.79;14.5;27;29.4;33.3;26.4;19.0;43687.16
1;2022-09-23;25.2;29.1;23.0;17.40;17.40;2.5;91;63;25882.87;16.0;9;30.0;34.1;26.8;20.0;43617.64
1;2022-09-24;25.1;27.8;23.8;32.40;32.40;4.4;91;65;15763.39;14.5;14;29.5;32.8;27.1;19.0;43547.88
1;2022-09-25;24.8;28.1;23.0;27.90;27.90;3.2;92;65;15204.71;13.0;7;29.3;33.7;26.6;17.0;43477.91
1;2022-09-26;26.6;30.9;23.5;0.40;0.40;2.3;85;51;41191.11;14.7;336;31.5;36.7;27.6;2.0;43407.78
1;2022-09-27;27.8;32.1;23.8;0.00;0.00;4.9;78;3;40482.64;17.3;347;32.2;36.4;28.1;0.0;43337.55
1;2022-09-28;25.0;27.3;23.7;46.70;46.70;10.7;87;65;0.00;22.9;359;28.1;30.4;27.0;20.0;43267.24
1;2022-09-29;24.5;26.9;23.0;55.80;55.80;9.8;93;65;819.42;19.7;24;28.2;31.3;26.1;24.0;43196.91
1;2022-09-30;25.2;28.4;23.3;35.10;35.10;1.4;92;65;13872.32;14.4;59;30.0;33.6;27.3;22.0;43126.61
1;2022-10-01;24.4;26.8;23.5;37.60;37.60;1.8;96;63;0.00;6.5;64;29.7;32.3;28.3;24.0;43056.38
1;2022-10-02;24.9;27.3;23.2;31.60;31.60;2.9;93;63;2569.01;10.9;120;30.1;33.0;27.9;19.0;42986.26
1;2022-10-03;25.9;29.7;23.0;11.50;11.50;2.3;88;63;27733.84;10.7;52;31.0;36.1;27.5;15.0;42916.31
1;2022-10-04;26.1;29.6;23.4;3.00;3.00;1.5;88;61;30400.87;9.2;10;31.2;35.0;27.5;10.0;42846.57
1;2022-10-05;26.4;30.7;23.8;3.50;3.50;1.5;88;53;29735.68;11.2;338;31.9;37.6;28.4;10.0;42777.09
1;2022-10-06;26.3;30.1;23.9;6.30;6.30;1.0;88;63;37002.01;12.1;30;31.8;36.6;29.0;11.0;42707.91
1;2022-10-07;25.6;28.3;23.3;5.20;5.20;3.2;88;55;21757.83;13.6;52;30.3;33.7;27.9;17.0;42639.08
1;2022-10-08;24.3;26.2;22.9;17.50;17.50;2.4;90;63;1667.76;10.4;33;28.5;29.7;26.8;17.0;42570.65
1;2022-10-09;23.4;25.7;21.7;46.60;46.60;6.8;89;65;0.00;22.0;9;26.1;30.1;20.3;20.0;42502.67
1;2022-10-10;21.8;23.8;19.8;0.00;0.00;5.8;63;3;22050.59;23.0;358;20.8;23.2;18.6;0.0;42435.17
1;2022-10-11;21.6;26.3;17.7;0.00;0.00;4.0;70;1;39632.89;14.4;357;22.3;27.0;17.9;0.0;42367.69
1;2022-10-12;22.3;27.4;18.0;0.00;0.00;2.9;69;2;39600.00;10.5;9;23.6;28.6;19.1;0.0;42300.08
1;2022-10-13;22.9;28.1;18.6;0.00;0.00;4.8;65;3;39600.00;14.2;356;23.8;29.1;18.9;0.0;42232.37
1;2022-10-14;23.1;28.2;19.1;0.00;0.00;6.2;60;3;39600.00;20.4;355;22.8;27.9;17.9;0.0;42164.62
1;2022-10-15;23.9;28.0;21.0;0.00;0.00;6.9;54;3;37422.86;22.4;359;23.1;27.1;18.4;0.0;42096.87
1;2022-10-16;24.0;29.3;19.6;0.00;0.00;6.8;60;3;39600.00;21.9;359;24.1;29.6;18.0;0.0;42029.19
1;2022-10-17;24.7;29.0;21.6;0.00;0.00;9.3;55;3;37445.50;26.5;355;24.1;28.2;20.2;0.0;41961.63
1;2022-10-18;24.1;27.7;21.3;0.00;0.00;10.5;47;3;39600.00;27.4;358;22.3;25.9;18.6;0.0;41894.23
1;2022-10-19;20.1;22.5;16.9;1.50;1.50;0.4;59;53;0.00;20.4;355;19.0;22.5;15.0;5.0;41827.06
1;2022-10-20;18.0;19.5;16.6;13.90;13.90;16.7;86;61;0.00;22.3;343;17.2;18.5;15.5;17.0;41760.17
1;2022-10-21;20.4;23.5;18.6;4.40;4.40;12.6;87;61;5725.88;19.1;338;21.1;24.4;18.4;8.0;41693.62
1;2022-10-22;24.7;29.5;20.6;0.00;0.00;4.5;79;3;36255.36;16.4;337;27.4;32.6;21.9;0.0;41627.46
1;2022-10-23;26.2;31.7;21.6;0.00;0.00;3.7;77;3;39600.00;13.4;15;29.8;35.8;24.7;0.0;41561.76
1;2022-10-24;25.9;30.8;22.2;0.30;0.30;1.1;78;51;39600.00;12.7;55;29.7;35.0;25.4;3.0;41496.55
1;2022-10-25;25.3;28.9;23.2;0.20;0.20;1.1;81;51;19942.88;15.6;72;29.0;31.7;27.4;2.0;41431.92
1;2022-10-26;25.0;28.7;22.3;0.90;0.90;3.4;84;51;30846.68;12.3;80;28.8;33.0;26.0;6.0;41367.92
1;2022-10-27;25.1;29.7;21.6;0.00;0.00;3.7;82;3;39600.00;14.5;87;28.8;33.7;25.4;0.0;41304.61
1;2022-10-28;24.5;28.9;21.2;0.70;0.70;0.4;81;51;39600.00;13.7;79;27.9;32.0;24.7;5.0;41242.04
1;2022-10-29;24.5;29.2;21.0;0.10;0.10;2.2;78;51;36000.00;12.9;32;27.5;31.5;24.0;1.0;41180.29
1;2022-10-30;24.4;28.8;21.0;0.00;0.00;4.6;74;3;39574.56;16.9;359;26.5;30.9;22.4;0.0;41119.40
1;2022-10-31;24.3;27.9;21.1;0.00;0.00;12.7;55;3;37325.83;24.4;7;23.3;27.0;20.5;0.0;41058.89
1;2022-11-01;22.8;27.5;18.3;0.00;0.00;6.4;56;3;39517.63;26.3;354;21.9;26.3;18.2;0.0;40998.57
1;2022-11-02;22.3;27.7;17.1;0.00;0.00;1.0;61;3;39488.25;12.4;342;22.8;28.1;16.4;0.0;40938.49
1;2022-11-03;22.4;28.8;16.1;0.00;0.00;1.1;68;3;39288.22;13.2;341;23.5;29.8;16.5;0.0;40878.72
1;2022-11-04;23.9;29.1;20.3;0.00;0.00;2.7;71;3;36000.00;13.0;1;25.6;30.7;21.4;0.0;40819.32
1;2022-11-05;23.0;28.0;19.1;0.00;0.00;3.4;75;0;39396.65;16.6;32;24.7;28.9;21.3;0.0;40760.36
1;2022-11-06;22.4;27.4;18.4;0.00;0.00;4.7;76;0;39365.06;9.7;38;24.2;29.0;19.9;0.0;40701.88
1;2022-11-07;22.7;27.6;18.7;0.00;0.00;1.1;79;3;31388.80;10.8;58;25.1;29.9;21.0;0.0;40643.96
1;2022-11-08;23.0;28.7;18.4;0.00;0.00;0.8;77;1;39300.45;10.7;32;25.4;31.0;20.4;0.0;40586.66
1;2022-11-09;22.9;28.7;17.7;0.40;0.40;3.0;82;51;34708.92;9.3;47;25.6;31.6;19.5;4.0;40530.05
1;2022-11-10;23.6;27.7;19.9;0.40;0.40;1.4;86;51;13739.32;10.2;71;26.9;30.6;23.2;3.0;40474.20
1;2022-11-11;24.6;29.0;20.7;0.70;0.70;0.0;85;51;32555.43;13.0;115;28.6;33.3;24.2;6.0;40419.16
1;2022-11-12;25.1;30.0;21.4;0.60;0.60;0.8;84;51;30578.10;13.0;123;29.2;34.4;25.6;5.0;40365.02
1;2022-11-13;24.3;28.0;21.1;2.00;2.00;1.5;88;51;23656.07;10.9;64;28.3;31.4;25.0;9.0;40311.84
1;2022-11-14;24.6;29.0;21.4;0.40;0.40;1.3;87;51;17130.78;10.6;82;28.7;32.8;25.5;3.0;40259.68
1;2022-11-15;24.9;29.4;21.8;1.30;1.30;2.3;87;51;34049.95;16.5;107;29.0;32.9;26.1;8.0;40208.63
1;2022-11-16;25.7;29.8;22.8;0.90;0.90;1.1;84;51;32470.79;13.8;148;29.8;34.0;27.0;6.0;40158.75
1;2022-11-17;25.7;30.0;22.9;1.10;1.10;3.7;84;51;36081.36;13.8;165;29.9;34.2;27.3;8.0;40110.12
1;2022-11-18;25.7;29.8;22.9;1.10;1.10;3.9;86;51;30204.54;10.7;161;30.3;34.1;27.4;8.0;40062.81
1;2022-11-19;25.7;29.8;23.3;2.20;2.20;2.2;82;53;33802.59;13.8;66;29.8;33.0;27.6;9.0;40016.89
1;2022-11-20;24.7;29.5;21.3;0.20;0.20;3.8;78;51;33993.04;12.9;51;27.4;32.0;23.6;2.0;39971.91
1;2022-11-21;24.5;28.6;21.3;0.20;0.20;0.8;80;51;29465.66;11.5;44;27.6;31.1;24.4;2.0;39927.71
1;2022-11-22;25.2;30.1;22.3;0.10;0.10;3.1;79;51;10830.74;18.0;12;28.3;31.8;24.9;1.0;39884.34
1;2022-11-23;24.4;26.6;23.4;2.90;2.90;1.8;90;53;0.00;11.2;25;28.7;30.3;27.3;9.0;39841.85
1;2022-11-24;22.7;23.5;22.4;65.50;65.50;2.4;96;65;0.00;11.2;357;26.6;27.9;25.7;21.0;39800.29
1;2022-11-25;22.9;24.1;21.8;54.90;54.90;5.2;96;65;0.00;10.4;354;26.8;28.2;25.2;21.0;39759.72
1;2022-11-26;23.9;26.3;22.3;7.90;7.90;2.8;93;63;6268.62;12.1;103;28.3;30.2;26.8;16.0;39720.20
1;2022-11-27;25.8;29.8;22.7;1.50;1.50;4.2;86;53;34400.06;22.3;181;29.4;32.7;27.0;4.0;39681.78
1;2022-11-28;27.0;30.9;24.6;0.10;0.10;8.8;85;51;33682.90;17.5;178;31.3;34.9;28.9;1.0;39644.53
1;2022-11-29;27.0;30.6;24.5;0.70;0.70;7.6;87;51;34429.08;15.6;172;31.7;35.3;29.3;5.0;39608.49
1;2022-11-30;25.1;29.5;21.4;7.20;7.20;5.0;87;63;18537.48;20.5;102;28.8;33.7;22.4;12.0;39573.72
1;2022-12-01;15.5;20.6;12.9;0.70;0.70;13.9;71;51;0.00;21.3;356;13.1;20.3;9.5;6.0;39540.29
1;2022-12-02;13.3;15.9;10.6;0.40;0.40;3.3;68;51;4330.74;19.7;356;10.7;14.4;6.8;4.0;39508.24
1;2022-12-03;16.8;18.8;14.6;0.00;0.00;1.8;71;3;1134.51;9.7;358;16.3;19.2;13.0;0.0;39477.65
1;2022-12-04;17.3;18.3;16.2;0.40;0.40;8.2;78;51;0.00;14.8;354;16.5;18.3;14.7;4.0;39448.56
1;2022-12-05;15.7;17.7;13.5;0.90;0.90;6.2;68;51;14024.30;20.2;2;13.3;15.7;10.7;8.0;39421.03
1;2022-12-06;16.1;20.0;12.0;0.00;0.00;1.8;71;3;36000.00;11.2;11;15.3;20.6;9.9;0.0;39395.13
1;2022-12-07;17.0;18.7;15.6;0.00;0.00;5.4;72;3;1285.39;13.1;358;16.1;17.6;14.2;0.0;39370.92
1;2022-12-08;17.8;20.3;16.2;0.00;0.00;7.3;73;3;2997.30;11.3;348;17.3;20.4;15.2;0.0;39348.44
1;2022-12-09;17.8;20.3;16.3;0.00;0.00;4.7;76;3;1600.96;12.0;352;17.6;20.7;15.9;0.0;39327.75
1;2022-12-10;17.7;20.6;16.2;0.70;0.70;6.8;81;51;2187.92;12.6;346;17.7;20.6;16.1;7.0;39308.64
1;2022-12-11;17.0;19.3;14.6;0.80;0.80;4.1;75;51;1455.01;14.0;342;16.4;18.4;14.2;4.0;39291.00
1;2022-12-12;17.3;21.0;14.1;0.00;0.00;6.9;62;3;25880.26;14.4;5;15.8;19.2;12.6;0.0;39274.85
1;2022-12-13;15.9;20.9;10.8;0.00;0.00;3.6;63;0;36352.38;8.6;16;14.6;20.2;9.2;0.0;39260.19
1;2022-12-14;15.7;20.6;11.8;0.00;0.00;5.4;62;3;36000.00;15.5;5;13.9;18.4;9.2;0.0;39247.05
1;2022-12-15;15.7;21.2;10.6;0.00;0.00;0.8;71;1;36388.61;9.3;117;15.1;21.6;9.5;0.0;39235.44
1;2022-12-16;17.1;23.0;11.8;0.00;0.00;2.9;75;3;31006.93;11.3;4;16.7;21.8;11.2;0.0;39225.37
1;2022-12-17;16.6;18.3;15.1;0.00;0.00;9.7;43;3;6314.43;25.6;13;12.2;17.6;10.2;0.0;39216.85
1;2022-12-18;14.6;17.8;10.4;0.00;0.00;5.6;38;3;30804.17;20.3;12;10.4;13.9;7.8;0.0;39209.89
1;2022-12-19;13.1;18.7;8.5;0.00;0.00;2.5;57;3;36185.41;10.0;17;10.9;17.0;5.5;0.0;39204.51
1;2022-12-20;16.2;21.8;9.1;0.00;0.00;1.5;70;3;36201.77;10.1;48;15.7;21.9;7.8;0.0;39200.71
1;2022-12-21;17.6;21.5;13.4;0.20;0.20;3.7;56;51;35017.30;17.3;357;15.7;19.7;12.3;2.0;39198.51
1;2022-12-22;16.5;22.1;11.5;0.00;0.00;3.4;67;3;36000.00;12.1;33;15.5;21.0;10.5;0.0;39197.92
1;2022-12-23;18.2;23.2;13.5;0.00;0.00;0.8;62;3;28800.00;14.3;64;17.2;21.8;12.5;0.0;39198.94
1;2022-12-24;17.3;23.3;13.3;0.00;0.00;6.1;59;3;30085.44;14.1;41;15.7;22.6;12.5;0.0;39201.59
1;2022-12-25;17.4;24.1;11.2;0.00;0.00;1.4;70;2;36003.43;12.4;102;16.8;23.0;10.5;0.0;39205.87
1;2022-12-26;17.7;22.7;14.3;1.30;1.30;4.0;86;53;20785.97;13.9;84;18.3;24.0;14.0;3.0;39211.78
1;2022-12-27;18.9;22.8;15.7;0.10;0.10;2.8;81;51;20526.23;15.2;94;19.3;22.2;16.5;1.0;39219.34
1;2022-12-28;16.2;19.5;13.5;10.20;10.20;3.8;77;63;0.00;23.6;14;14.9;18.8;10.0;9.0;39228.55
1;2022-12-29;13.8;16.6;11.4;0.00;0.00;13.0;59;3;22389.53;19.1;348;10.3;13.0;7.4;0.0;39239.43
1;2022-12-30;13.3;15.9;11.2;0.00;0.00;4.5;60;3;3544.01;18.1;350;10.3;13.1;8.2;0.0;39252.08
1;2022-12-31;14.6;20.2;10.0;0.00;0.00;1.8;65;3;25200.00;11.7;349;13.0;20.3;7.2;0.0;39266.54
1;2023-01-01;15.1;20.0;10.2;0.00;0.00;2.4;65;3;26051.33;12.7;346;13.6;18.9;7.9;0.0;39282.75
1;2023-01-02;15.2;17.9;11.6;3.10;3.10;1.5;81;53;0.00;13.7;348;14.5;16.7;11.1;13.0;39300.68
1;2023-01-03;15.3;17.1;13.7;0.60;0.60;1.0;76;51;1058.16;15.5;350;14.3;16.5;12.1;3.0;39320.27
1;2023-01-04;17.8;21.4;15.4;0.00;0.00;1.8;69;3;20771.12;10.8;90;17.4;21.1;14.9;0.0;39341.49
1;2023-01-05;18.2;21.1;16.2;0.00;0.00;0.8;79;3;64.08;11.8;27;18.7;21.8;16.3;0.0;39364.29
1;2023-01-06;19.4;24.0;15.9;0.00;0.00;4.7;62;3;31837.90;22.7;4;17.6;21.0;14.0;0.0;39388.63
1;2023-01-07;17.7;22.4;13.9;0.00;0.00;2.8;57;3;36000.00;15.6;353;16.0;21.3;11.3;0.0;39414.46
1;2023-01-08;18.2;22.5;14.0;0.00;0.00;2.9;69;3;22691.42;11.0;39;17.9;21.6;13.9;0.0;39441.74
1;2023-01-09;19.4;22.7;16.7;0.00;0.00;0.8;76;3;2702.58;9.4;28;20.2;23.0;17.5;0.0;39470.42
1;2023-01-10;19.0;20.6;18.0;6.50;6.50;1.9;90;55;0.00;14.0;346;20.8;21.7;19.8;17.0;39500.46
1;2023-01-11;19.3;21.6;17.3;2.80;2.80;2.0;89;53;0.00;9.0;77;21.2;23.5;19.0;14.0;39531.81
1;2023-01-12;19.3;23.6;16.8;0.60;0.60;1.1;90;51;11569.58;10.7;184;21.1;25.1;18.5;3.0;39564.43
1;2023-01-13;22.1;29.9;17.4;0.00;0.00;6.4;83;3;25945.78;13.7;185;24.0;32.2;18.7;0.0;39598.27
1;2023-01-14;23.2;32.3;16.9;0.00;0.00;4.0;74;1;36668.11;13.5;227;24.7;34.3;18.0;0.0;39633.29
1;2023-01-15;19.1;22.7;14.9;0.10;0.10;6.8;69;51;18404.28;22.3;28;18.1;22.6;11.1;1.0;39669.45
1;2023-01-16;13.0;15.0;10.0;0.00;0.00;1.1;50;3;5375.71;21.0;360;9.6;12.3;5.3;0.0;39706.69
1;2023-01-17;13.2;14.6;11.4;0.00;0.00;4.6;56;3;0.00;14.2;4;10.3;11.6;8.5;0.0;39744.98
1;2023-01-18;13.6;17.6;11.3;0.00;0.00;2.6;52;3;25234.98;14.0;6;10.9;15.8;7.9;0.0;39784.29
1;2023-01-19;14.0;18.5;9.1;0.00;0.00;3.2;65;3;19421.04;9.7;357;12.5;17.5;6.9;0.0;39825.00
1;2023-01-20;15.5;20.3;11.8;0.00;0.00;3.2;61;3;24551.62;9.7;356;14.0;19.6;10.5;0.0;39867.26
1;2023-01-21;15.8;22.7;10.1;0.00;0.00;1.9;75;3;35226.91;12.6;182;15.1;21.8;8.5;0.0;39910.97
1;2023-01-22;17.4;22.4;12.8;0.00;0.00;3.0;87;3;18958.60;8.6;288;18.3;23.9;12.5;0.0;39956.08
1;2023-01-23;19.6;23.5;17.0;4.10;4.10;1.3;86;53;7116.43;17.7;56;21.3;25.8;17.1;12.0;40002.50
1;2023-01-24;15.3;17.8;11.3;0.30;0.30;8.2;49;51;24919.15;27.9;9;11.1;13.8;8.7;2.0;40050.17
1;2023-01-25;13.2;19.8;7.8;0.00;0.00;4.7;59;2;37480.92;15.3;90;11.1;18.4;5.1;0.0;40099.02
1;2023-01-26;16.2;23.6;9.0;0.00;0.00;1.8;76;3;29843.09;14.3;159;15.5;22.4;7.9;0.0;40148.97
1;2023-01-27;15.1;17.5;11.9;3.50;3.50;8.8;62;53;14401.45;24.6;9;12.0;17.1;8.8;9.0;40199.95
1;2023-01-28;13.2;18.7;9.0;0.00;0.00;4.8;47;3;37933.95;19.5;21;9.8;16.0;4.9;0.0;40251.89
1;2023-01-29;13.4;20.1;8.2;0.00;0.00;5.7;53;0;38171.20;11.6;5;10.6;17.3;5.1;0.0;40304.73
1;2023-01-30;13.8;21.1;7.3;0.00;0.00;1.5;61;0;38146.49;14.8;125;12.0;20.4;5.2;0.0;40358.40
1;2023-01-31;15.1;23.0;8.6;0.00;0.00;2.2;73;0;38382.73;16.6;169;14.1;22.3;7.3;0.0;40412.83
1;2023-02-01;18.2;26.7;11.6;0.00;0.00;2.0;82;3;24858.17;16.4;164;18.8;28.2;11.0;0.0;40467.95
1;2023-02-02;21.0;25.4;18.7;2.60;2.60;0.8;87;53;21027.10;14.6;93;23.5;27.6;20.7;12.0;40523.70
1;2023-02-03;19.6;20.5;18.7;12.20;12.20;2.6;95;61;0.00;10.8;75;21.9;23.0;20.7;19.0;40580.03
1;2023-02-04;20.8;23.6;18.7;4.20;4.20;1.5;93;55;0.00;13.8;131;23.2;25.9;20.6;13.0;40636.86
1;2023-02-05;20.6;23.7;19.5;5.50;5.50;8.7;94;61;3087.10;13.0;117;22.7;25.7;21.1;13.0;40694.13
1;2023-02-06;20.5;22.4;19.4;3.40;3.40;6.7;93;53;0.00;13.5;114;22.5;24.7;20.8;14.0;40751.78
1;2023-02-07;21.4;23.6;19.6;0.50;0.50;7.3;90;51;0.00;18.3;119;23.3;25.3;21.4;5.0;40809.77
1;2023-02-08;22.0;24.9;19.9;4.00;4.00;7.4;92;61;0.00;21.3;138;24.2;26.9;22.2;15.0;40868.60
1;2023-02-09;22.6;24.8;21.2;3.60;3.60;7.9;92;55;7253.47;18.0;148;25.4;26.9;23.9;11.0;40928.44
1;2023-02-10;23.1;26.8;20.8;0.90;0.90;6.8;87;53;12329.39;22.2;154;25.3;27.9;23.0;3.0;40989.23
1;2023-02-11;23.4;27.5;21.3;0.10;0.10;8.3;88;51;18457.06;23.3;171;25.6;29.1;23.0;1.0;41050.90
1;2023-02-12;24.4;31.3;20.3;0.00;0.00;9.4;84;3;34790.77;18.6;178;26.9;35.7;22.4;0.0;41113.39
1;2023-02-13;24.2;30.9;20.3;0.00;0.00;2.3;83;3;31084.56;18.4;114;27.2;34.7;22.8;0.0;41176.62
1;2023-02-14;17.8;21.6;16.2;3.00;3.00;8.7;70;55;0.00;21.4;4;16.4;22.2;13.9;11.0;41240.54
1;2023-02-15;16.4;18.5;14.6;1.40;1.40;3.6;66;53;2398.23;13.8;353;14.9;16.8;12.6;5.0;41305.06
1;2023-02-16;16.9;19.5;14.2;0.00;0.00;4.2;69;3;824.44;12.1;3;16.2;19.0;13.9;0.0;41370.13
1;2023-02-17;17.1;21.5;12.9;0.00;0.00;3.8;79;3;566.49;11.0;53;17.2;22.0;12.7;0.0;41435.70
1;2023-02-18;19.4;24.8;14.1;0.10;0.10;1.1;83;51;18696.46;15.9;124;20.6;25.7;14.7;1.0;41501.68
1;2023-02-19;20.0;23.9;17.7;2.50;2.50;2.9;84;61;8166.01;11.7;3;21.4;25.7;17.8;6.0;41568.03
1;2023-02-20;20.1;24.7;16.5;0.00;0.00;4.6;66;3;33249.74;13.4;42;19.9;26.2;16.8;0.0;41634.68
1;2023-02-21;19.5;25.2;14.5;0.00;0.00;2.9;78;3;22571.52;15.9;100;20.0;25.6;15.1;0.0;41701.58
1;2023-02-22;19.9;23.6;16.6;0.00;0.00;3.4;75;3;17791.64;17.0;96;20.1;22.9;17.3;0.0;41768.66
1;2023-02-23;19.8;24.0;16.5;0.20;0.20;1.8;81;51;11878.68;13.8;123;20.9;24.8;17.7;2.0;41835.86
1;2023-02-24;19.3;21.9;16.7;1.40;1.40;2.9;78;51;1341.82;16.1;30;19.6;23.0;16.4;8.0;41903.13
1;2023-02-25;18.6;22.5;14.8;0.00;0.00;6.9;52;3;39308.67;19.6;21;16.3;21.0;13.4;0.0;41970.41
1;2023-02-26;16.6;22.2;12.3;0.00;0.00;4.1;64;0;39945.51;14.9;54;15.5;22.4;11.0;0.0;42037.64
1;2023-02-27;16.7;22.1;11.3;0.00;0.00;1.8;70;3;33783.20;11.9;73;16.0;21.6;10.2;0.0;42104.79
1;2023-02-28;17.6;23.5;11.8;0.20;0.20;2.9;80;51;19909.83;12.2;133;17.9;24.2;11.6;2.0;42172.32
1;2023-03-01;18.7;23.7;14.3;0.30;0.30;2.4;85;51;3072.54;11.3;87;19.8;24.7;14.7;3.0;42240.45
1;2023-03-02;20.7;26.5;16.6;0.00;0.00;4.1;73;3;39696.74;15.3;71;21.1;27.4;17.0;0.0;42309.10
1;2023-03-03;19.4;24.8;14.6;0.90;0.90;2.9;81;51;20319.87;14.3;73;20.2;25.7;15.2;5.0;42378.24
1;2023-03-04;19.8;24.8;15.1;0.10;0.10;0.4;76;51;33096.04;11.4;65;20.5;25.3;15.8;1.0;42447.79
1;2023-03-05;19.8;25.4;14.8;0.00;0.00;1.5;74;3;23439.20;14.5;125;20.4;26.2;15.3;0.0;42517.73
1;2023-03-06;20.2;25.9;15.5;0.00;0.00;1.4;80;3;18500.56;15.8;155;21.2;26.5;16.2;0.0;42587.98
1;2023-03-07;21.5;27.5;17.2;0.00;0.00;3.6;77;3;26214.93;19.4;151;22.4;27.7;18.7;0.0;42658.49
1;2023-03-08;21.5;25.1;17.8;0.40;0.40;0.8;81;51;14514.05;11.2;138;23.3;26.4;19.8;3.0;42729.23
1;2023-03-09;22.6;28.1;18.6;0.30;0.30;1.4;79;51;30900.86;14.3;99;24.6;30.1;20.6;3.0;42800.14
1;2023-03-10;22.4;29.2;17.2;0.00;0.00;4.8;78;3;40443.72;16.9;164;23.8;30.4;18.8;0.0;42871.15
1;2023-03-11;22.1;25.6;18.9;0.60;0.60;3.6;81;51;3317.65;14.1;152;23.8;26.6;21.3;5.0;42942.24
1;2023-03-12;22.9;28.4;18.0;2.50;2.50;1.1;79;61;28574.20;16.2;64;25.0;29.8;20.1;3.0;43013.33
1;2023-03-13;18.8;21.9;17.0;0.00;0.00;1.1;58;3;8409.20;19.9;354;17.0;20.6;14.7;0.0;43084.40
1;2023-03-14;19.9;27.1;13.6;0.00;0.00;2.6;68;3;39412.58;17.6;173;20.0;28.2;13.5;0.0;43155.38
1;2023-03-15;21.4;25.8;17.0;1.30;1.30;1.3;84;53;1877.67;17.1;161;23.2;26.8;18.3;6.0;43226.22
1;2023-03-16;23.4;27.9;19.6;0.70;0.70;6.6;79;51;30486.35;19.3;162;24.9;28.1;22.1;6.0;43296.89
1;2023-03-17;23.3;27.1;20.6;0.40;0.40;6.1;82;51;1023.09;17.0;172;25.3;28.5;22.8;3.0;43367.31
1;2023-03-18;23.5;28.4;20.3;0.20;0.20;8.5;80;51;28002.76;17.7;157;25.3;29.2;22.7;2.0;43437.46
1;2023-03-19;23.4;27.5;20.3;0.30;0.30;6.5;81;51;9707.67;20.6;168;25.3;28.1;23.1;3.0;43507.28
1;2023-03-20;24.1;28.7;21.1;0.40;0.40;7.2;85;51;14931.60;19.6;171;26.7;30.6;23.8;3.0;43577.24
1;2023-03-21;26.9;34.4;22.1;0.00;0.00;7.4;79;3;32387.16;15.7;181;30.6;39.8;24.8;0.0;43647.49
1;2023-03-22;28.7;37.1;22.8;0.10;0.10;8.5;71;51;42153.05;19.0;179;32.1;41.0;26.1;1.0;43718.00
1;2023-03-23;29.3;37.2;24.1;0.00;0.00;4.8;68;1;42572.98;17.0;174;33.0;41.7;27.0;0.0;43788.72
1;2023-03-24;27.7;34.8;22.5;0.00;0.00;1.5;74;1;42317.96;17.7;120;31.8;41.4;25.4;0.0;43859.62
1;2023-03-25;24.8;26.0;23.4;7.40;7.40;9.2;86;61;0.00;16.6;101;28.1;30.2;25.5;11.0;43930.63
1;2023-03-26;21.8;23.6;18.5;6.40;6.40;5.9;82;61;5518.39;14.8;57;23.6;26.0;18.8;12.0;44001.72
1;2023-03-27;18.9;20.5;17.7;3.30;3.30;4.6;85;53;0.00;16.5;354;19.5;23.1;17.6;14.0;44072.85
1;2023-03-28;19.1;21.4;17.5;0.80;0.80;2.5;81;51;0.00;11.2;355;19.9;22.9;17.9;6.0;44143.95
1;2023-03-29;20.4;25.2;17.0;0.80;0.80;0.7;81;51;12689.26;11.6;10;21.9;27.8;17.1;7.0;44214.99
1;2023-03-30;20.5;22.8;18.8;5.90;5.90;1.9;85;63;3600.00;9.5;52;22.7;25.1;20.4;4.0;44285.93
1;2023-03-31;21.9;25.2;19.0;0.60;0.60;2.6;86;51;640.53;10.1;111;24.5;27.9;21.1;6.0;44356.71
1;2023-04-01;23.3;27.0;21.1;3.20;3.20;1.3;91;53;0.00;11.3;125;27.2;31.2;24.5;14.0;44427.29
1;2023-04-02;25.7;30.4;23.4;0.30;0.30;7.1;87;51;20621.64;19.6;163;29.5;34.8;27.2;3.0;44497.62
1;2023-04-03;26.7;32.0;23.2;0.00;0.00;5.4;82;1;42591.50;18.0;166;30.7;36.6;26.5;0.0;44567.65
1;2023-04-04;27.3;33.5;23.0;0.00;0.00;3.6;81;3;42264.66;14.5;160;32.0;40.0;27.1;0.0;44637.33
1;2023-04-05;27.1;33.5;22.2;0.00;0.00;0.5;80;3;43200.00;14.3;148;32.0;40.3;25.8;0.0;44706.61
1;2023-04-06;26.6;32.0;22.3;0.60;0.60;4.3;80;51;33535.07;20.3;88;30.4;36.7;25.9;3.0;44775.45
1;2023-04-07;23.9;25.8;22.1;0.20;0.20;2.9;67;51;6616.10;13.6;91;25.4;27.6;23.8;1.0;44843.79
1;2023-04-08;20.5;21.8;18.4;5.40;5.40;4.3;87;55;0.00;15.6;349;21.9;24.4;18.9;17.0;44911.60
1;2023-04-09;19.8;22.3;17.6;1.00;1.00;1.5;85;51;0.00;10.0;3;21.4;24.6;18.3;6.0;44979.29
1;2023-04-10;22.4;27.1;19.5;0.40;0.40;1.8;85;51;6171.75;13.4;195;25.3;30.7;21.6;3.0;45047.05
1;2023-04-11;25.0;28.4;22.7;2.00;2.00;4.9;90;51;4212.65;14.5;145;29.5;33.3;26.3;10.0;45114.81
1;2023-04-12;25.3;28.1;23.7;3.00;3.00;7.1;89;53;0.00;15.1;134;29.4;31.6;27.8;12.0;45182.53
1;2023-04-13;25.5;27.6;24.1;2.40;2.40;8.9;90;51;0.00;21.0;152;29.4;30.7;28.2;15.0;45250.18
1;2023-04-14;26.0;28.5;24.7;1.00;1.00;8.4;89;51;0.00;15.8;139;30.5;33.2;28.8;6.0;45317.70
1;2023-04-15;24.2;26.4;22.9;32.70;32.70;3.3;94;63;7340.08;12.8;72;28.8;31.3;27.2;15.0;45385.05
1;2023-04-16;24.9;29.5;21.3;0.00;0.00;0.4;83;3;37665.82;11.2;178;28.9;34.2;24.8;0.0;45452.17
1;2023-04-17;25.6;29.8;22.1;0.40;0.40;6.5;88;51;18842.59;19.5;167;29.5;34.0;25.4;4.0;45519.03
1;2023-04-18;27.5;33.2;23.7;0.10;0.10;5.2;85;51;32243.52;15.5;167;32.8;41.4;28.5;1.0;45585.55
1;2023-04-19;27.9;33.5;24.0;0.00;0.00;5.0;84;3;43200.00;13.8;83;33.4;42.2;28.4;0.0;45651.71
1;2023-04-20;27.3;33.2;23.7;0.00;0.00;1.0;85;3;32233.61;16.5;84;32.8;40.8;28.5;0.0;45717.44
1;2023-04-21;27.8;33.6;23.4;0.00;0.00;2.3;85;3;33451.09;13.8;98;33.7;41.9;28.2;0.0;45782.70
1;2023-04-22;28.2;33.8;24.0;0.00;0.00;3.6;82;1;43200.00;15.5;158;33.7;41.4;28.6;0.0;45847.43
1;2023-04-23;28.1;32.4;25.3;0.00;0.00;5.4;83;3;36830.17;17.2;159;33.0;37.3;29.8;0.0;45911.58
1;2023-04-24;27.3;31.0;24.6;1.70;1.70;3.8;85;53;34933.76;18.3;131;32.1;36.7;29.4;6.0;45975.08
1;2023-04-25;23.0;26.6;20.6;2.60;2.60;7.2;81;61;7200.00;20.0;27;24.8;29.5;21.0;7.0;46037.90
1;2023-04-26;22.4;26.0;19.8;0.50;0.50;2.8;74;51;26158.12;10.8;334;24.0;28.4;20.9;3.0;46099.96
1;2023-04-27;24.2;29.0;19.3;0.00;0.00;4.0;80;3;37636.95;22.0;174;26.6;31.3;21.3;0.0;46161.22
1;2023-04-28;26.4;29.8;23.8;1.50;1.50;8.2;85;53;19086.13;22.9;168;30.1;33.2;27.6;6.0;46221.63
1;2023-04-29;25.2;28.0;22.9;3.80;3.80;1.1;87;55;13266.60;19.5;89;29.5;33.7;25.9;11.0;46281.58
1;2023-04-30;21.9;23.1;19.5;2.50;2.50;2.1;78;55;13198.80;12.1;350;23.7;26.0;21.2;5.0;46341.24
1;2023-05-01;23.5;29.8;18.2;0.00;0.00;1.8;77;3;43200.00;16.6;156;26.2;33.6;20.2;0.0;46400.55
1;2023-05-02;25.6;30.0;21.1;0.00;0.00;5.0;83;3;38335.31;22.4;173;28.8;32.3;24.3;0.0;46459.48
1;2023-05-03;27.1;30.8;24.3;0.20;0.20;9.0;84;51;38156.22;22.0;173;30.9;34.4;28.4;2.0;46517.96
1;2023-05-04;28.7;33.2;25.3;0.00;0.00;11.9;81;3;37031.90;24.9;178;33.1;39.7;29.0;0.0;46575.95
1;2023-05-05;31.1;37.4;26.6;0.00;0.00;6.2;73;0;43200.00;20.5;180;36.5;45.8;30.9;0.0;46633.39
1;2023-05-06;32.4;39.0;27.9;0.00;0.00;8.4;67;3;43242.51;18.0;186;37.8;45.5;31.9;0.0;46690.24
1;2023-05-07;30.6;35.2;27.8;0.30;0.30;2.9;77;51;43227.97;18.7;107;36.5;44.2;32.7;2.0;46746.46
1;2023-05-08;26.1;27.6;24.8;12.40;12.40;5.3;84;65;0.00;13.5;72;30.1;32.3;28.1;12.0;46801.96
1;2023-05-09;25.3;28.6;22.8;1.10;1.10;4.8;85;51;18382.02;17.9;73;29.0;32.4;25.7;9.0;46856.71
1;2023-05-10;26.8;30.7;23.7;6.80;6.80;3.8;87;63;29048.49;12.9;144;32.1;36.6;28.6;8.0;46910.65
1;2023-05-11;25.2;28.6;24.3;22.90;22.90;2.5;94;63;6470.70;10.6;52;30.6;34.3;28.5;22.0;46963.73
1;2023-05-12;23.4;26.6;21.1;7.50;7.50;4.7;81;61;4871.12;17.8;357;25.3;29.0;22.2;13.0;47015.89
1;2023-05-13;22.0;24.0;20.6;10.50;10.50;9.7;83;63;587.70;18.8;350;23.1;24.8;21.4;10.0;47067.06
1;2023-05-14;23.4;27.5;19.7;0.10;0.10;3.0;75;51;34417.96;13.7;355;25.5;30.6;21.0;1.0;47117.19
1;2023-05-15;25.5;29.9;21.3;0.00;0.00;4.3;82;3;34952.01;13.5;176;29.1;33.4;24.7;0.0;47166.24
1;2023-05-16;29.0;34.1;24.1;0.00;0.00;5.2;79;3;43200.00;16.3;184;34.4;40.7;28.8;0.0;47214.11
1;2023-05-17;31.1;36.5;26.6;0.00;0.00;8.7;65;3;43888.66;16.2;208;35.5;43.2;29.5;0.0;47260.78
1;2023-05-18;31.3;36.7;26.5;0.00;0.00;2.6;64;3;43880.76;11.8;204;36.5;44.2;29.3;0.0;47306.17
1;2023-05-19;30.4;36.2;25.4;0.00;0.00;1.8;74;2;43873.43;13.0;121;36.7;44.4;31.0;0.0;47350.62
1;2023-05-20;30.9;36.1;26.6;0.00;0.00;4.8;76;1;43866.64;15.9;168;37.3;44.9;32.3;0.0;47394.25
1;2023-05-21;31.8;37.2;28.1;0.00;0.00;7.6;73;2;43860.40;19.1;178;37.7;45.4;33.4;0.0;47437.03
1;2023-05-22;32.5;37.9;28.3;0.00;0.00;0.0;71;3;43854.69;18.8;181;39.1;47.9;33.7;0.0;47478.91
1;2023-05-23;29.6;33.7;26.0;3.50;3.50;1.5;81;55;28141.00;26.9;92;35.1;40.2;29.9;3.0;47519.86
1;2023-05-24;28.0;31.5;25.8;25.30;25.30;2.6;87;65;22557.44;14.1;74;33.7;38.9;31.1;17.0;47559.82
1;2023-05-25;27.1;31.2;24.8;14.80;14.80;1.4;91;65;19093.61;12.6;204;33.5;39.2;30.9;12.0;47598.76
1;2023-05-26;28.7;32.0;25.6;3.60;3.60;1.8;82;61;43200.00;17.1;159;34.4;38.7;31.7;11.0;47636.64
1;2023-05-27;28.8;32.1;26.4;2.00;2.00;6.9;80;55;43569.96;13.9;158;34.2;38.5;31.7;8.0;47673.40
1;2023-05-28;28.4;31.7;25.6;1.40;1.40;4.3;82;53;41672.99;12.8;156;34.0;37.7;31.4;8.0;47709.00
1;2023-05-29;28.8;32.5;25.4;1.10;1.10;0.7;83;51;41277.64;12.2;170;35.1;40.4;31.7;6.0;47743.42
1;2023-05-30;29.8;34.8;25.8;0.00;0.00;3.6;78;1;44091.07;14.0;175;35.9;42.4;32.0;0.0;47776.58
1;2023-05-31;30.0;35.4;24.9;0.00;0.00;3.8;79;3;44354.74;15.7;162;36.4;43.2;30.5;0.0;47808.47
1;2023-06-01;31.1;37.0;26.0;0.00;0.00;2.6;77;3;44354.19;16.6;139;38.1;45.4;31.9;0.0;47839.02
1;2023-06-02;32.2;38.1;28.1;0.00;0.00;1.4;72;3;44088.54;17.3;146;39.0;46.3;35.1;0.0;47868.20
1;2023-06-03;30.7;36.0;27.2;8.00;8.00;0.0;78;63;41485.52;13.0;176;37.8;45.1;32.4;7.0;47895.96
1;2023-06-04;29.3;33.4;26.8;13.70;13.70;0.4;85;63;27108.64;17.0;177;36.4;40.5;33.3;11.0;47922.25
1;2023-06-05;28.8;33.1;25.5;6.90;6.90;1.9;83;63;35510.44;8.4;149;35.3;41.4;31.0;11.0;47947.03
1;2023-06-06;27.8;31.1;25.2;6.50;6.50;2.4;86;61;28184.93;13.5;12;33.8;37.1;30.8;14.0;47970.27
1;2023-06-07;28.4;32.6;24.4;17.60;17.60;0.8;83;63;39600.00;13.8;315;34.2;40.3;29.5;13.0;47991.91
1;2023-06-08;29.2;32.8;26.1;0.70;0.70;0.8;83;53;19101.82;13.0;114;35.9;40.0;32.4;2.0;48012.11
1;2023-06-09;27.6;31.7;25.0;30.00;30.00;6.7;84;63;20304.92;14.1;301;32.5;36.5;29.4;13.0;48030.94
1;2023-06-10;29.7;34.4;25.0;0.50;0.50;2.1;78;51;43830.76;10.2;321;35.9;40.9;30.8;2.0;48048.40
1;2023-06-11;29.9;34.6;26.5;2.00;2.00;3.4;83;55;44101.28;13.8;130;37.0;42.6;33.3;4.0;48064.47
1;2023-06-12;29.6;33.3;26.2;5.40;5.40;1.3;82;63;37124.72;9.5;151;36.6;41.5;33.0;9.0;48079.14
1;2023-06-13;28.5;32.5;25.8;28.10;28.10;2.4;85;63;26031.78;8.9;291;35.1;40.2;32.0;13.0;48092.39
1;2023-06-14;27.6;30.9;25.4;8.50;8.50;1.3;88;61;10131.02;9.7;22;33.8;37.3;31.3;19.0;48104.21
1;2023-06-15;28.6;32.4;25.1;4.00;4.00;1.8;86;63;23097.80;10.6;156;35.1;39.1;30.9;7.0;48114.61
1;2023-06-16;30.2;33.8;26.6;3.00;3.00;0.8;81;53;25280.35;17.6;176;37.0;41.2;33.6;5.0;48123.56
1;2023-06-17;30.8;34.4;28.2;0.00;0.00;4.8;76;3;27826.20;13.5;173;36.7;40.5;33.0;0.0;48131.06
1;2023-06-18;29.4;32.7;26.2;12.50;12.50;4.3;81;65;20333.45;14.8;181;35.3;38.7;31.1;10.0;48137.10
1;2023-06-19;30.1;33.7;27.9;1.50;1.50;3.3;78;53;22905.98;14.5;178;35.8;40.2;32.9;4.0;48141.67
1;2023-06-20;30.8;34.9;27.5;0.60;0.60;5.6;75;53;36180.45;11.5;180;36.7;41.6;32.3;1.0;48144.76
1;2023-06-21;31.0;35.1;27.1;3.30;3.30;3.4;78;63;42055.35;10.9;189;37.8;42.2;34.2;4.0;48146.37
1;2023-06-22;30.5;35.4;27.4;0.00;0.00;1.4;79;3;25414.60;10.3;213;37.2;41.8;33.6;0.0;48146.48
1;2023-06-23;28.8;31.9;26.1;8.10;8.10;1.9;85;63;11866.62;9.0;354;35.3;38.6;31.9;8.0;48145.10
1;2023-06-24;26.9;28.9;24.6;37.10;37.10;0.8;94;63;121.47;9.5;146;33.4;35.6;30.1;24.0;48142.21
1;2023-06-25;25.8;28.7;23.7;49.30;49.30;1.1;92;65;3450.54;8.4;238;31.6;35.1;28.3;23.0;48137.81
1;2023-06-26;25.5;27.4;23.7;38.40;38.40;1.1;92;63;0.00;8.9;111;31.1;33.4;29.0;18.0;48131.91
1;2023-06-27;26.9;29.8;24.1;13.90;13.90;4.0;88;63;3496.65;12.9;146;32.1;34.9;29.1;16.0;48124.48
1;2023-06-28;28.6;32.1;25.0;2.10;2.10;4.4;83;53;43924.47;18.6;166;34.2;38.4;30.8;9.0;48115.46
1;2023-06-29;29.9;34.1;26.5;0.20;0.20;5.5;80;51;44196.50;14.5;169;35.9;41.1;32.6;2.0;48104.80
1;2023-06-30;31.4;35.9;27.9;0.20;0.20;6.5;77;51;44468.94;16.1;175;37.9;43.8;34.4;2.0;48092.57
1;2023-07-01;32.0;36.4;28.1;0.00;0.00;7.7;71;3;43984.12;16.9;176;38.1;45.6;33.3;0.0;48078.78
1;2023-07-02;31.7;36.7;28.1;4.40;4.40;3.0;71;63;43965.98;16.4;174;37.7;45.3;32.6;4.0;48063.46
1;2023-07-03;31.0;35.8;27.9;2.30;2.30;4.7;73;55;35926.75;16.4;172;36.6;42.8;32.4;4.0;48046.64
1;2023-07-04;30.9;34.7;28.3;1.80;1.80;4.6;71;61;43441.83;15.6;176;36.2;42.7;31.7;3.0;48028.37
1;2023-07-05;30.3;34.5;26.9;2.60;2.60;2.9;78;61;44499.53;13.1;179;36.8;42.7;34.0;5.0;48008.67
1;2023-07-06;31.3;35.6;27.8;0.10;0.10;9.5;74;51;44507.29;18.6;179;37.0;42.6;33.5;1.0;47987.56
1;2023-07-07;32.1;36.3;29.0;0.00;0.00;12.4;71;3;44515.57;18.7;179;37.7;43.1;34.5;0.0;47965.09
1;2023-07-08;31.2;35.8;28.2;9.60;9.60;4.7;76;63;40508.65;19.5;170;37.0;43.2;33.0;5.0;47941.29
1;2023-07-09;30.9;34.3;27.7;0.50;0.50;7.2;76;51;44001.13;18.7;170;36.5;39.4;33.5;2.0;47916.19
1;2023-07-10;31.3;36.0;27.9;0.00;0.00;8.4;72;3;43200.00;17.6;178;36.7;41.6;33.9;0.0;47889.81
1;2023-07-11;31.5;35.4;28.3;0.50;0.50;8.6;71;53;44022.46;17.6;184;36.9;41.5;33.5;1.0;47862.22
1;2023-07-12;32.2;36.5;28.4;0.00;0.00;10.1;67;3;44299.03;15.7;183;37.2;41.5;33.1;0.0;47833.41
1;2023-07-13;32.3;36.7;27.9;1.20;1.20;5.5;65;55;44575.75;13.3;200;37.6;42.9;33.2;2.0;47803.44
1;2023-07-14;31.7;35.4;28.6;1.00;1.00;0.5;72;53;44057.55;10.8;153;38.4;42.8;35.2;3.0;47772.33
1;2023-07-15;29.8;34.3;26.3;30.70;30.70;2.1;80;65;35785.06;19.9;339;35.7;40.9;31.7;15.0;47740.12
1;2023-07-16;30.3;35.6;25.8;3.80;3.80;2.6;75;63;38310.15;18.9;347;36.0;40.6;32.3;6.0;47706.85
1;2023-07-17;32.3;36.2;29.0;0.00;0.00;5.4;58;3;40422.20;23.1;344;35.9;38.2;32.5;0.0;47672.53
1;2023-07-18;29.6;32.1;26.2;1.50;1.50;3.8;64;53;871.32;21.5;322;32.6;35.0;29.7;4.0;47636.88
1;2023-07-19;27.1;30.7;24.6;11.00;11.00;1.8;87;63;7294.10;15.1;102;32.6;36.9;29.3;15.0;47599.81
1;2023-07-20;27.2;30.4;24.5;12.10;12.10;0.0;89;61;17275.26;9.8;36;33.4;36.9;29.7;19.0;47561.39
1;2023-07-21;28.3;31.9;25.2;6.00;6.00;0.8;86;61;30779.08;8.4;83;34.8;39.7;31.5;12.0;47521.66
1;2023-07-22;28.9;32.5;25.1;8.60;8.60;3.6;82;63;40857.71;12.1;180;35.0;40.4;30.6;9.0;47480.69
1;2023-07-23;29.8;34.0;26.3;0.30;0.30;4.5;78;51;43759.21;14.4;178;35.8;41.5;32.5;3.0;47438.52
1;2023-07-24;29.9;33.8;26.5;0.50;0.50;4.2;77;51;43767.05;14.8;171;35.8;41.1;32.8;3.0;47395.22
1;2023-07-25;30.0;33.9;26.4;0.20;0.20;5.1;76;51;43775.34;13.6;177;35.8;40.9;31.9;2.0;47350.83
1;2023-07-26;30.8;35.9;26.6;0.00;0.00;3.3;74;3;43784.12;17.1;179;36.8;43.7;32.4;0.0;47305.42
1;2023-07-27;31.3;36.6;27.1;1.50;1.50;1.6;79;61;43273.16;9.7;133;39.1;46.0;34.2;1.0;47259.03
1;2023-07-28;30.6;34.7;27.4;0.80;0.80;1.3;78;51;40193.49;15.1;335;37.1;41.9;34.2;6.0;47211.72
1;2023-07-29;29.5;33.8;26.1;8.30;8.30;3.0;81;63;40007.54;16.5;224;35.9;41.4;31.2;11.0;47163.55
1;2023-07-30;29.1;32.8;26.4;6.70;6.70;1.8;84;63;32496.21;13.5;130;35.6;39.1;33.2;11.0;47114.55
1;2023-07-31;27.9;32.6;25.6;30.20;30.20;0.4;89;65;20509.19;14.2;17;34.8;41.1;31.1;19.0;47064.79
1;2023-08-01;27.7;31.8;25.3;19.40;19.40;1.3;90;65;11274.99;9.0;190;34.6;39.0;30.9;23.0;47014.31
1;2023-08-02;27.1;31.7;24.8;32.00;32.00;1.8;91;63;13683.44;14.9;64;33.4;38.9;30.0;24.0;46963.17
1;2023-08-03;26.9;30.2;25.5;23.00;23.00;2.3;93;65;9731.14;10.6;314;33.2;37.0;31.3;16.0;46911.41
1;2023-08-04;27.3;30.4;25.2;16.30;16.30;2.4;90;63;17821.49;17.6;217;33.0;36.4;31.0;16.0;46859.08
1;2023-08-05;27.1;29.3;25.4;22.00;22.00;9.0;88;63;4822.99;19.5;202;31.8;34.1;30.0;10.0;46806.23
1;2023-08-06;28.4;31.9;25.9;2.00;2.00;7.0;80;53;26124.99;16.3;207;33.2;38.1;29.1;6.0;46752.90
1;2023-08-07;27.9;31.7;25.7;10.30;10.30;1.8;81;63;33171.99;19.3;205;32.4;38.3;28.9;8.0;46698.70
1;2023-08-08;28.6;32.6;25.2;1.60;1.60;6.2;79;61;35864.07;16.6;203;33.4;39.3;28.4;4.0;46643.51
1;2023-08-09;29.9;34.5;26.5;1.20;1.20;0.5;77;53;40077.12;10.7;208;36.1;41.4;31.2;4.0;46587.37
1;2023-08-10;29.0;31.7;26.8;4.40;4.40;1.9;88;63;23650.11;9.0;324;36.1;38.7;33.4;9.0;46530.36
1;2023-08-11;27.8;29.9;26.0;26.60;26.60;1.1;92;63;8292.31;7.2;160;34.9;37.7;32.6;18.0;46472.52
1;2023-08-12;27.6;30.1;25.5;12.40;12.40;0.0;92;63;18442.29;7.5;320;34.6;38.4;31.0;7.0;46413.91
1;2023-08-13;27.8;31.9;25.2;23.40;23.40;0.8;89;65;35606.20;9.6;208;34.7;41.4;31.4;12.0;46354.59
1;2023-08-14;27.5;31.6;26.1;25.20;25.20;1.0;92;65;21719.21;12.6;108;34.5;41.2;32.5;10.0;46294.62
1;2023-08-15;27.6;30.7;24.9;18.00;18.00;1.1;90;63;21081.78;7.6;27;34.3;38.3;30.6;15.0;46234.03
1;2023-08-16;28.8;32.6;24.5;4.90;4.90;3.3;88;63;39600.00;6.5;156;36.1;42.2;30.4;11.0;46172.90
1;2023-08-17;30.4;34.5;26.4;0.50;0.50;0.5;83;51;43200.00;8.8;169;38.3;43.7;33.0;4.0;46111.27
1;2023-08-18;30.5;34.5;26.9;3.00;3.00;1.1;82;61;40722.22;13.7;198;37.8;43.2;32.5;2.0;46049.20
1;2023-08-19;28.1;31.5;25.1;9.50;9.50;0.8;89;63;16270.94;9.9;21;34.7;38.4;30.5;7.0;45986.73
1;2023-08-20;27.0;29.0;25.3;28.90;28.90;1.6;93;65;1691.49;11.6;101;33.5;36.2;31.0;16.0;45923.91
1;2023-08-21;28.4;31.8;25.2;2.10;2.10;1.5;86;53;42371.20;12.9;161;34.9;39.9;31.1;11.0;45860.80
1;2023-08-22;28.8;32.7;25.2;3.60;3.60;2.9;86;61;38282.09;9.4;185;35.7;42.4;30.9;6.0;45797.43
1;2023-08-23;29.4;34.0;26.2;19.00;19.00;1.3;87;65;23687.69;10.0;171;36.7;43.3;32.3;9.0;45733.87
1;2023-08-24;27.4;31.1;24.8;23.80;23.80;0.7;90;63;23656.44;10.1;62;33.8;38.4;30.2;18.0;45670.14
1;2023-08-25;27.7;31.2;25.1;2.30;2.30;0.4;90;61;33483.16;8.7;77;34.4;38.2;30.4;8.0;45606.31
1;2023-08-26;29.1;33.0;25.4;6.10;6.10;3.7;86;63;39304.02;11.7;169;36.1;41.9;31.1;6.0;45542.41
1;2023-08-27;30.0;33.9;26.9;0.90;0.90;1.0;81;53;40420.11;11.5;209;36.5;40.8;32.5;2.0;45478.03
1;2023-08-28;27.6;29.5;25.8;1.30;1.30;6.3;85;53;2713.56;20.7;339;32.4;34.4;30.5;6.0;45413.02
1;2023-08-29;28.2;31.1;25.6;0.00;0.00;7.6;75;3;43200.00;20.7;5;32.3;35.2;29.1;0.0;45347.44
1;2023-08-30;27.9;31.0;25.3;0.00;0.00;5.5;70;3;43200.00;21.5;3;31.2;34.2;28.0;0.0;45281.32
1;2023-08-31;28.2;31.9;25.1;0.00;0.00;5.3;70;3;43200.00;18.0;352;31.8;35.4;27.6;0.0;45214.73
1;2023-09-01;28.6;32.4;25.2;0.10;0.10;5.2;71;51;43200.00;18.8;344;32.6;36.3;28.2;1.0;45147.71
1;2023-09-02;29.8;33.8;26.3;0.00;0.00;1.8;68;3;43200.00;20.9;346;33.9;38.2;29.7;0.0;45080.31
1;2023-09-03;26.9;29.4;25.7;1.20;1.20;5.4;74;53;10235.08;21.7;357;30.0;34.0;28.3;4.0;45012.58
1;2023-09-04;25.9;28.3;24.4;3.60;3.60;11.7;82;61;6957.06;18.2;338;29.0;32.3;26.7;9.0;44944.55
1;2023-09-05;27.8;31.9;24.4;2.30;2.30;2.3;80;53;32315.69;14.2;356;32.4;36.7;27.4;11.0;44876.28
1;2023-09-06;28.3;32.5;26.1;8.30;8.30;0.5;85;63;29805.16;16.3;328;34.5;39.2;30.6;7.0;44807.81
1;2023-09-07;29.3;33.8;26.0;1.90;1.90;3.3;80;61;42882.74;13.5;325;35.2;40.8;30.4;4.0;44739.19
1;2023-09-08;28.4;32.8;25.3;4.60;4.60;3.6;84;61;38079.35;14.6;338;34.1;39.8;29.7;8.0;44670.46
1;2023-09-09;27.9;31.6;25.3;9.00;9.00;1.6;87;63;27565.83;12.4;333;34.0;38.4;30.7;15.0;44601.67
1;2023-09-10;27.2;31.6;24.7;31.60;31.60;1.4;90;65;28401.10;12.7;244;33.5;39.4;29.6;17.0;44532.85
1;2023-09-11;27.4;29.7;25.4;14.20;14.20;1.5;92;65;11315.96;9.9;165;34.1;37.3;31.4;13.0;44464.05
1;2023-09-12;27.2;30.2;25.2;33.20;33.20;0.5;92;65;8670.48;11.8;310;33.9;38.0;30.4;17.0;44395.33
1;2023-09-13;26.3;29.0;24.6;9.20;9.20;6.4;84;61;17515.33;22.1;321;29.8;32.0;27.0;13.0;44326.70
1;2023-09-14;24.4;25.0;23.9;42.60;42.60;15.9;90;63;0.00;20.2;340;27.1;27.8;26.2;15.0;44258.22
1;2023-09-15;24.2;25.3;22.8;70.90;70.90;1.5;92;65;122.32;18.8;346;27.9;30.7;24.9;22.0;44189.92
1;2023-09-16;25.2;26.7;23.7;28.40;28.40;1.6;94;63;0.00;11.2;1;30.5;32.5;28.3;22.0;44121.39
1;2023-09-17;26.2;29.4;23.9;12.70;12.70;0.0;91;63;19793.75;11.4;42;31.8;35.1;28.7;18.0;44052.47
1;2023-09-18;26.9;30.3;24.1;2.40;2.40;1.6;90;51;31638.53;9.2;132;33.0;38.3;29.5;13.0;43983.21
1;2023-09-19;27.6;31.3;24.2;3.60;3.60;3.2;87;63;40769.06;11.0;175;33.5;39.1;29.4;7.0;43913.65
1;2023-09-20;28.2;31.4;25.4;1.20;1.20;5.0;87;51;41506.81;10.4;168;34.7;39.8;31.3;9.0;43843.84
1;2023-09-21;28.4;32.0;25.2;0.50;0.50;4.8;85;51;42271.62;11.9;170;34.6;40.2;31.0;5.0;43773.82
1;2023-09-22;28.1;31.8;25.4;2.40;2.40;3.8;87;55;41808.78;10.2;157;34.6;40.5;31.1;5.0;43703.64
1;2023-09-23;28.0;32.0;25.0;0.70;0.70;1.5;86;53;41837.28;11.9;146;34.5;40.3;30.9;3.0;43633.33
1;2023-09-24;27.3;31.2;24.4;5.70;5.70;1.9;87;63;32400.00;10.5;66;33.3;38.7;29.9;9.0;43562.96
1;2023-09-25;26.8;31.1;24.2;15.10;15.10;4.1;89;63;22911.68;15.5;2;32.2;36.6;29.0;16.0;43492.56
1;2023-09-26;25.2;26.7;24.3;47.30;47.30;4.4;94;63;1614.66;17.7;18;29.7;31.0;28.6;23.0;43422.17
1;2023-09-27;25.4;27.9;23.8;43.50;43.50;2.9;93;65;3780.61;15.5;47;30.4;33.3;27.5;22.0;43351.84
1;2023-09-28;25.3;28.2;23.7;33.90;33.90;2.9;94;63;3755.89;12.5;20;30.6;34.2;28.0;21.0;43281.62
1;2023-09-29;26.0;28.9;23.9;13.30;13.30;2.5;91;63;19287.19;11.8;34;31.4;34.6;28.8;18.0;43211.55
1;2023-09-30;26.8;31.2;23.9;7.80;7.80;1.0;89;63;28565.12;5.9;310;33.0;39.5;29.0;11.0;43141.67
1;2023-10-01;27.8;32.3;23.9;0.20;0.20;0.7;83;51;38548.79;10.5;135;33.6;38.7;29.2;2.0;43072.03
1;2023-10-02;27.5;31.3;23.8;0.80;0.80;1.8;86;51;37920.59;9.4;120;33.4;38.0;29.3;5.0;43002.67
1;2023-10-03;27.8;32.4;23.2;0.00;0.00;0.8;83;3;36554.72;8.4;122;33.8;39.6;28.3;0.0;42933.64
1;2023-10-04;28.6;33.2;24.5;0.00;0.00;2.3;80;3;39549.20;13.2;150;34.5;40.1;30.3;0.0;42864.98
1;2023-10-05;28.5;32.3;24.5;0.80;0.80;2.9;83;51;39961.84;9.7;168;34.7;39.7;30.2;5.0;42796.73
1;2023-10-06;28.3;32.0;25.2;6.90;6.90;2.6;84;63;39532.72;11.0;135;34.4;38.9;31.2;11.0;42728.45
1;2023-10-07;26.5;29.6;23.6;25.10;25.10;6.5;83;63;27172.35;16.9;26;30.4;34.4;26.8;15.0;42659.96
1;2023-10-08;25.5;27.8;23.8;0.00;0.00;5.1;69;3;36760.72;19.0;2;27.2;30.3;23.6;0.0;42591.31
1;2023-10-09;25.5;28.5;22.0;0.00;0.00;5.5;67;3;39600.00;19.4;8;27.0;30.7;22.3;0.0;42522.56
1;2023-10-10;25.4;28.2;23.1;0.00;0.00;10.9;66;3;15261.91;21.2;11;26.3;30.0;23.6;0.0;42453.75
1;2023-10-11;25.2;27.8;22.8;0.00;0.00;3.3;69;3;25605.15;18.0;8;27.2;30.4;23.1;0.0;42384.93
1;2023-10-12;24.0;25.4;22.8;0.00;0.00;4.3;80;3;1479.70;15.1;351;26.6;29.2;24.6;0.0;42316.17
1;2023-10-13;25.3;29.5;21.8;0.70;0.70;2.1;78;51;39600.00;12.5;18;28.4;33.0;24.0;6.0;42247.49
1;2023-10-14;25.8;29.8;22.5;0.00;0.00;3.3;76;3;39600.00;13.2;21;29.0;33.2;25.7;0.0;42178.97
1;2023-10-15;24.7;28.1;21.9;0.00;0.00;3.1;70;3;34581.62;16.8;353;26.4;31.0;22.8;0.0;42110.65
1;2023-10-16;25.5;29.8;21.8;0.00;0.00;3.1;71;3;36294.63;14.3;356;28.0;33.0;23.1;0.0;42042.58
1;2023-10-17;26.0;30.6;21.7;0.00;0.00;3.2;73;3;36484.26;12.3;4;29.2;34.3;24.5;0.0;41974.82
1;2023-10-18;26.7;31.0;23.0;0.00;0.00;4.0;72;3;26072.60;14.2;9;29.8;34.7;25.5;0.0;41907.43
1;2023-10-19;27.4;31.3;23.9;0.00;0.00;4.1;75;3;33308.77;22.1;353;30.9;34.3;27.5;0.0;41840.45
1;2023-10-20;27.3;29.9;24.9;0.00;0.00;12.4;60;3;38221.78;27.6;3;27.7;30.7;24.0;0.0;41773.95
1;2023-10-21;24.1;25.3;22.2;0.00;0.00;4.5;53;3;4920.29;21.4;6;23.2;24.9;21.5;0.0;41707.97
1;2023-10-22;23.7;27.4;21.7;0.00;0.00;4.4;69;3;24901.07;16.1;6;25.0;29.3;21.4;0.0;41642.57
1;2023-10-23;23.9;27.2;21.5;0.00;0.00;1.0;81;3;17826.97;9.7;3;27.1;30.8;24.2;0.0;41577.82
1;2023-10-24;25.7;31.0;21.4;0.00;0.00;3.7;77;3;35543.77;13.9;45;29.0;33.6;24.6;0.0;41513.77
1;2023-10-25;26.8;31.8;23.2;0.00;0.00;4.6;73;3;39221.18;15.3;56;30.2;35.4;26.1;0.0;41450.47
1;2023-10-26;26.8;31.7;23.4;0.00;0.00;1.8;74;3;36627.20;10.9;54;30.6;35.5;27.4;0.0;41387.44
1;2023-10-27;26.6;31.5;22.1;0.20;0.20;2.5;80;51;37651.23;12.6;93;30.9;35.5;26.2;2.0;41324.49
1;2023-10-28;25.7;28.9;24.1;11.00;11.00;0.0;87;63;17110.96;10.2;2;30.6;33.5;28.0;17.0;41261.66
1;2023-10-29;23.9;25.7;22.5;25.10;25.10;2.9;92;63;1884.74;12.8;12;27.7;29.8;25.5;23.0;41199.03
1;2023-10-30;23.9;27.5;21.7;0.10;0.10;2.9;79;51;11608.42;16.8;358;26.3;30.2;22.5;1.0;41136.66
1;2023-10-31;24.4;28.8;21.2;0.00;0.00;4.3;77;3;37270.18;12.6;10;27.2;31.7;23.0;0.0;41074.60
1;2023-11-01;24.4;29.0;21.2;0.00;0.00;3.9;79;1;39522.83;10.7;35;27.6;32.4;24.3;0.0;41012.92
1;2023-11-02;24.5;29.5;20.2;0.00;0.00;1.3;81;3;38631.13;15.0;165;28.2;34.0;23.4;0.0;40951.67
1;2023-11-03;25.7;30.6;21.6;0.30;0.30;2.4;83;51;38911.51;14.0;181;29.8;35.0;25.4;3.0;40890.93
1;2023-11-04;26.1;29.8;23.8;1.00;1.00;4.2;87;51;22973.29;13.7;162;30.7;34.3;28.5;7.0;40830.74
1;2023-11-05;26.8;30.9;24.1;0.50;0.50;4.6;84;51;38440.42;14.9;175;31.5;35.4;29.0;4.0;40771.19
1;2023-11-06;25.6;30.7;23.0;9.40;9.40;1.5;88;63;27264.97;13.1;45;30.3;35.0;25.6;8.0;40712.33
1;2023-11-07;23.7;27.3;21.2;5.30;5.30;2.6;82;63;18775.76;14.6;356;26.6;31.4;22.2;7.0;40654.23
1;2023-11-08;25.3;30.0;21.4;0.40;0.40;1.1;83;51;30719.69;11.5;53;29.4;35.5;24.7;3.0;40596.96
1;2023-11-09;26.3;30.6;22.3;0.50;0.50;1.5;85;51;38272.23;12.1;170;31.1;36.6;26.4;4.0;40540.59
1;2023-11-10;27.0;31.0;24.0;0.40;0.40;5.2;85;51;38817.58;11.3;173;32.0;36.9;29.1;3.0;40485.18
1;2023-11-11;26.7;30.9;23.1;0.80;0.80;4.4;87;51;32448.27;12.5;149;31.9;36.7;27.7;5.0;40430.81
1;2023-11-12;25.4;29.0;23.4;11.00;11.00;1.8;87;61;20114.49;18.7;71;29.5;33.9;25.1;22.0;40377.56
1;2023-11-13;17.5;23.0;15.5;15.70;15.70;12.1;83;63;0.00;24.2;356;16.2;25.7;13.4;18.0;40325.49
1;2023-11-14;17.7;21.2;15.5;0.00;0.00;4.5;73;3;16203.68;17.0;349;16.9;21.0;13.1;0.0;40274.65
1;2023-11-15;20.6;24.3;17.7;0.00;0.00;4.3;77;3;7080.06;11.0;5;21.7;26.6;17.4;0.0;40224.60
1;2023-11-16;19.8;21.2;16.9;1.80;1.80;9.4;63;53;4713.21;29.2;3;17.5;22.2;14.6;4.0;40175.15
1;2023-11-17;19.0;23.6;15.9;0.00;0.00;6.7;57;3;39002.96;20.0;1;17.2;21.5;13.5;0.0;40126.35
1;2023-11-18;18.3;23.8;13.5;0.00;0.00;2.1;65;3;38966.42;10.9;340;17.8;23.7;12.3;0.0;40078.26
1;2023-11-19;19.3;24.4;14.7;0.00;0.00;0.4;65;3;38775.62;10.2;338;19.3;24.6;14.0;0.0;40030.95
1;2023-11-20;19.7;25.2;14.7;0.00;0.00;1.6;72;2;38801.03;9.4;335;20.3;26.3;14.6;0.0;39984.47
1;2023-11-21;20.1;26.3;14.5;0.00;0.00;2.2;77;1;38826.60;8.7;141;21.3;27.3;14.6;0.0;39938.88
1;2023-11-22;21.4;26.8;17.2;0.20;0.20;0.7;84;51;37042.99;7.4;298;23.9;29.5;18.2;2.0;39894.24
1;2023-11-23;22.2;27.1;18.6;0.60;0.60;4.7;84;51;31729.12;11.6;16;24.6;29.3;20.6;5.0;39850.62
1;2023-11-24;22.9;26.8;19.9;1.00;1.00;4.0;83;51;37034.23;11.7;27;25.5;29.3;22.4;7.0;39808.08
1;2023-11-25;22.8;27.3;19.4;0.40;0.40;3.3;79;51;37324.53;12.6;70;24.8;28.7;21.6;3.0;39766.68
1;2023-11-26;22.6;27.3;20.0;2.10;2.10;3.7;81;53;21600.00;13.7;355;24.8;29.1;22.5;7.0;39726.49
1;2023-11-27;22.0;27.1;17.9;0.60;0.60;2.2;82;51;36566.29;10.0;354;24.3;29.2;19.8;6.0;39687.56
1;2023-11-28;21.8;27.1;17.8;0.00;0.00;1.5;79;3;36588.15;14.9;48;23.6;29.1;19.6;0.0;39649.97
1;2023-11-29;22.4;27.0;17.6;0.00;0.00;2.6;82;3;28262.50;9.2;69;25.0;29.8;19.8;0.0;39613.78
1;2023-11-30;23.3;25.8;21.4;2.40;2.40;3.8;86;53;2825.79;13.6;6;26.2;28.0;23.4;8.0;39579.06
1;2023-12-01;20.4;21.7;19.0;1.30;1.30;9.5;76;51;0.00;18.4;352;20.4;23.1;17.7;6.0;39545.87
1;2023-12-02;18.7;20.1;17.9;0.00;0.00;8.4;69;3;0.00;14.5;347;17.9;19.4;16.3;0.0;39514.27
1;2023-12-03;19.3;21.2;17.9;0.20;0.20;7.9;78;51;0.00;13.1;339;19.5;21.9;17.8;2.0;39484.35
1;2023-12-04;19.5;21.9;17.4;0.00;0.00;5.2;77;3;253.27;10.4;346;20.1;23.0;17.8;0.0;39456.13
1;2023-12-05;20.6;24.7;17.9;0.00;0.00;1.9;78;3;11020.69;11.2;155;22.0;26.7;18.6;0.0;39429.36
1;2023-12-06;20.2;22.6;18.7;4.40;4.40;3.2;82;55;12073.32;21.4;2;21.0;23.0;17.9;9.0;39403.88
1;2023-12-07;20.0;24.7;16.4;0.00;0.00;2.9;64;3;36503.69;12.6;346;19.8;25.5;15.5;0.0;39379.74
1;2023-12-08;20.8;26.5;15.9;0.00;0.00;2.9;73;3;36523.70;12.7;176;21.7;27.7;16.5;0.0;39356.95
1;2023-12-09;23.1;28.3;18.7;0.00;0.00;4.9;84;3;35496.26;16.0;181;25.4;30.3;20.9;0.0;39335.55
1;2023-12-10;24.6;28.1;22.1;0.50;0.50;6.8;88;51;5443.29;17.7;169;27.9;30.7;25.9;5.0;39315.57
1;2023-12-11;24.9;28.5;22.8;1.20;1.20;5.4;88;51;16425.12;17.0;163;28.8;31.8;27.0;6.0;39297.03
1;2023-12-12;24.2;28.9;21.2;0.80;0.80;4.3;88;51;20931.77;16.6;122;27.8;32.1;25.1;6.0;39279.95
1;2023-12-13;23.7;27.5;20.6;0.80;0.80;4.7;84;51;36000.00;17.4;125;26.5;29.9;23.3;6.0;39264.37
1;2023-12-14;23.9;27.9;20.8;1.20;1.20;4.1;87;51;32122.73;17.0;168;27.1;29.9;23.9;6.0;39250.31
1;2023-12-15;24.7;29.6;21.4;0.90;0.90;3.6;87;51;30715.90;16.7;174;28.3;32.6;25.1;6.0;39237.80
1;2023-12-16;18.9;23.5;14.6;12.20;12.20;3.6;76;63;2283.69;29.2;15;18.4;28.3;11.4;5.0;39226.86
1;2023-12-17;13.3;16.2;10.4;1.00;1.00;2.2;65;51;16886.04;18.8;0;10.7;14.1;6.8;8.0;39217.52
1;2023-12-18;15.6;18.0;13.7;0.00;0.00;4.6;69;3;0.00;10.7;358;14.5;17.5;11.8;0.0;39209.80
1;2023-12-19;14.1;15.8;12.8;0.70;0.70;9.1;70;51;0.00;18.3;353;11.8;15.0;10.3;6.0;39203.72
1;2023-12-20;14.0;15.9;12.0;0.00;0.00;2.2;55;3;329.46;20.2;0;10.7;13.9;7.9;0.0;39199.32
1;2023-12-21;13.9;16.3;11.5;0.00;0.00;10.2;47;3;26137.69;19.0;19;10.0;12.3;7.2;0.0;39196.61
1;2023-12-22;11.6;15.3;8.1;0.00;0.00;6.4;49;3;36000.00;21.1;16;7.7;11.7;3.5;0.0;39195.62
1;2023-12-23;12.5;17.1;8.5;0.00;0.00;4.8;49;3;35809.86;19.5;4;8.9;14.0;4.2;0.0;39196.36
1;2023-12-24;14.2;16.5;11.8;0.00;0.00;4.5;44;3;12509.98;20.1;360;10.6;12.5;8.0;0.0;39198.86
1;2023-12-25;14.3;19.3;10.2;0.00;0.00;1.0;51;3;36000.00;13.6;18;11.9;17.9;6.6;0.0;39203.15
1;2023-12-26;15.4;21.3;10.0;0.00;0.00;0.8;71;3;34703.65;10.8;358;14.6;21.3;8.4;0.0;39209.21
1;2023-12-27;16.9;23.3;12.3;0.00;0.00;3.6;81;2;36000.00;12.1;350;17.1;24.3;11.9;0.0;39217.02
1;2023-12-28;18.1;23.4;13.0;0.30;0.30;1.3;84;51;17263.85;9.7;22;19.1;24.7;13.3;2.0;39226.55
1;2023-12-29;19.8;23.7;16.7;4.20;4.20;2.1;86;61;12812.54;11.3;44;21.6;25.5;18.0;3.0;39237.76
1;2023-12-30;20.3;23.5;18.7;2.40;2.40;1.3;87;53;12137.92;10.1;40;22.4;25.4;20.1;6.0;39250.63
1;2023-12-31;21.1;26.0;17.9;0.00;0.00;0.8;85;3;19867.22;10.2;106;23.5;28.6;19.7;0.0;39265.12
1;2024-01-01;21.3;26.6;17.2;0.50;0.50;1.8;86;51;35797.13;13.9;109;23.5;28.5;19.2;3.0;39281.21
1;2024-01-02;21.9;26.3;19.2;0.70;0.70;1.9;89;51;26159.74;12.8;144;24.7;28.3;21.9;5.0;39298.86
1;2024-01-03;18.9;20.3;17.6;6.90;6.90;4.5;81;61;366.86;19.7;358;19.1;23.5;16.5;10.0;39318.04
1;2024-01-04;19.0;22.6;16.3;0.00;0.00;2.5;71;3;8202.88;13.0;102;19.1;23.0;15.9;0.0;39338.71
1;2024-01-05;20.2;25.5;16.7;0.50;0.50;0.8;85;51;14913.07;13.3;149;22.1;26.7;18.0;3.0;39360.85
1;2024-01-06;21.0;24.3;17.8;0.90;0.90;3.3;87;51;17793.01;13.6;106;23.0;26.1;19.8;6.0;39384.42
1;2024-01-07;20.9;24.9;17.8;2.30;2.30;3.1;88;53;28806.07;12.8;112;22.9;26.1;19.9;11.0;39409.38
1;2024-01-08;21.3;26.7;17.7;1.50;1.50;4.4;87;51;24736.79;17.9;156;23.3;27.7;19.6;8.0;39435.72
1;2024-01-09;22.3;27.2;18.8;1.80;1.80;3.3;86;51;28574.40;14.7;154;24.8;28.7;21.0;7.0;39463.38
1;2024-01-10;20.6;22.4;19.2;5.10;5.10;6.2;89;53;19.05;17.7;87;21.9;23.9;20.1;19.0;39492.34
1;2024-01-11;19.3;20.6;17.9;27.10;27.10;5.5;95;63;0.00;13.4;24;21.1;22.9;19.0;24.0;39522.56
1;2024-01-12;19.1;20.4;18.3;8.70;8.70;4.2;93;63;0.00;12.4;338;20.8;21.5;19.7;15.0;39554.02
1;2024-01-13;19.5;20.7;18.7;13.80;13.80;3.3;94;61;0.00;12.9;49;21.4;22.4;20.5;19.0;39586.68
1;2024-01-14;19.8;23.4;18.0;5.90;5.90;2.6;91;63;12474.14;12.4;32;21.8;25.6;19.7;12.0;39620.88
1;2024-01-15;20.5;25.3;17.1;0.90;0.90;1.6;86;51;33454.93;16.6;90;22.2;26.3;18.8;6.0;39656.74
1;2024-01-16;19.9;22.7;17.4;4.80;4.80;1.3;90;61;13219.09;17.8;99;21.7;23.5;18.7;9.0;39694.17
1;2024-01-17;20.4;24.6;17.5;5.00;5.00;2.7;89;63;31834.30;15.0;134;22.4;27.6;18.8;8.0;39733.12
1;2024-01-18;21.3;26.7;17.5;0.40;0.40;4.1;86;51;33604.18;17.7;164;23.0;28.2;19.1;3.0;39773.50
1;2024-01-19;22.4;27.2;19.6;0.50;0.50;6.6;85;51;33842.47;17.7;177;24.3;28.1;21.9;4.0;39815.26
1;2024-01-20;21.8;27.0;18.1;4.10;4.10;5.2;85;61;30642.44;14.8;137;23.7;28.9;19.8;9.0;39858.32
1;2024-01-21;18.1;20.1;16.7;9.40;9.40;4.8;86;61;0.00;14.5;31;18.7;20.8;17.3;19.0;39902.62
1;2024-01-22;12.4;16.7;8.8;9.70;9.70;7.2;85;55;0.00;28.1;359;9.8;17.5;4.7;21.0;39948.09
1;2024-01-23;9.0;10.2;7.6;1.40;1.40;9.1;68;51;3600.00;21.2;4;5.1;7.1;2.9;7.0;39994.66
1;2024-01-24;10.1;12.3;8.2;0.00;0.00;8.8;59;3;5988.47;14.8;5;6.6;9.2;4.0;0.0;40042.27
1;2024-01-25;11.1;13.2;9.0;0.30;0.30;7.2;57;51;7898.81;12.3;360;7.9;10.5;5.0;2.0;40090.85
1;2024-01-26;11.7;13.5;10.3;0.10;0.10;7.2;65;51;0.00;12.9;353;9.2;11.2;7.5;1.0;40140.34
1;2024-01-27;11.2;12.7;9.8;4.60;4.60;6.3;78;61;0.00;15.2;354;8.9;10.3;7.8;12.0;40190.67
1;2024-01-28;12.1;13.7;10.3;0.90;0.90;6.1;75;53;0.00;15.5;349;9.8;11.4;7.7;4.0;40241.77
1;2024-01-29;14.5;17.5;11.7;0.00;0.00;2.8;75;3;8474.87;11.1;356;13.5;17.0;9.7;0.0;40293.60
1;2024-01-30;17.0;20.7;14.2;0.60;0.60;1.1;82;53;2658.75;8.8;116;17.5;22.1;14.0;1.0;40346.10
1;2024-01-31;19.5;22.3;17.4;1.60;1.60;0.5;90;55;0.00;11.0;157;21.6;24.9;18.8;3.0;40399.18
1;2024-02-01;22.2;26.8;19.4;0.40;0.40;3.0;89;51;18883.64;16.6;174;24.9;29.4;21.8;4.0;40452.80
1;2024-02-02;23.0;26.3;21.2;1.20;1.20;8.4;87;51;24580.55;20.6;158;25.4;28.0;24.0;9.0;40506.93
1;2024-02-03;23.1;26.7;21.1;1.20;1.20;9.6;88;51;17038.92;22.9;152;25.2;28.6;23.9;9.0;40562.02
1;2024-02-04;24.1;28.0;22.2;0.70;0.70;8.7;86;51;29796.43;18.4;162;26.7;30.5;24.4;5.0;40618.27
1;2024-02-05;22.1;23.6;20.9;1.40;1.40;8.2;90;51;0.00;15.6;112;24.5;26.5;22.4;11.0;40675.62
1;2024-02-06;21.3;23.5;19.8;1.70;1.70;8.9;88;51;175.65;15.8;108;23.0;25.3;21.3;11.0;40733.97
1;2024-02-07;18.6;20.0;15.4;5.70;5.70;5.8;88;55;0.00;14.1;49;19.6;21.0;14.7;20.0;40793.26
1;2024-02-08;13.5;14.9;11.5;1.10;1.10;8.2;78;51;0.00;13.8;357;11.7;13.7;9.1;7.0;40853.42
1;2024-02-09;13.4;15.7;10.9;0.40;0.40;3.6;65;51;2101.46;18.7;358;10.8;13.7;7.5;4.0;40914.38
1;2024-02-10;16.6;20.4;14.4;0.00;0.00;4.7;59;3;25841.65;16.4;4;14.7;18.0;12.6;0.0;40976.07
1;2024-02-11;17.5;22.5;13.7;0.00;0.00;2.4;66;3;38644.57;11.5;9;16.9;22.4;13.0;0.0;41038.43
1;2024-02-12;17.5;23.8;11.3;0.00;0.00;2.1;75;3;27890.72;16.0;108;17.4;24.0;10.4;0.0;41101.38
1;2024-02-13;19.3;24.7;14.4;0.10;0.10;2.3;86;51;25104.28;16.1;164;20.4;25.1;14.9;1.0;41164.86
1;2024-02-14;21.0;25.5;18.4;0.40;0.40;4.7;86;51;24102.02;20.3;163;22.4;25.2;20.6;3.0;41228.82
1;2024-02-15;20.9;25.0;18.3;1.60;1.60;2.3;87;53;1102.10;14.5;104;22.9;27.3;20.5;4.0;41293.18
1;2024-02-16;20.7;25.3;16.8;0.50;0.50;1.1;80;51;35952.11;15.0;111;21.9;26.4;18.1;2.0;41357.88
1;2024-02-17;20.7;25.4;16.0;0.90;0.90;4.3;87;51;5682.26;22.5;175;21.9;25.5;17.3;4.0;41422.85
1;2024-02-18;22.9;28.7;19.4;0.20;0.20;3.8;87;51;23192.49;19.2;170;25.3;31.6;21.5;2.0;41488.05
1;2024-02-19;23.9;29.9;20.1;0.00;0.00;5.8;86;3;25981.91;19.1;164;26.7;33.0;22.7;0.0;41553.41
1;2024-02-20;25.1;30.3;21.7;0.00;0.00;13.7;83;3;32132.96;23.3;176;27.3;34.0;23.5;0.0;41618.87
1;2024-02-21;25.8;31.1;22.5;0.00;0.00;6.1;81;3;38664.91;20.4;178;28.7;34.9;24.2;0.0;41684.36
1;2024-02-22;25.0;29.6;22.3;0.90;0.90;6.6;86;51;19409.79;18.3;149;28.3;32.5;25.7;4.0;41749.86
1;2024-02-23;20.8;23.1;18.4;4.90;4.90;9.0;83;55;605.70;19.7;88;21.6;24.8;19.7;12.0;41815.85
1;2024-02-24;15.1;17.8;13.5;3.50;3.50;7.6;87;55;0.00;14.2;344;14.4;18.7;12.0;14.0;41882.52
1;2024-02-25;14.9;17.3;12.7;0.10;0.10;0.8;79;51;18.20;12.5;345;14.1;18.0;11.0;1.0;41949.81
1;2024-02-26;16.3;18.7;14.6;0.30;0.30;2.3;79;51;0.00;10.1;14;16.1;19.1;14.0;3.0;42017.68
1;2024-02-27;14.0;15.5;12.6;0.90;0.90;2.0;78;51;0.00;14.6;350;12.7;14.8;10.5;9.0;42086.06
1;2024-02-28;16.3;19.7;14.1;0.00;0.00;1.3;79;3;35.61;10.3;58;16.3;20.1;13.2;0.0;42154.89
1;2024-02-29;16.1;17.1;14.3;1.30;1.30;2.9;82;51;0.00;17.7;356;15.4;17.9;12.7;11.0;42224.12
1;2024-03-01;13.8;15.1;12.3;0.80;0.80;5.4;70;51;0.00;15.5;356;11.6;12.9;9.8;8.0;42293.69
1;2024-03-02;14.1;16.5;12.3;0.00;0.00;2.3;66;3;1779.84;12.6;21;12.5;15.7;10.2;0.0;42363.56
1;2024-03-03;16.6;22.4;12.1;0.00;0.00;2.6;79;3;14348.49;19.9;166;16.4;21.4;11.2;0.0;42433.66
1;2024-03-04;22.1;29.1;17.0;0.00;0.00;3.9;82;3;30994.93;16.1;190;24.1;32.6;17.8;0.0;42503.94
1;2024-03-05;26.5;36.1;19.4;0.00;0.00;1.6;73;3;39047.52;15.9;195;29.8;42.0;21.4;0.0;42574.36
1;2024-03-06;23.4;27.4;19.4;0.10;0.10;5.4;75;51;36397.17;18.6;48;24.9;29.2;20.6;1.0;42644.85
1;2024-03-07;20.4;22.7;18.8;0.00;0.00;4.4;73;3;0.00;13.0;53;21.2;23.8;18.9;0.0;42715.37
1;2024-03-08;19.1;20.3;17.6;0.80;0.80;4.3;75;51;0.00;11.9;79;19.3;20.4;18.0;5.0;42785.86
1;2024-03-09;18.1;19.0;17.4;0.10;0.10;1.9;83;51;0.00;11.7;0;18.9;20.5;17.9;1.0;42856.28
1;2024-03-10;17.6;19.2;16.5;1.00;1.00;2.4;87;51;0.00;11.9;354;18.3;20.0;16.6;10.0;42926.56
1;2024-03-11;19.2;23.6;16.4;0.60;0.60;2.3;77;51;24154.45;19.6;350;19.2;24.5;15.6;5.0;42996.66
1;2024-03-12;19.6;25.3;15.3;0.00;0.00;0.4;83;3;24566.47;12.5;139;20.9;26.0;16.7;0.0;43066.53
1;2024-03-13;20.9;25.1;17.1;0.20;0.20;0.8;87;51;0.00;13.1;152;23.1;27.1;18.8;1.0;43136.14
1;2024-03-14;21.1;23.3;20.1;6.20;6.20;2.8;93;53;0.00;12.0;73;23.8;26.4;22.2;20.0;43205.92
1;2024-03-15;22.3;26.3;20.0;3.10;3.10;1.5;93;53;2144.62;18.3;146;25.7;29.3;22.4;12.0;43276.07
1;2024-03-16;23.7;26.2;21.6;1.40;1.40;6.3;90;51;7925.90;19.7;135;26.8;28.8;25.1;7.0;43346.55
1;2024-03-17;24.0;27.6;21.6;0.30;0.30;6.1;89;51;392.29;17.6;143;27.3;30.2;24.7;3.0;43417.29
1;2024-03-18;23.8;26.4;22.0;2.10;2.10;6.0;91;53;0.00;16.9;133;27.4;29.6;25.6;7.0;43488.26
1;2024-03-19;19.3;22.7;17.0;60.20;60.20;7.5;90;65;0.00;20.9;6;20.2;25.9;17.0;23.0;43559.42
1;2024-03-20;18.0;20.2;16.3;4.50;4.50;3.1;82;55;0.00;10.9;336;18.6;20.7;16.4;11.0;43630.71
1;2024-03-21;20.1;26.5;16.1;0.00;0.00;0.4;77;3;35649.63;17.8;171;21.1;27.3;17.1;0.0;43702.08
1;2024-03-22;22.6;27.3;18.9;0.10;0.10;7.4;87;51;6622.19;20.5;177;24.7;28.7;19.8;1.0;43773.50
1;2024-03-23;24.9;29.6;21.8;0.00;0.00;8.3;86;3;40148.62;21.4;175;27.9;34.0;24.3;0.0;43844.91
1;2024-03-24;25.4;31.1;22.1;0.00;0.00;6.9;85;3;32359.82;18.1;163;28.8;35.6;25.2;0.0;43916.28
1;2024-03-25;25.0;28.3;21.5;0.60;0.60;5.1;90;51;7621.76;15.5;155;29.1;32.7;25.3;5.0;43987.54
1;2024-03-26;25.2;29.3;22.1;1.20;1.20;4.2;87;51;34096.63;19.3;137;29.2;33.1;26.1;6.0;44058.66
1;2024-03-27;24.6;28.1;22.0;7.40;7.40;7.6;89;63;9814.85;21.7;171;28.0;31.4;25.5;6.0;44129.59
1;2024-03-28;24.4;28.1;22.1;14.40;14.40;4.0;91;63;9238.44;15.0;127;28.6;32.9;24.9;11.0;44200.28
1;2024-03-29;23.9;28.4;21.3;8.90;8.90;1.3;87;63;17624.11;12.5;163;27.5;31.7;24.2;7.0;44270.68
1;2024-03-30;25.0;30.0;21.3;0.30;0.30;6.8;88;51;25352.78;17.8;173;28.6;33.8;23.7;3.0;44340.75
1;2024-03-31;27.4;33.9;22.5;0.00;0.00;2.3;82;3;41933.46;22.1;175;32.2;40.8;26.6;0.0;44410.43
1;2024-04-01;28.7;35.6;24.4;0.00;0.00;1.3;74;3;42955.31;20.6;177;32.8;42.5;27.0;0.0;44479.67
1;2024-04-02;28.6;33.5;24.5;0.00;0.00;11.9;72;1;43194.26;21.0;175;31.9;39.1;26.5;0.0;44548.46
1;2024-04-03;29.2;35.5;25.1;0.00;0.00;5.2;72;0;43154.53;20.5;176;33.2;42.3;27.3;0.0;44617.19
1;2024-04-04;28.7;33.8;25.2;0.00;0.00;5.4;76;0;42918.92;16.2;173;33.4;40.4;28.3;0.0;44686.05
1;2024-04-05;26.1;28.1;24.2;0.40;0.40;6.5;87;51;0.00;18.2;108;30.2;32.2;28.1;3.0;44754.99
1;2024-04-06;25.9;28.4;23.7;0.40;0.40;8.0;86;51;416.06;19.0;134;29.7;31.9;27.4;2.0;44823.97
1;2024-04-07;25.9;29.0;24.2;0.40;0.40;8.0;87;51;198.47;17.8;126;29.8;33.0;27.7;3.0;44892.94
1;2024-04-08;23.7;24.7;22.8;2.50;2.50;1.3;87;53;0.00;13.6;26;27.1;28.7;25.0;10.0;44961.86
1;2024-04-09;23.7;26.1;21.8;1.80;1.80;0.0;86;51;192.93;9.3;76;27.4;29.6;25.2;12.0;45030.68
1;2024-04-10;24.1;28.2;21.1;0.30;0.30;1.0;87;51;5557.57;11.9;163;28.2;32.8;24.7;3.0;45099.35
1;2024-04-11;25.4;29.8;21.8;0.50;0.50;2.5;89;51;17831.14;17.9;157;29.8;33.3;25.7;4.0;45167.82
1;2024-04-12;26.4;29.8;24.3;0.30;0.30;7.2;86;51;26820.17;20.5;173;30.4;33.0;29.0;3.0;45236.05
1;2024-04-13;26.5;29.7;24.8;0.70;0.70;11.2;87;51;22712.68;21.6;174;30.3;32.9;28.6;7.0;45303.99
1;2024-04-14;27.0;31.1;24.2;0.20;0.20;8.0;86;51;23057.45;15.8;167;31.5;36.1;28.1;2.0;45371.58
1;2024-04-15;27.3;31.4;24.8;0.00;0.00;5.3;85;3;34073.76;19.8;160;31.8;36.3;29.7;0.0;45438.78
1;2024-04-16;26.9;30.3;24.6;0.10;0.10;9.6;85;51;34813.13;21.7;175;30.7;33.9;29.0;1.0;45505.53
1;2024-04-17;27.6;31.6;24.7;0.30;0.30;4.0;85;51;24345.96;17.7;166;32.3;36.7;29.1;3.0;45571.79
1;2024-04-18;27.5;32.3;24.2;0.30;0.30;1.9;85;51;28386.11;18.7;163;32.3;37.1;29.7;3.0;45637.51
1;2024-04-19;28.8;32.7;25.6;8.60;8.60;2.2;79;63;36252.67;22.7;177;33.2;37.9;29.4;2.0;45702.61
1;2024-04-20;29.4;34.0;26.6;7.40;7.40;2.6;77;63;40614.90;19.8;177;34.3;41.3;30.3;2.0;45767.06
1;2024-04-21;28.5;33.7;25.4;0.00;0.00;0.8;82;3;40788.95;18.4;103;33.8;41.8;29.9;0.0;45830.80
1;2024-04-22;27.0;30.4;25.0;0.40;0.40;5.2;85;51;11631.46;14.5;97;31.6;35.7;28.9;4.0;45893.78
1;2024-04-23;27.5;32.4;25.1;7.00;7.00;2.5;87;63;26602.92;17.7;84;33.1;40.0;30.7;10.0;45956.41
1;2024-04-24;27.0;29.9;25.6;2.40;2.40;3.4;85;55;9550.95;17.7;130;31.8;34.5;30.1;6.0;46018.86
1;2024-04-25;29.0;33.5;25.4;0.30;0.30;8.6;85;51;33875.17;18.1;179;34.7;40.5;30.7;3.0;46081.07
1;2024-04-26;31.2;37.8;26.0;0.00;0.00;1.8;73;1;43200.00;18.8;193;36.9;44.9;31.2;0.0;46143.00
1;2024-04-27;32.5;38.0;27.8;0.00;0.00;4.0;59;1;43200.00;19.0;195;36.7;43.1;31.3;0.0;46204.60
1;2024-04-28;31.3;36.8;26.9;0.00;0.00;1.3;67;1;43200.00;18.1;169;36.4;45.7;30.1;0.0;46265.83
1;2024-04-29;32.2;37.3;28.0;0.00;0.00;6.8;66;2;42469.23;22.3;182;37.1;44.5;31.8;0.0;46326.61
1;2024-04-30;33.1;38.6;28.9;0.00;0.00;3.8;62;3;42769.89;20.6;201;37.9;45.7;31.6;0.0;46386.92
1;2024-05-01;27.5;30.7;25.9;3.60;3.60;7.1;79;55;5800.69;19.9;60;31.5;34.2;29.1;9.0;46446.69
1;2024-05-02;26.3;28.8;23.9;4.50;4.50;6.0;85;55;4916.92;18.9;78;30.6;33.1;27.5;10.0;46505.87
1;2024-05-03;27.0;29.4;25.3;15.00;15.00;4.8;90;63;18847.54;19.4;155;32.0;34.2;30.5;17.0;46564.41
1;2024-05-04;28.7;32.7;26.1;0.50;0.50;6.2;84;51;40645.87;19.2;162;34.4;39.1;31.7;4.0;46622.26
1;2024-05-05;26.5;28.3;25.0;3.30;3.30;4.9;87;53;2181.06;13.9;75;31.3;33.7;29.9;7.0;46679.35
1;2024-05-06;26.1;29.1;24.3;7.00;7.00;2.3;89;61;15740.03;13.0;123;31.2;34.3;28.6;12.0;46735.63
1;2024-05-07;26.6;29.8;24.5;4.80;4.80;3.1;88;61;28155.77;11.8;132;31.9;36.6;29.6;10.0;46791.04
1;2024-05-08;26.8;30.0;23.9;6.70;6.70;1.9;87;63;33778.56;12.9;127;32.2;35.4;28.9;11.0;46845.52
1;2024-05-09;26.0;28.7;23.4;12.20;12.20;4.3;89;63;14446.01;12.3;69;30.9;34.1;27.6;20.0;46899.02
1;2024-05-10;26.6;30.4;23.4;4.60;4.60;1.8;86;61;33793.57;17.1;162;31.5;35.5;28.4;8.0;46951.47
1;2024-05-11;27.7;30.7;25.4;3.90;3.90;7.2;87;61;35557.86;17.6;177;33.1;36.6;30.7;8.0;47002.82
1;2024-05-12;27.5;31.3;25.0;30.80;30.80;1.3;89;65;26315.46;10.5;176;33.7;39.5;30.8;12.0;47053.00
1;2024-05-13;25.9;29.0;23.8;26.00;26.00;2.8;89;65;28479.80;13.2;353;30.8;34.8;27.8;18.0;47102.38
1;2024-05-14;27.0;31.5;22.9;0.70;0.70;2.3;83;51;41167.88;13.9;112;32.1;37.6;27.5;6.0;47151.10
1;2024-05-15;26.7;30.6;24.2;21.30;21.30;3.6;89;65;32015.19;10.8;84;32.2;36.9;29.6;14.0;47199.10
1;2024-05-16;26.5;30.1;24.0;14.00;14.00;0.8;80;65;43200.00;16.9;67;30.5;33.7;28.6;10.0;47246.35
1;2024-05-17;26.8;30.2;23.4;1.50;1.50;1.0;80;51;40337.15;14.0;104;31.3;35.2;27.3;6.0;47292.80
1;2024-05-18;28.0;30.7;25.2;3.20;3.20;4.6;87;61;27643.43;18.0;156;33.4;36.2;30.7;7.0;47338.40
1;2024-05-19;28.2;31.8;25.8;11.70;11.70;2.6;89;63;23637.83;14.9;25;34.5;40.1;30.5;11.0;47383.11
1;2024-05-20;27.2;30.5;24.1;1.60;1.60;3.8;84;51;40862.29;18.5;5;31.8;35.5;27.6;9.0;47426.88
1;2024-05-21;27.0;31.4;24.6;12.40;12.40;1.4;88;65;27092.96;11.1;8;33.0;38.6;30.4;6.0;47469.65
1;2024-05-22;26.8;30.8;24.6;6.00;6.00;3.0;88;63;35584.30;16.9;22;32.4;37.8;29.3;10.0;47511.39
1;2024-05-23;26.6;30.2;23.8;14.30;14.30;2.1;91;63;31587.40;9.0;326;32.4;37.9;28.3;14.0;47552.05
1;2024-05-24;27.1;31.0;24.5;12.20;12.20;2.7;88;65;27268.32;10.6;168;32.8;38.3;30.0;12.0;47591.56
1;2024-05-25;27.7;31.2;24.9;18.30;18.30;4.7;87;65;19109.61;18.2;169;33.1;36.9;30.3;16.0;47629.89
1;2024-05-26;29.7;33.3;26.7;1.50;1.50;6.8;84;53;43200.00;17.8;184;35.7;39.8;32.9;5.0;47666.99
1;2024-05-27;30.9;34.6;27.1;0.00;0.00;10.2;74;3;36114.76;17.1;207;36.4;41.4;31.6;0.0;47702.80
1;2024-05-28;30.6;34.0;28.2;0.10;0.10;2.1;80;51;17357.50;12.3;270;37.5;42.8;33.7;1.0;47737.27
1;2024-05-29;30.9;35.7;27.3;5.20;5.20;2.3;82;63;42344.81;17.8;111;38.1;43.5;34.4;4.0;47770.35
1;2024-05-30;28.7;32.7;25.4;20.20;20.20;2.8;87;65;33846.58;16.2;52;34.9;40.4;29.9;16.0;47801.99
1;2024-05-31;25.5;27.6;23.9;30.00;30.00;4.3;86;63;24930.34;18.4;344;29.1;32.2;26.4;18.0;47832.15
1;2024-06-01;28.1;32.7;24.2;0.00;0.00;4.3;78;3;43290.24;10.9;17;33.3;38.9;28.6;0.0;47860.77
1;2024-06-02;29.1;34.4;25.6;21.60;21.60;2.3;85;65;36354.71;9.6;170;36.2;43.4;31.4;9.0;47888.06
1;2024-06-03;30.3;35.4;26.9;7.30;7.30;0.8;82;63;29464.73;14.4;228;37.3;42.6;33.7;9.0;47914.12
1;2024-06-04;28.7;32.9;26.7;9.10;9.10;1.9;88;63;27009.40;12.3;355;35.7;41.5;32.8;9.0;47938.92
1;2024-06-05;26.2;29.5;24.8;44.70;44.70;4.3;93;65;14.51;14.1;353;31.5;35.5;29.2;23.0;47962.44
1;2024-06-06;25.6;28.0;24.0;38.20;38.20;0.0;90;65;4338.67;12.5;335;30.6;33.5;27.8;14.0;47984.65
1;2024-06-07;27.4;31.3;24.4;11.10;11.10;2.3;89;63;21951.05;10.6;155;33.7;37.8;29.8;7.0;48005.55
1;2024-06-08;27.9;30.6;24.9;28.40;28.40;0.7;87;65;8018.84;9.2;140;34.0;37.1;30.6;15.0;48025.10
1;2024-06-09;27.7;30.8;25.4;17.40;17.40;0.8;89;63;650.97;11.0;153;34.2;38.1;30.3;22.0;48043.28
1;2024-06-10;28.0;31.9;25.2;21.60;21.60;1.3;90;63;23894.31;13.6;175;34.6;40.2;30.8;18.0;48060.08
1;2024-06-11;29.4;32.8;25.8;1.30;1.30;2.5;83;53;43175.14;14.1;187;35.7;39.7;31.6;6.0;48075.48
1;2024-06-12;30.7;35.1;26.8;0.50;0.50;1.8;78;51;38780.79;15.3;198;37.0;42.2;32.2;2.0;48089.44
1;2024-06-13;31.6;36.3;27.8;0.20;0.20;8.9;69;51;43310.51;16.9;206;36.7;43.2;32.2;1.0;48101.97
1;2024-06-14;31.5;36.0;27.8;0.00;0.00;2.9;70;3;29504.35;14.6;206;37.1;43.6;31.7;0.0;48113.03
1;2024-06-15;31.4;34.4;28.5;0.00;0.00;2.3;74;3;22443.34;12.4;213;37.7;41.9;33.7;0.0;48122.60
1;2024-06-16;31.3;36.1;27.5;9.00;9.00;0.4;78;63;38157.70;15.8;172;38.6;45.6;34.5;2.0;48130.67
1;2024-06-17;32.0;36.6;28.3;0.50;0.50;4.8;74;51;39600.00;16.2;180;38.6;44.8;34.3;4.0;48137.23
1;2024-06-18;31.5;35.3;28.5;0.00;0.00;6.6;72;3;33414.43;15.1;179;37.5;43.0;33.0;0.0;48142.25
1;2024-06-19;31.6;35.8;28.3;2.30;2.30;5.1;72;61;42393.15;14.1;175;37.5;43.0;33.2;4.0;48145.71
1;2024-06-20;31.8;36.2;28.1;0.40;0.40;6.8;71;51;42060.12;17.0;170;37.8;43.0;33.0;4.0;48147.61
1;2024-06-21;32.0;35.5;29.4;0.00;0.00;8.8;75;3;43491.58;15.9;160;38.4;42.8;35.1;0.0;48147.92
1;2024-06-22;31.0;34.0;28.5;0.80;0.80;5.0;77;51;43375.46;16.4;156;37.2;41.1;34.8;7.0;48146.62
1;2024-06-23;28.8;32.4;26.5;15.30;15.30;1.0;85;63;28368.71;11.0;117;35.3;40.2;32.4;14.0;48143.73
1;2024-06-24;27.4;30.8;25.6;9.10;9.10;1.1;89;61;12098.88;8.9;77;33.7;36.8;31.3;20.0;48139.26
1;2024-06-25;27.4;30.4;25.0;17.00;17.00;1.8;89;63;15753.89;14.0;112;33.2;36.9;30.1;19.0;48133.23
1;2024-06-26;27.1;30.5;24.6;10.70;10.70;1.9;88;63;12164.99;14.5;115;32.6;36.4;30.0;19.0;48125.66
1;2024-06-27;27.6;30.8;24.9;11.30;11.30;2.6;86;63;27880.10;15.1;137;33.2;37.0;29.8;16.0;48116.58
1;2024-06-28;29.0;32.3;26.2;2.30;2.30;6.5;82;55;42960.05;18.7;174;34.3;38.3;31.3;11.0;48106.00
1;2024-06-29;30.3;35.2;26.2;0.00;0.00;9.4;78;3;43411.59;18.2;184;35.8;42.4;31.2;0.0;48093.96
1;2024-06-30;31.5;35.6;27.9;0.00;0.00;12.8;68;3;36385.24;18.0;195;36.2;42.1;31.4;0.0;48080.46
1;2024-07-01;31.0;34.4;27.9;0.00;0.00;13.3;71;3;26287.14;18.2;197;35.5;39.6;31.2;0.0;48065.53
1;2024-07-02;30.2;34.0;28.0;3.80;3.80;1.4;75;61;16252.12;16.7;195;36.0;42.7;31.8;4.0;48049.20
1;2024-07-03;29.1;32.0;26.7;10.50;10.50;4.1;84;63;7961.90;14.5;155;35.2;38.0;32.8;9.0;48031.49
1;2024-07-04;28.7;32.1;25.7;2.50;2.50;3.9;82;55;43973.48;18.6;163;34.3;39.0;31.6;12.0;48012.42
1;2024-07-05;28.9;32.9;25.7;1.20;1.20;3.5;80;51;43704.89;16.2;151;34.4;39.2;31.7;10.0;47992.01
1;2024-07-06;29.3;33.3;25.8;0.50;0.50;5.0;79;51;43980.17;16.9;160;34.9;39.8;31.4;4.0;47970.31
1;2024-07-07;29.5;32.8;26.2;0.60;0.60;6.7;78;51;44255.71;19.9;173;34.7;39.3;31.7;5.0;47947.31
1;2024-07-08;30.1;33.6;26.9;0.30;0.30;6.3;77;51;43998.84;18.1;170;35.7;40.6;32.5;3.0;47923.06
1;2024-07-09;30.8;34.5;28.2;0.10;0.10;9.7;76;51;39904.85;15.8;163;36.6;41.8;34.1;1.0;47897.57
1;2024-07-10;30.9;34.8;27.8;3.10;3.10;2.6;76;61;43705.26;17.0;165;37.5;43.0;33.6;6.0;47870.88
1;2024-07-11;30.5;35.4;26.6;1.00;1.00;4.7;76;53;44030.35;14.2;169;36.7;43.4;32.5;3.0;47842.98
1;2024-07-12;30.6;34.8;26.9;0.90;0.90;2.9;79;53;43511.43;12.3;162;37.5;43.4;34.2;1.0;47813.67
1;2024-07-13;30.5;34.6;27.8;3.40;3.40;3.2;78;61;43976.95;15.9;139;36.9;42.3;34.6;9.0;47782.84
1;2024-07-14;28.4;32.5;25.3;18.10;18.10;2.5;84;63;34801.42;14.3;129;34.2;40.2;30.6;13.0;47750.57
1;2024-07-15;27.9;31.4;25.0;18.50;18.50;2.9;87;63;29611.41;14.9;32;33.4;39.0;29.8;20.0;47716.90
1;2024-07-16;27.1;30.3;24.8;28.50;28.50;0.8;89;65;24033.72;14.8;56;32.6;37.5;29.2;22.0;47681.87
1;2024-07-17;27.2;31.2;24.6;33.90;33.90;2.2;89;65;26592.64;13.3;30;32.8;37.5;29.6;21.0;47645.55
1;2024-07-18;27.2;31.0;24.9;37.70;37.70;2.7;89;63;31603.88;14.4;112;32.8;37.0;30.0;23.0;47607.99
1;2024-07-19;27.6;31.5;24.8;14.90;14.90;1.1;88;63;30781.94;15.4;116;33.5;37.9;30.7;19.0;47569.24
1;2024-07-20;28.3;31.8;25.4;11.60;11.60;2.3;86;63;39882.02;14.8;136;34.4;38.9;30.9;13.0;47529.35
1;2024-07-21;28.7;32.7;25.5;8.80;8.80;1.3;85;63;39888.88;12.1;82;35.4;40.9;31.7;11.0;47488.36
1;2024-07-22;28.0;31.1;25.4;8.50;8.50;3.1;89;63;5289.11;14.2;331;34.2;36.8;31.3;13.0;47446.33
1;2024-07-23;26.7;27.4;26.0;94.70;94.70;4.0;93;65;0.00;17.4;256;32.3;33.3;30.7;22.0;47403.31
1;2024-07-24;28.1;32.0;26.0;19.80;19.80;0.8;87;65;32985.14;10.1;253;34.5;39.9;31.2;20.0;47359.36
1;2024-07-25;28.2;32.3;25.7;12.00;12.00;0.4;89;65;24413.04;11.2;256;34.9;40.2;31.5;16.0;47314.51
1;2024-07-26;31.1;36.6;25.6;0.00;0.00;3.4;80;3;43530.54;12.6;220;38.8;46.5;32.0;0.0;47268.81
1;2024-07-27;32.0;36.8;27.7;0.30;0.30;2.3;74;51;39600.00;15.0;199;39.4;46.6;33.7;3.0;47222.33
1;2024-07-28;29.0;31.2;26.9;5.00;5.00;0.7;88;61;29334.02;13.0;29;35.9;39.0;32.7;11.0;47175.08
1;2024-07-29;27.2;30.9;24.6;21.60;21.60;1.1;93;63;4133.10;11.5;128;33.5;38.0;30.1;19.0;47127.14
1;2024-07-30;28.0;31.2;26.1;17.40;17.40;4.3;89;65;11119.37;15.5;186;33.9;37.6;30.2;17.0;47078.54
1;2024-07-31;27.4;30.1;25.0;14.40;14.40;11.4;86;63;10800.00;18.9;192;31.9;34.3;28.8;16.0;47029.31
1;2024-08-01;28.1;31.3;24.8;8.60;8.60;6.5;80;63;35669.21;19.2;191;32.3;36.5;28.8;8.0;46979.11
1;2024-08-02;26.8;28.3;24.9;11.20;11.20;9.6;84;63;287.86;19.9;190;30.7;33.6;28.2;16.0;46927.80
1;2024-08-03;28.4;32.4;25.5;0.60;0.60;6.8;79;51;38851.14;16.3;190;32.9;39.0;28.2;4.0;46875.43
1;2024-08-04;28.8;32.9;25.0;0.30;0.30;4.3;80;51;43200.00;13.0;169;34.8;40.4;30.2;3.0;46822.06
1;2024-08-05;29.6;32.9;26.3;1.10;1.10;2.8;83;53;43200.00;9.3;154;36.5;41.7;32.8;5.0;46767.77
1;2024-08-06;29.9;33.7;26.5;1.00;1.00;1.1;82;51;41167.41;10.4;171;37.0;43.1;32.9;4.0;46712.60
1;2024-08-07;30.2;34.5;26.6;0.40;0.40;2.2;81;51;43200.00;13.4;172;37.1;43.2;33.0;2.0;46656.62
1;2024-08-08;30.9;34.9;28.1;0.60;0.60;8.3;79;53;43200.00;13.0;175;37.6;43.0;34.5;2.0;46599.87
1;2024-08-09;31.6;35.8;27.7;0.00;0.00;9.1;75;3;43200.00;15.5;184;37.9;43.4;33.5;0.0;46542.41
1;2024-08-10;32.1;36.5;28.3;0.20;0.20;5.7;70;51;43200.00;13.3;195;38.3;44.6;32.6;1.0;46484.29
1;2024-08-11;29.6;32.3;27.5;0.00;0.00;3.6;81;3;21373.90;15.5;318;35.7;38.7;32.2;0.0;46425.59
1;2024-08-12;27.6;30.7;25.8;41.50;41.50;1.8;90;65;14381.24;10.5;146;34.2;38.7;31.1;19.0;46366.33
1;2024-08-13;27.8;31.3;25.3;15.00;15.00;2.7;90;63;27149.27;10.4;346;34.1;38.2;30.6;13.0;46306.58
1;2024-08-14;27.3;31.5;25.2;13.10;13.10;0.7;91;63;25659.71;10.1;332;34.0;40.4;30.9;9.0;46246.39
1;2024-08-15;27.9;32.2;25.1;19.70;19.70;1.4;90;65;22756.74;13.6;294;34.9;41.3;31.1;13.0;46185.80
1;2024-08-16;28.6;32.6;26.0;11.40;11.40;0.8;89;63;39600.00;15.6;10;36.1;42.6;32.8;11.0;46124.87
1;2024-08-17;27.9;31.4;25.6;12.60;12.60;1.5;90;63;23952.34;11.5;148;34.7;39.3;31.7;11.0;46063.64
1;2024-08-18;29.0;32.5;26.4;3.30;3.30;0.5;88;53;33428.99;7.1;235;36.6;41.8;33.1;8.0;46002.16
1;2024-08-19;29.0;33.0;26.4;13.90;13.90;1.0;88;65;34692.27;5.8;225;36.5;41.4;32.9;11.0;45940.49
1;2024-08-20;29.6;33.5;27.2;1.70;1.70;2.4;85;53;27802.54;12.8;192;36.8;40.9;33.9;5.0;45878.64
1;2024-08-21;29.2;32.9;27.0;11.70;11.70;0.7;86;65;32400.00;7.6;217;36.6;42.9;34.3;7.0;45816.24
1;2024-08-22;30.0;33.5;27.4;1.80;1.80;4.4;81;53;34067.67;14.5;175;36.4;40.3;33.8;4.0;45753.13
1;2024-08-23;28.0;31.6;25.0;11.80;11.80;2.0;89;63;7811.54;9.3;173;34.6;38.5;30.7;14.0;45689.35
1;2024-08-24;28.1;31.6;24.7;30.50;30.50;1.8;87;65;14662.10;16.2;142;34.4;38.0;29.6;12.0;45624.97
1;2024-08-25;27.4;30.2;25.3;7.50;7.50;2.6;87;61;23533.89;12.3;173;33.1;36.3;30.4;11.0;45560.03
1;2024-08-26;27.6;31.7;25.0;7.50;7.50;0.8;88;63;33741.51;8.7;230;34.2;40.4;30.7;8.0;45494.58
1;2024-08-27;29.0;33.2;25.0;10.80;10.80;3.0;82;65;43200.00;9.5;170;35.6;41.0;30.6;9.0;45428.67
1;2024-08-28;30.2;34.2;26.8;0.00;0.00;1.8;78;3;43200.00;11.3;172;37.1;42.8;33.1;0.0;45362.36
1;2024-08-29;30.2;33.7;26.9;0.30;0.30;0.7;82;51;39655.82;7.7;145;37.7;43.7;33.5;2.0;45295.69
1;2024-08-30;28.3;31.8;25.3;13.20;13.20;2.2;87;65;18000.00;16.2;71;34.8;39.8;30.0;11.0;45228.70
1;2024-08-31;28.4;31.5;25.4;4.80;4.80;0.7;87;61;42173.87;7.6;74;35.1;39.2;31.5;9.0;45161.46
1;2024-09-01;27.5;29.9;25.8;8.60;8.60;0.0;90;63;17304.06;11.5;355;33.8;36.8;31.1;16.0;45093.99
1;2024-09-02;28.1;32.0;24.8;6.60;6.60;2.3;87;61;26806.15;10.7;27;34.5;40.4;29.6;14.0;45026.35
1;2024-09-03;28.8;32.6;25.4;0.00;0.00;1.1;85;3;43200.00;12.1;313;35.6;40.7;31.3;0.0;44958.59
1;2024-09-04;29.7;33.7;26.1;0.00;0.00;2.3;81;3;43200.00;8.7;206;36.7;41.6;32.6;0.0;44890.74
1;2024-09-05;30.0;34.6;26.0;3.00;3.00;3.6;81;61;43200.00;14.5;324;36.7;42.1;32.1;4.0;44822.85
1;2024-09-06;28.6;33.1;26.1;1.80;1.80;11.3;81;53;21600.00;23.1;326;33.1;38.7;28.9;7.0;44754.97
1;2024-09-07;26.2;28.6;25.7;116.00;116.00;24.7;87;65;0.00;49.6;294;26.9;30.6;24.9;24.0;44687.14
1;2024-09-08;28.7;31.5;26.2;23.00;23.00;10.5;83;63;10361.29;31.0;178;32.7;36.5;28.2;16.0;44619.39
1;2024-09-09;28.2;30.1;25.7;30.50;30.50;3.1;86;65;1266.67;17.9;143;33.8;35.7;31.2;14.0;44551.77
1;2024-09-10;25.3;26.6;24.7;25.90;25.90;3.2;95;63;0.00;13.0;33;30.6;31.4;29.5;21.0;44483.87
1;2024-09-11;25.0;26.4;24.1;65.70;65.70;3.3;96;65;0.00;13.8;27;30.2;32.2;28.7;18.0;44415.52
1;2024-09-12;25.8;28.8;23.9;3.70;3.70;3.4;92;53;8963.75;12.1;355;31.2;34.9;29.0;14.0;44346.79
1;2024-09-13;26.4;31.1;24.0;17.60;17.60;0.4;92;65;30739.34;12.8;337;32.0;39.1;28.4;8.0;44277.70
1;2024-09-14;27.1;32.0;24.1;2.80;2.80;0.7;90;63;27379.17;10.9;335;33.5;40.2;29.6;3.0;44208.31
1;2024-09-15;28.4;32.7;24.6;1.20;1.20;0.7;84;53;40700.09;12.4;65;35.0;41.3;30.7;5.0;44138.66
1;2024-09-16;27.4;31.3;24.4;7.60;7.60;1.8;87;61;38309.97;15.2;359;33.0;37.6;29.1;13.0;44068.80
1;2024-09-17;26.6;28.8;24.1;48.90;48.90;1.3;90;65;23460.14;18.3;341;31.8;35.0;28.2;19.0;43998.77
1;2024-09-18;26.7;31.6;24.2;16.70;16.70;3.1;90;63;27908.24;19.1;338;31.8;38.7;27.7;14.0;43928.61
1;2024-09-19;26.3;29.0;24.3;29.20;29.20;5.6;90;65;14716.51;22.2;339;31.0;35.2;27.0;17.0;43858.38
1;2024-09-20;27.1;31.5;24.7;17.00;17.00;3.1;89;65;28691.64;16.9;350;32.4;39.5;28.1;15.0;43788.10
1;2024-09-21;26.7;31.6;24.7;48.00;48.00;2.9;92;63;21102.47;16.3;339;32.2;39.3;29.0;20.0;43717.84
1;2024-09-22;25.1;25.9;24.7;53.90;53.90;6.8;92;63;0.00;18.4;359;29.1;30.5;27.8;22.0;43647.62
1;2024-09-23;24.6;26.9;23.1;2.90;2.90;2.9;79;61;350.75;20.6;355;26.9;29.5;23.5;5.0;43577.49
1;2024-09-24;25.9;30.4;22.5;0.00;0.00;3.8;76;3;30348.04;10.7;357;29.6;35.0;25.6;0.0;43507.51
1;2024-09-25;25.7;28.2;23.8;0.20;0.20;0.9;84;51;18275.57;8.5;153;30.4;33.5;27.7;2.0;43437.70
1;2024-09-26;26.6;31.4;22.3;0.00;0.00;1.4;81;3;40963.50;13.9;178;31.5;37.7;26.3;0.0;43368.11
1;2024-09-27;27.8;32.4;24.0;0.70;0.70;3.7;81;51;40745.65;15.0;185;33.0;38.8;29.0;7.0;43298.79
1;2024-09-28;28.5;32.0;25.4;0.70;0.70;6.1;84;51;40527.41;16.7;174;34.1;38.2;30.6;3.0;43229.78
1;2024-09-29;28.7;31.3;26.7;5.10;5.10;6.7;87;61;35502.60;17.2;160;34.7;37.1;33.1;10.0;43161.11
1;2024-09-30;27.3;29.9;24.8;24.40;24.40;3.0;91;65;23681.84;11.5;130;33.4;36.2;30.5;13.0;43092.35
1;2024-10-01;26.2;30.2;23.4;2.40;2.40;5.5;79;53;28800.00;26.7;5;28.6;33.2;22.2;7.0;43023.34
1;2024-10-02;23.7;26.6;21.3;0.00;0.00;11.1;61;3;37849.00;23.6;6;23.1;26.6;19.7;0.0;42954.12
1;2024-10-03;23.5;27.1;20.1;0.00;0.00;2.3;63;3;40172.72;18.0;358;24.3;29.0;19.8;0.0;42884.74
1;2024-10-04;23.8;28.3;19.7;0.00;0.00;0.7;67;3;39984.10;12.4;355;25.6;31.5;20.5;0.0;42815.24
1;2024-10-05;24.1;29.0;19.4;0.00;0.00;0.9;70;2;39981.41;11.7;351;26.4;32.2;21.3;0.0;42745.68
1;2024-10-06;25.2;30.2;20.6;0.00;0.00;1.9;72;3;36671.06;13.5;348;28.0;33.4;22.1;0.0;42676.11
1;2024-10-07;26.4;30.8;23.0;0.00;0.00;3.3;72;3;32486.96;16.2;353;29.3;33.5;25.0;0.0;42606.58
1;2024-10-08;26.4;30.6;23.3;0.00;0.00;3.8;68;3;36000.00;14.5;3;29.1;34.4;24.1;0.0;42537.12
1;2024-10-09;25.8;30.1;21.9;0.00;0.00;4.0;74;1;39600.00;10.6;26;28.9;33.8;25.2;0.0;42467.80
1;2024-10-10;25.4;30.4;21.0;0.00;0.00;2.5;73;1;39600.00;9.8;29;28.6;34.6;24.1;0.0;42398.66
1;2024-10-11;25.7;30.6;21.2;0.00;0.00;2.0;74;3;39648.56;8.7;68;29.2;35.2;24.2;0.0;42329.75
1;2024-10-12;26.0;29.8;22.0;1.10;1.10;1.6;80;51;38112.83;10.6;104;30.4;34.8;26.4;8.0;42261.13
1;2024-10-13;26.5;30.1;22.9;1.20;1.20;1.5;80;51;37528.24;11.8;102;31.0;35.2;27.3;7.0;42192.84
1;2024-10-14;26.9;31.6;22.9;1.20;1.20;1.1;82;55;38011.68;11.4;74;32.0;37.5;27.4;3.0;42124.94
1;2024-10-15;25.7;29.6;23.6;7.10;7.10;0.8;87;63;25037.21;13.7;22;30.5;34.7;28.1;15.0;42057.47
1;2024-10-16;25.9;30.2;22.9;1.40;1.40;3.6;85;51;23606.27;11.8;24;30.4;34.6;26.7;11.0;41990.50
1;2024-10-17;26.8;31.0;24.1;2.90;2.90;1.1;84;61;28445.96;10.0;86;31.9;36.6;29.2;9.0;41924.07
1;2024-10-18;27.1;31.1;23.7;1.30;1.30;3.7;84;53;38158.45;13.6;158;32.3;37.1;28.7;5.0;41858.24
1;2024-10-19;26.9;30.3;23.9;3.00;3.00;0.3;86;61;30460.43;9.3;86;32.4;35.5;29.3;8.0;41793.05
1;2024-10-20;27.4;32.0;24.2;1.10;1.10;2.3;80;51;38259.28;15.3;72;31.9;35.7;29.2;6.0;41728.02
1;2024-10-21;25.9;28.6;23.6;10.90;10.90;3.8;87;63;17333.00;14.4;83;30.7;33.5;28.3;12.0;41662.99
1;2024-10-22;26.6;30.9;23.7;6.40;6.40;3.2;84;63;31774.82;12.6;12;31.2;35.3;27.7;5.0;41597.99
1;2024-10-23;25.1;28.2;23.1;2.00;2.00;8.3;64;61;35351.07;22.4;6;25.6;28.6;22.8;4.0;41533.09
1;2024-10-24;23.6;28.5;19.6;0.00;0.00;6.1;61;3;39600.00;13.5;353;24.3;29.5;19.4;0.0;41468.34
1;2024-10-25;23.0;29.3;17.7;0.00;0.00;5.9;61;3;39600.00;14.7;345;23.4;30.2;17.2;0.0;41403.79
1;2024-10-26;25.2;29.5;20.2;0.00;0.00;10.3;48;3;37101.10;24.1;357;24.0;28.9;18.8;0.0;41339.52
1;2024-10-27;21.9;26.8;19.8;18.60;18.60;22.0;71;63;0.00;28.3;346;20.5;23.9;18.7;13.0;41275.59
1;2024-10-28;20.7;22.3;18.9;7.30;7.30;15.1;75;61;0.00;24.2;351;19.8;21.4;18.2;13.0;41212.04
1;2024-10-29;21.2;23.2;19.2;5.20;5.20;5.1;81;61;0.00;22.2;342;21.9;25.5;18.9;12.0;41148.93
1;2024-10-30;23.2;26.7;20.9;0.00;0.00;1.9;75;3;18579.99;14.3;347;25.0;29.6;21.4;0.0;41086.35
1;2024-10-31;24.9;30.0;19.9;0.00;0.00;1.7;79;3;39529.91;10.3;296;28.4;33.6;22.8;0.0;41024.35
1;2024-11-01;25.0;29.7;21.6;0.00;0.00;4.2;71;3;39501.05;19.8;17;26.7;30.5;23.6;0.0;40962.97
1;2024-11-02;23.4;27.9;20.1;0.00;0.00;3.6;64;3;39471.73;17.3;12;24.0;28.8;18.6;0.0;40902.31
1;2024-11-03;23.9;28.2;19.8;0.00;0.00;1.5;71;3;21170.70;12.0;358;25.8;30.4;21.3;0.0;40842.42
1;2024-11-04;22.8;24.2;21.2;7.20;7.20;1.9;80;61;2148.19;17.7;0;24.8;26.7;22.6;13.0;40783.37
1;2024-11-05;22.7;25.3;20.9;1.50;1.50;5.8;79;51;0.00;14.1;346;24.4;26.3;21.8;8.0;40725.23
1;2024-11-06;23.4;27.1;20.5;1.80;1.80;0.9;72;53;8731.62;13.6;354;25.1;29.4;21.5;2.0;40668.06
1;2024-11-07;22.7;27.9;19.4;0.00;0.00;5.9;71;3;33318.58;13.6;38;23.9;29.5;20.4;0.0;40611.94
1;2024-11-08;22.2;27.3;17.5;0.00;0.00;2.0;71;1;39286.46;11.1;5;23.5;29.2;18.8;0.0;40556.92
1;2024-11-09;22.0;28.0;16.6;0.00;0.00;2.6;73;1;39253.91;8.5;305;23.7;30.0;17.8;0.0;40502.52
1;2024-11-10;23.0;29.1;17.5;0.00;0.00;1.5;70;0;39220.64;13.6;313;24.4;30.3;18.4;0.0;40448.56
1;2024-11-11;24.6;30.1;19.5;0.00;0.00;3.6;73;3;34644.63;10.5;14;27.3;33.5;21.5;0.0;40395.10
1;2024-11-12;25.0;30.0;20.6;0.00;0.00;2.0;80;3;35139.91;9.0;143;28.7;34.0;24.0;0.0;40342.19
1;2024-11-13;25.1;29.9;20.9;0.00;0.00;0.4;83;3;37594.52;12.9;145;29.1;34.0;25.1;0.0;40289.90
1;2024-11-14;26.1;31.2;22.4;0.00;0.00;2.2;83;3;36828.07;11.7;179;30.4;35.4;26.7;0.0;40238.29
1;2024-11-15;26.6;31.3;23.5;0.10;0.10;0.5;83;51;36345.78;14.8;183;31.2;36.2;28.3;1.0;40187.42
1;2024-11-16;26.4;30.3;23.6;1.10;1.10;1.3;85;51;36000.00;10.7;174;31.4;35.6;28.4;7.0;40137.35
1;2024-11-17;25.8;30.3;22.2;0.10;0.10;0.8;81;51;32400.00;8.7;59;30.0;34.1;26.9;1.0;40088.16
1;2024-11-18;24.3;27.1;22.4;1.90;1.90;2.5;87;53;32460.28;14.0;27;28.3;30.9;26.5;8.0;40039.90
1;2024-11-19;24.2;28.8;20.8;0.40;0.40;1.8;75;51;37470.29;13.2;33;26.3;30.4;22.3;4.0;39992.65
1;2024-11-20;22.9;26.8;19.4;0.00;0.00;3.5;70;1;38291.00;13.6;29;24.2;27.9;19.9;0.0;39946.46
1;2024-11-21;21.8;25.7;17.7;0.00;0.00;0.4;67;3;38315.64;12.6;14;22.6;26.5;17.4;0.0;39901.42
1;2024-11-22;22.3;25.0;20.1;0.00;0.00;1.0;65;3;24305.64;16.0;17;22.7;25.3;19.3;0.0;39857.58
1;2024-11-23;21.7;25.3;19.5;0.00;0.00;4.1;70;3;17883.82;11.9;34;22.7;26.4;20.3;0.0;39815.01
1;2024-11-24;21.3;23.9;18.0;0.40;0.40;1.1;84;51;5186.72;9.2;39;23.6;26.9;19.2;4.0;39773.79
1;2024-11-25;22.9;26.9;19.8;1.90;1.90;1.0;85;53;33355.29;9.8;44;25.9;30.0;22.1;6.0;39733.99
1;2024-11-26;20.6;22.0;19.3;2.10;2.10;6.9;73;53;2588.14;19.5;356;20.4;25.0;18.6;5.0;39695.68
1;2024-11-27;20.0;23.1;17.7;0.00;0.00;10.1;61;3;14400.00;15.4;358;18.9;21.1;16.5;0.0;39658.93
1;2024-11-28;19.1;23.6;15.9;0.00;0.00;6.1;53;3;37408.22;16.6;4;17.3;21.9;13.6;0.0;39623.79
1;2024-11-29;18.7;23.6;15.0;0.00;0.00;2.3;55;3;36084.54;14.0;3;17.5;23.2;12.9;0.0;39589.92
1;2024-11-30;19.5;25.6;14.4;0.00;0.00;1.2;65;3;37451.92;14.3;106;19.4;25.8;14.0;0.0;39557.17
1;2024-12-01;20.3;26.1;14.8;0.00;0.00;0.7;75;3;37204.28;13.9;128;21.4;26.8;15.6;0.0;39525.58
1;2024-12-02;21.8;26.3;18.4;0.10;0.10;2.6;83;51;18493.91;8.1;104;24.2;28.9;20.5;1.0;39495.18
1;2024-12-03;22.0;25.6;18.9;0.30;0.30;2.2;87;51;14266.30;11.3;103;24.8;27.8;21.7;3.0;39466.02
1;2024-12-04;22.6;27.5;19.6;0.00;0.00;4.0;81;3;36000.00;15.7;105;24.7;27.9;22.3;0.0;39438.14
1;2024-12-05;22.2;28.0;18.4;0.00;0.00;0.9;82;3;35371.04;15.1;97;24.4;29.4;21.1;0.0;39411.57
1;2024-12-06;22.2;26.2;19.4;2.80;2.80;1.8;87;61;19489.86;17.3;88;24.5;28.5;22.1;11.0;39386.36
1;2024-12-07;20.3;21.8;17.8;1.70;1.70;7.7;76;53;0.00;16.2;22;20.4;24.1;16.2;5.0;39362.54
1;2024-12-08;17.0;19.3;14.8;0.10;0.10;4.9;67;51;3625.60;17.3;353;15.5;18.1;12.8;1.0;39340.16
1;2024-12-09;18.2;22.0;14.5;0.00;0.00;2.8;71;3;10130.53;11.8;10;17.9;22.6;13.3;0.0;39319.25
1;2024-12-10;21.1;25.9;17.4;0.00;0.00;1.2;81;3;22172.93;11.4;140;23.0;27.6;18.6;0.0;39299.86
1;2024-12-11;20.4;24.0;17.3;4.30;4.30;1.6;81;53;6792.43;19.9;3;21.4;26.8;15.5;11.0;39282.01
1;2024-12-12;17.2;18.9;15.3;0.00;0.00;9.4;69;3;537.94;17.5;344;15.7;18.0;13.2;0.0;39265.76
1;2024-12-13;15.9;17.5;13.5;0.60;0.60;9.4;67;51;634.80;19.4;355;13.5;15.4;10.8;5.0;39251.14
1;2024-12-14;14.2;16.4;12.8;2.40;2.40;7.2;65;53;0.00;21.1;5;11.4;13.9;9.0;10.0;39238.19
1;2024-12-15;14.1;15.1;12.7;0.70;0.70;3.5;56;53;0.00;20.0;359;11.0;12.8;9.5;2.0;39226.93
1;2024-12-16;15.3;18.9;13.2;0.30;0.30;0.5;64;51;26557.12;12.1;352;13.8;17.1;11.4;1.0;39217.43
1;2024-12-17;16.5;22.1;10.7;0.00;0.00;1.5;70;3;22103.33;11.0;58;16.1;22.2;9.6;0.0;39209.70
1;2024-12-18;18.6;23.2;15.6;0.00;0.00;2.2;60;3;33249.79;16.9;3;17.2;21.3;13.5;0.0;39203.78
1;2024-12-19;16.9;22.6;12.1;0.00;0.00;5.8;65;3;36000.00;12.2;40;15.6;21.6;10.6;0.0;39199.61
1;2024-12-20;16.1;21.9;11.6;0.00;0.00;5.4;69;3;28131.47;12.7;73;15.0;21.5;9.1;0.0;39197.15
1;2024-12-21;16.4;21.9;12.9;0.00;0.00;2.0;70;3;25200.00;10.0;5;15.6;20.3;12.0;0.0;39196.37
1;2024-12-22;15.8;21.6;11.7;0.00;0.00;2.4;70;3;36000.00;13.7;49;14.7;20.7;10.6;0.0;39197.27
1;2024-12-23;16.3;21.8;11.3;0.00;0.00;0.8;69;3;36000.00;10.8;16;15.7;20.9;10.3;0.0;39199.84
1;2024-12-24;17.4;20.5;13.8;0.00;0.00;1.4;60;3;15805.97;12.8;346;16.1;19.2;11.2;0.0;39204.04
1;2024-12-25;18.4;23.3;12.7;0.00;0.00;0.4;66;3;32400.00;11.6;58;18.3;23.8;12.6;0.0;39209.88
1;2024-12-26;19.6;22.2;17.2;0.00;0.00;2.6;66;3;0.00;12.3;11;19.5;21.2;16.5;0.0;39217.33
1;2024-12-27;17.5;18.8;16.3;1.10;1.10;4.9;70;51;859.65;18.0;0;16.1;19.4;14.6;6.0;39226.38
1;2024-12-28;16.9;20.9;13.4;0.60;0.60;1.5;59;51;29066.05;19.8;8;14.7;18.4;12.1;4.0;39237.01
1;2024-12-29;16.9;22.7;12.9;0.00;0.00;1.0;69;3;34674.71;14.2;98;16.1;21.9;12.1;0.0;39249.20
1;2024-12-30;17.4;21.7;13.1;0.00;0.00;1.3;82;3;20572.83;8.1;23;18.0;22.4;13.3;0.0;39262.93
1;2024-12-31;17.7;22.3;14.4;1.00;1.00;4.1;77;51;19050.67;12.8;355;17.6;21.3;14.2;6.0;39278.19
1;2025-01-01;17.3;23.5;12.6;0.00;0.00;3.1;77;2;36000.00;13.2;16;17.3;24.3;12.4;0.0;39294.95
1;2025-01-02;17.8;24.5;12.7;0.00;0.00;1.1;76;3;36000.00;10.4;49;18.1;24.6;12.7;0.0;39313.19
1;2025-01-03;18.5;25.2;13.8;0.00;0.00;2.1;69;3;36000.00;14.2;4;18.1;24.9;13.4;0.0;39332.90
1;2025-01-04;18.0;23.2;13.8;0.00;0.00;0.4;71;3;29895.01;15.0;106;17.8;23.3;13.7;0.0;39354.06
1;2025-01-05;17.8;23.7;13.0;0.00;0.00;0.8;69;1;36040.78;11.9;346;17.2;22.6;12.1;0.0;39376.63
1;2025-01-06;17.9;24.1;13.5;0.00;0.00;0.2;74;3;36000.00;12.6;111;18.0;24.4;13.5;0.0;39400.62
1;2025-01-07;17.1;22.4;12.0;0.80;0.80;0.8;88;51;24322.91;12.4;85;17.9;23.6;12.1;4.0;39425.99
1;2025-01-08;18.5;23.1;15.4;0.40;0.40;0.6;85;51;33091.13;15.9;79;19.3;23.0;17.0;4.0;39453.01
1;2025-01-09;19.1;23.7;15.0;0.00;0.00;3.6;66;3;28800.00;16.0;27;18.6;23.4;13.7;0.0;39481.78
1;2025-01-10;15.6;19.2;13.1;0.00;0.00;5.2;54;3;33291.82;19.7;5;12.8;16.7;9.4;0.0;39512.22
1;2025-01-11;14.5;18.2;11.3;0.00;0.00;7.2;47;3;22164.41;19.8;6;10.8;13.8;8.5;0.0;39544.27
1;2025-01-12;13.5;19.3;9.0;0.00;0.00;1.7;53;3;36436.10;12.9;9;11.0;17.3;5.7;0.0;39577.87
1;2025-01-13;14.3;20.4;8.2;0.00;0.00;0.6;65;3;32214.07;10.4;73;12.7;18.8;6.1;0.0;39612.96
1;2025-01-14;16.8;20.8;11.9;0.00;0.00;1.1;77;3;18937.28;11.5;51;16.7;20.6;11.8;0.0;39649.46
1;2025-01-15;18.5;21.1;16.5;0.40;0.40;1.9;64;51;5329.49;21.6;16;17.3;18.4;15.2;3.0;39687.33
1;2025-01-16;16.9;21.9;13.7;0.00;0.00;1.2;62;3;29666.92;12.8;5;15.7;20.6;11.8;0.0;39726.50
1;2025-01-17;16.0;21.9;11.1;0.00;0.00;1.6;72;1;36591.76;14.6;88;15.2;21.0;10.5;0.0;39766.90
1;2025-01-18;16.7;21.2;12.5;0.00;0.00;0.8;80;3;22260.69;11.5;92;16.7;21.1;11.9;0.0;39808.49
1;2025-01-19;17.7;22.6;13.5;0.00;0.00;0.7;75;3;35310.02;14.3;26;17.7;23.0;13.6;0.0;39851.18
1;2025-01-20;17.7;24.1;12.2;0.00;0.00;0.4;74;2;36523.59;12.2;148;17.7;24.6;12.2;0.0;39894.93
1;2025-01-21;17.8;24.4;12.6;0.00;0.00;0.9;79;3;36765.83;15.3;138;18.1;23.9;13.1;0.0;39939.68
1;2025-01-22;18.5;22.3;15.2;1.20;1.20;3.1;87;51;1196.85;12.0;124;19.6;23.4;16.3;9.0;39985.36
1;2025-01-23;19.5;24.1;16.1;0.30;0.30;5.4;84;51;5466.06;14.4;139;20.2;23.9;17.4;3.0;40031.93
1;2025-01-24;20.7;25.4;17.2;0.50;0.50;5.8;86;51;14803.32;18.2;161;21.9;25.4;18.9;4.0;40079.31
1;2025-01-25;21.5;24.4;19.1;1.00;1.00;4.0;88;51;6880.07;18.4;133;23.4;25.4;21.2;7.0;40127.47
1;2025-01-26;15.1;19.5;13.4;12.10;12.10;6.0;72;63;0.00;28.4;8;12.0;21.7;9.0;13.0;40176.33
1;2025-01-27;14.6;17.8;12.2;0.00;0.00;1.8;48;3;35922.19;19.6;15;11.4;15.0;9.1;0.0;40225.86
1;2025-01-28;14.1;18.4;9.9;0.00;0.00;3.8;53;3;34971.75;13.8;1;11.5;16.0;6.9;0.0;40276.52
1;2025-01-29;14.2;19.3;9.7;0.00;0.00;1.1;61;3;34035.42;15.4;351;12.2;18.2;7.1;0.0;40328.47
1;2025-01-30;16.4;23.3;10.3;0.00;0.00;0.9;77;3;33214.36;21.6;169;15.9;21.4;9.6;0.0;40381.65
1;2025-01-31;19.6;25.0;15.3;0.40;0.40;2.9;87;51;21718.89;19.8;170;20.7;24.6;16.2;3.0;40435.97
1;2025-02-01;21.3;25.0;19.4;1.00;1.00;5.2;87;51;12900.40;17.6;148;23.1;25.7;21.9;7.0;40491.36
1;2025-02-02;20.5;23.4;18.1;1.70;1.70;6.6;88;53;3600.00;15.8;99;22.0;24.5;19.2;8.0;40547.76
1;2025-02-03;16.0;18.5;14.0;5.00;5.00;12.5;75;53;0.00;23.6;8;13.9;19.0;11.6;11.0;40605.08
1;2025-02-04;15.3;18.7;12.9;0.00;0.00;4.1;59;3;29937.67;15.9;16;13.3;18.1;10.7;0.0;40663.26
1;2025-02-05;15.6;18.9;11.6;0.10;0.10;0.4;83;51;0.00;12.4;67;15.5;18.8;11.4;1.0;40722.22
1;2025-02-06;18.0;21.6;16.3;2.20;2.20;1.0;88;53;2802.26;12.3;68;19.0;23.2;16.8;11.0;40781.91
1;2025-02-07;14.4;16.9;12.8;5.40;5.40;9.9;80;53;0.00;20.3;359;12.4;17.5;10.4;15.0;40842.25
1;2025-02-08;13.4;15.6;11.5;0.30;0.30;5.0;68;51;0.00;17.0;4;11.0;13.0;8.7;3.0;40903.17
1;2025-02-09;13.8;16.5;11.2;0.00;0.00;0.8;61;3;19818.81;11.4;13;11.9;15.3;9.7;0.0;40964.62
1;2025-02-10;14.6;20.1;9.6;0.00;0.00;0.2;78;3;15302.94;12.4;75;14.0;19.8;8.5;0.0;41026.52
1;2025-02-11;17.1;24.3;11.8;0.00;0.00;1.0;85;3;18207.34;15.8;157;17.5;24.2;11.9;0.0;41088.82
1;2025-02-12;19.7;24.8;15.2;0.10;0.10;0.7;85;51;14807.73;14.2;110;21.5;26.8;16.3;1.0;41151.44
1;2025-02-13;19.2;24.0;16.8;1.50;1.50;1.1;82;53;17989.57;16.3;71;20.1;25.0;17.2;7.0;41214.33
1;2025-02-14;19.5;23.2;17.5;0.40;0.40;0.0;83;51;9433.02;16.2;109;20.8;24.2;18.8;3.0;41277.43
1;2025-02-15;21.1;25.6;18.9;2.50;2.50;3.9;88;51;4115.44;15.4;128;23.1;26.8;20.7;13.0;41340.68
1;2025-02-16;18.9;20.7;16.4;3.50;3.50;5.2;88;53;0.00;17.6;66;19.7;21.6;16.3;11.0;41404.03
1;2025-02-17;18.5;22.4;16.1;0.00;0.00;5.2;83;3;3971.85;11.1;62;19.3;23.7;16.3;0.0;41467.98
1;2025-02-18;18.6;20.5;17.3;3.50;3.50;5.2;84;53;0.00;12.2;68;19.3;21.1;18.1;15.0;41532.73
1;2025-02-19;18.4;20.0;17.2;1.50;1.50;1.8;87;51;0.00;11.0;74;19.8;21.3;18.1;10.0;41598.21
1;2025-02-20;19.8;23.3;17.1;1.00;1.00;2.9;89;51;4681.77;12.2;96;21.6;25.0;19.0;8.0;41664.36
1;2025-02-21;19.2;21.6;16.8;0.00;0.00;0.7;87;3;701.50;17.8;92;20.2;22.0;18.3;0.0;41731.11
1;2025-02-22;19.4;21.8;17.5;0.40;0.40;7.6;84;51;380.22;16.9;90;20.0;22.5;18.1;4.0;41798.42
1;2025-02-23;17.5;19.0;15.4;2.10;2.10;6.3;81;53;0.00;18.9;15;17.1;19.7;13.5;9.0;41866.22
1;2025-02-24;14.6;16.7;13.1;0.90;0.90;7.3;77;53;2486.89;16.8;352;12.9;15.6;11.2;4.0;41934.45
1;2025-02-25;14.1;15.2;13.1;16.10;16.10;6.8;90;61;0.00;11.5;342;13.6;15.3;11.8;16.0;42003.05
1;2025-02-26;15.6;18.6;13.9;1.60;1.60;3.1;88;51;4372.05;14.0;358;15.4;19.1;13.1;7.0;42071.97
1;2025-02-27;18.5;23.7;15.4;0.20;0.20;0.4;85;51;13324.02;16.4;154;19.5;24.4;16.4;2.0;42141.14
1;2025-02-28;20.7;24.5;18.0;0.80;0.80;3.3;88;51;5632.03;19.6;176;22.3;24.9;19.6;5.0;42210.52
1;2025-03-01;22.4;26.7;19.2;0.30;0.30;9.6;87;51;26520.41;21.3;166;24.1;28.3;20.9;2.0;42280.05
1;2025-03-02;23.1;27.1;21.2;0.30;0.30;7.0;88;51;21265.43;21.3;171;25.3;29.0;23.2;3.0;42349.67
1;2025-03-03;23.2;27.5;19.4;0.30;0.30;3.9;91;51;17210.31;14.5;155;26.5;31.3;22.2;3.0;42419.33
1;2025-03-04;24.1;28.7;22.0;0.30;0.30;5.9;91;51;21612.15;16.3;147;27.8;32.1;25.7;3.0;42488.98
1;2025-03-05;22.1;24.0;19.8;2.60;2.60;6.4;88;53;108.00;15.8;94;24.3;26.9;21.1;12.0;42558.55
1;2025-03-06;15.2;19.9;13.2;6.00;6.00;6.8;75;63;0.00;24.0;1;12.9;21.9;10.0;9.0;42628.00
1;2025-03-07;14.8;17.3;12.9;0.10;0.10;1.9;68;51;4568.86;17.3;7;12.9;16.3;10.2;1.0;42697.28
1;2025-03-08;16.1;18.3;14.2;0.00;0.00;1.1;79;3;102.31;11.1;69;16.1;18.7;13.9;0.0;42766.35
1;2025-03-09;17.7;20.3;16.0;1.00;1.00;2.3;85;53;0.00;9.5;50;18.5;21.2;16.5;4.0;42835.65
1;2025-03-10;19.8;23.4;17.3;0.60;0.60;0.4;88;51;1026.80;11.2;98;21.6;25.2;19.4;5.0;42905.40
1;2025-03-11;21.2;26.2;16.8;0.50;0.50;1.9;89;51;12611.82;19.3;157;23.4;28.6;18.6;4.0;42975.54
1;2025-03-12;23.2;26.2;20.7;1.10;1.10;7.3;90;51;2707.91;19.3;154;25.8;28.9;23.1;7.0;43046.02
1;2025-03-13;23.7;26.1;22.2;0.60;0.60;8.5;91;51;5012.37;22.2;148;26.7;28.5;25.1;6.0;43116.79
1;2025-03-14;24.0;27.1;22.1;1.00;1.00;5.9;92;51;1652.14;18.6;158;27.6;30.3;25.5;7.0;43187.80
1;2025-03-15;23.6;25.9;21.2;1.70;1.70;3.4;92;53;0.00;16.4;82;27.2;30.7;22.2;9.0;43259.01
1;2025-03-16;18.0;20.5;16.1;1.80;1.80;0.5;68;53;14359.26;21.0;15;16.8;21.1;13.1;7.0;43330.36
1;2025-03-17;17.4;19.1;16.4;0.10;0.10;2.2;66;51;459.21;10.8;53;16.6;18.5;15.0;1.0;43401.82
1;2025-03-18;17.1;19.5;15.9;0.00;0.00;1.3;62;3;21281.85;16.8;9;15.7;18.2;14.0;0.0;43473.33
1;2025-03-19;18.1;22.1;15.3;0.00;0.00;1.3;58;3;39132.70;18.0;5;16.8;21.6;13.0;0.0;43544.84
1;2025-03-20;17.8;23.5;12.8;0.00;0.00;0.7;65;3;41773.98;13.8;4;17.1;23.9;11.4;0.0;43616.31
1;2025-03-21;18.4;24.6;12.8;0.00;0.00;1.7;68;3;42191.88;10.2;120;18.5;25.9;12.2;0.0;43687.69
1;2025-03-22;19.3;25.1;14.1;0.00;0.00;0.5;77;3;41436.77;10.7;150;20.6;27.2;14.2;0.0;43758.94
1;2025-03-23;20.1;25.9;15.5;0.00;0.00;2.7;84;3;36306.13;14.0;158;21.7;27.2;16.8;0.0;43830.00
1;2025-03-24;21.5;27.3;16.3;0.00;0.00;0.5;84;3;39803.93;15.6;182;23.7;29.6;18.2;0.0;43900.83
1;2025-03-25;22.6;28.1;19.4;0.00;0.00;6.4;85;3;36823.79;15.9;175;25.0;32.8;21.5;0.0;43971.37
1;2025-03-26;23.0;28.3;19.6;0.00;0.00;7.0;87;3;37472.16;18.8;171;25.4;31.6;21.7;0.0;44041.59
1;2025-03-27;24.7;30.3;21.1;0.00;0.00;3.6;87;3;36918.98;20.0;162;28.0;35.9;23.3;0.0;44111.43
1;2025-03-28;25.1;30.3;20.5;0.00;0.00;4.0;87;3;34794.17;14.8;112;29.3;35.4;23.8;0.0;44180.85
1;2025-03-29;17.7;23.7;14.0;17.30;17.30;8.6;84;65;723.56;22.9;3;17.0;26.1;12.6;16.0;44250.29
1;2025-03-30;14.2;16.3;12.2;2.30;2.30;0.7;79;51;0.00;20.5;0;12.7;16.4;9.7;9.0;44319.92
1;2025-03-31;14.7;16.9;13.0;0.00;0.00;0.9;71;3;16047.24;14.3;5;13.3;16.4;10.5;0.0;44389.69
1;2025-04-01;17.2;21.3;14.4;0.00;0.00;0.6;67;3;30986.87;14.8;352;16.6;21.4;12.8;0.0;44459.57
1;2025-04-02;18.4;23.6;13.2;0.00;0.00;0.4;74;3;42479.80;9.1;48;19.1;26.1;13.2;0.0;44529.49
1;2025-04-03;19.4;25.4;14.2;0.00;0.00;0.9;76;3;42920.65;13.8;138;20.2;26.2;14.4;0.0;44599.43
1;2025-04-04;20.5;24.5;16.5;0.60;0.60;2.2;87;51;13880.22;18.1;164;22.1;25.4;18.2;6.0;44669.34
1;2025-04-05;21.3;23.8;19.3;0.60;0.60;3.1;89;51;0.00;12.6;88;23.8;26.3;21.8;5.0;44739.16
1;2025-04-06;22.1;25.8;19.6;0.30;0.30;0.4;87;51;10501.49;13.2;112;25.0;28.5;22.3;3.0;44808.86
1;2025-04-07;21.7;24.7;19.1;0.20;0.20;2.2;90;51;0.00;11.5;114;24.6;27.7;21.8;2.0;44878.38
1;2025-04-08;23.0;26.9;19.9;0.50;0.50;3.3;91;51;10007.05;17.8;159;26.5;30.4;23.0;5.0;44947.68
1;2025-04-09;24.1;27.5;21.9;0.70;0.70;4.7;90;51;21687.78;19.3;164;27.3;30.2;25.7;5.0;45016.71
1;2025-04-10;24.0;27.0;21.9;0.50;0.50;4.1;91;51;3176.46;15.1;133;28.1;31.2;26.0;4.0;45085.42
1;2025-04-11;25.1;30.7;21.2;0.00;0.00;2.0;88;3;25347.61;18.0;156;29.5;37.0;25.3;0.0;45153.76
1;2025-04-12;25.8;31.9;22.3;41.20;41.20;3.4;85;65;28641.26;28.5;38;29.8;40.0;21.3;7.0;45221.69
1;2025-04-13;21.6;25.4;18.5;0.90;0.90;2.2;68;53;37868.60;21.3;360;22.0;25.8;18.5;4.0;45289.15
1;2025-04-14;21.1;25.2;17.8;0.00;0.00;0.3;76;3;19982.13;8.0;256;22.7;26.6;19.6;0.0;45356.08
1;2025-04-15;22.2;29.2;16.6;0.00;0.00;1.5;79;3;38781.54;11.0;163;24.7;33.5;17.9;0.0;45422.44
1;2025-04-16;22.6;27.7;17.6;0.00;0.00;5.2;81;3;36147.00;17.5;165;24.6;30.0;18.9;0.0;45488.18
1;2025-04-17;25.3;30.2;22.1;0.00;0.00;5.2;87;3;30055.28;14.4;161;29.4;36.4;24.7;0.0;45553.25
1;2025-04-18;26.8;32.4;23.1;0.00;0.00;2.0;85;3;24851.98;14.5;158;31.8;40.4;27.1;0.0;45618.06
1;2025-04-19;27.9;32.5;24.5;0.00;0.00;11.9;82;3;39370.44;15.9;171;32.5;39.9;28.0;0.0;45682.79
1;2025-04-20;27.2;31.5;24.3;1.50;1.50;10.6;85;53;37397.01;17.0;172;31.7;38.3;28.1;4.0;45747.39
1;2025-04-21;27.0;30.8;24.2;0.00;0.00;11.0;85;3;42730.03;21.8;175;31.1;36.5;27.7;0.0;45811.80
1;2025-04-22;27.9;32.8;24.7;0.00;0.00;11.1;85;3;41648.10;17.5;177;32.9;41.0;28.2;0.0;45875.98
1;2025-04-23;28.5;34.7;25.0;0.00;0.00;5.9;83;3;39297.61;16.1;162;34.1;43.4;29.1;0.0;45939.88
1;2025-04-24;27.8;32.9;24.4;10.00;10.00;0.5;85;63;35792.50;13.9;71;33.3;39.4;28.6;4.0;46003.45
1;2025-04-25;25.1;27.7;23.3;28.70;28.70;5.0;86;65;11302.21;13.8;68;29.0;32.4;26.8;10.0;46066.64
1;2025-04-26;25.9;29.3;23.1;1.70;1.70;2.4;88;53;20012.40;15.1;142;30.4;33.6;27.8;7.0;46129.39
1;2025-04-27;27.0;30.5;25.1;2.90;2.90;8.9;89;53;32950.33;18.0;160;32.0;36.5;30.0;7.0;46191.67
1;2025-04-28;25.1;28.5;23.3;26.80;26.80;2.4;92;63;15407.91;15.5;76;30.1;34.2;27.3;15.0;46253.40
1;2025-04-29;24.9;28.1;23.1;5.80;5.80;0.4;92;63;11385.75;12.1;229;30.0;33.1;27.5;12.0;46314.55
1;2025-04-30;26.3;29.6;24.0;2.70;2.70;3.1;88;53;33444.28;14.8;158;31.6;36.1;29.1;10.0;46375.04
1;2025-05-01;25.2;28.0;23.7;5.40;5.40;0.6;88;53;17053.28;13.9;343;29.9;32.3;28.4;14.0;46434.83
1;2025-05-02;26.2;31.2;21.9;0.10;0.10;0.6;82;51;43200.00;16.1;161;31.0;37.2;26.2;1.0;46493.87
1;2025-05-03;27.1;30.6;24.4;0.00;0.00;8.0;85;3;40567.86;16.7;175;31.6;35.8;28.5;0.0;46552.08
1;2025-05-04;28.5;33.3;25.3;0.00;0.00;8.9;84;3;39827.69;16.8;175;33.8;41.1;29.9;0.0;46609.42
1;2025-05-05;29.0;33.3;25.5;0.00;0.00;9.4;83;3;43200.00;15.8;169;34.8;42.0;30.7;0.0;46665.82
1;2025-05-06;28.9;32.2;26.4;0.50;0.50;6.6;84;51;39469.81;15.9;153;34.9;39.5;31.7;4.0;46721.23
1;2025-05-07;29.3;33.7;26.0;0.20;0.20;2.7;84;51;43200.00;16.9;157;35.4;41.8;32.2;2.0;46775.58
1;2025-05-08;30.1;33.9;27.0;0.00;0.00;12.5;81;3;43200.00;20.6;170;35.7;42.3;31.9;0.0;46829.27
1;2025-05-09;28.5;32.9;26.8;8.90;8.90;4.1;84;63;34219.76;23.9;82;34.1;39.7;31.7;2.0;46882.43
1;2025-05-10;26.4;29.9;24.3;29.50;29.50;5.3;89;65;27212.91;14.1;37;31.4;35.4;28.3;17.0;46935.03
1;2025-05-11;22.3;24.5;19.6;26.40;26.40;1.0;81;63;12274.28;25.6;360;23.3;26.9;18.8;13.0;46987.00
1;2025-05-12;23.7;29.4;19.1;0.00;0.00;1.7;73;3;43414.28;16.5;63;26.2;33.1;20.5;0.0;47038.31
1;2025-05-13;25.1;29.1;20.9;0.00;0.00;0.9;79;3;40045.57;15.9;152;28.6;33.5;24.2;0.0;47088.91
1;2025-05-14;26.6;29.7;23.7;3.20;3.20;3.3;87;55;40463.01;16.8;154;31.7;35.5;28.4;10.0;47138.74
1;2025-05-15;26.3;28.6;24.4;9.50;9.50;3.3;91;61;19078.71;15.4;152;31.6;33.4;29.5;14.0;47187.76
1;2025-05-16;27.7;30.7;25.6;3.70;3.70;5.8;89;53;22113.41;16.5;161;33.3;37.1;31.4;12.0;47235.91
1;2025-05-17;27.9;31.1;25.9;7.10;7.10;8.4;89;63;25228.29;17.2;166;33.6;37.6;31.3;15.0;47283.14
1;2025-05-18;28.1;30.6;26.0;13.40;13.40;5.3;90;63;28620.85;11.6;161;34.4;37.4;32.2;12.0;47329.41
1;2025-05-19;27.1;30.5;24.8;20.00;20.00;0.9;92;63;14026.44;12.0;166;33.2;37.0;29.7;16.0;47374.65
1;2025-05-20;29.0;33.1;26.3;5.20;5.20;7.6;86;63;42754.07;18.4;174;34.9;40.9;32.5;5.0;47418.82
1;2025-05-21;29.4;32.8;27.3;1.30;1.30;10.1;83;51;32247.01;15.8;169;35.1;40.5;32.4;5.0;47461.87
1;2025-05-22;28.8;31.2;27.0;2.10;2.10;10.9;85;53;22221.94;16.9;167;34.3;36.2;32.4;7.0;47503.72
1;2025-05-23;27.4;29.8;25.7;19.10;19.10;1.0;92;63;3039.87;12.3;150;33.7;37.3;31.8;13.0;47544.34
1;2025-05-24;24.2;26.1;22.1;33.10;33.10;2.7;91;65;1247.21;24.3;354;27.4;31.2;23.6;24.0;47583.66
1;2025-05-25;23.6;26.3;21.3;1.90;1.90;12.9;76;61;5395.92;21.1;357;24.6;27.3;22.3;2.0;47621.63
1;2025-05-26;23.7;26.8;20.8;0.00;0.00;6.1;76;3;14105.72;14.4;21;25.8;30.0;21.6;0.0;47658.20
1;2025-05-27;24.8;26.4;23.5;12.00;12.00;2.2;88;63;2071.11;12.3;46;29.0;31.5;26.1;15.0;47693.30
1;2025-05-28;26.9;30.6;23.6;5.90;5.90;0.6;86;63;36640.36;16.2;154;32.2;37.0;28.7;11.0;47727.22
1;2025-05-29;27.2;30.9;24.6;14.00;14.00;1.9;89;63;18865.60;9.4;113;33.3;38.6;30.3;19.0;47760.04
1;2025-05-30;26.4;29.5;23.6;11.50;11.50;2.4;87;63;20261.89;13.5;107;31.3;35.2;27.7;13.0;47791.73
1;2025-05-31;29.3;33.9;25.3;0.40;0.40;5.2;83;51;43200.00;18.7;171;35.2;40.9;30.8;4.0;47822.27
1;2025-06-01;31.5;36.6;27.2;0.00;0.00;10.4;70;3;43821.00;20.0;206;36.4;43.1;30.7;0.0;47851.64
1;2025-06-02;32.2;37.1;27.8;0.00;0.00;1.0;69;3;44351.97;15.7;215;38.2;45.0;31.1;0.0;47879.78
1;2025-06-03;28.0;31.6;25.9;18.20;18.20;2.5;87;63;26074.87;17.3;350;33.9;40.0;30.1;13.0;47906.69
1;2025-06-04;28.1;31.8;24.9;7.80;7.80;1.3;86;63;32336.92;9.8;96;34.5;39.3;30.6;13.0;47932.31
1;2025-06-05;28.1;31.9;24.9;2.60;2.60;0.7;86;53;34741.75;12.6;149;34.4;40.2;30.6;9.0;47956.64
1;2025-06-06;29.5;32.8;26.7;1.30;1.30;8.1;84;53;43557.90;14.8;166;35.7;40.2;32.8;7.0;47979.64
1;2025-06-07;30.0;33.3;27.1;5.10;5.10;4.8;83;61;43826.42;16.2;159;36.4;40.3;33.7;8.0;48001.26
1;2025-06-08;28.9;34.5;26.3;5.60;5.60;0.7;88;63;25828.72;15.6;180;36.0;43.6;32.9;4.0;48021.49
1;2025-06-09;28.2;31.7;24.9;18.50;18.50;1.5;88;65;24893.98;8.7;354;34.9;38.7;30.9;13.0;48040.31
1;2025-06-10;27.7;30.9;24.8;9.10;9.10;1.1;84;63;33211.32;22.7;340;32.5;35.9;29.5;12.0;48057.66
1;2025-06-11;28.7;33.0;25.6;0.90;0.90;6.4;75;51;39962.12;18.2;350;33.1;38.3;28.7;4.0;48073.54
1;2025-06-12;28.9;32.4;26.6;1.00;1.00;8.3;75;51;27721.91;23.5;356;32.7;36.1;29.6;5.0;48087.90
1;2025-06-13;28.1;30.7;25.6;21.40;21.40;5.5;82;65;28628.33;27.5;346;32.1;35.6;28.4;16.0;48100.74
1;2025-06-14;30.1;34.3;26.9;2.00;2.00;5.5;75;61;42244.98;16.3;297;35.4;42.6;30.7;1.0;48112.00
1;2025-06-15;29.9;35.4;27.0;9.20;9.20;0.9;80;63;33589.06;15.0;220;36.4;43.8;31.5;4.0;48121.67
1;2025-06-16;28.5;32.0;26.1;7.00;7.00;1.8;84;55;24597.41;12.1;209;34.4;37.7;31.8;11.0;48129.72
1;2025-06-17;30.0;34.2;27.2;10.90;10.90;5.0;83;65;20364.00;15.3;182;36.5;41.5;32.7;6.0;48136.20
1;2025-06-18;30.0;33.8;26.9;1.40;1.40;5.7;79;53;22118.88;19.1;177;35.2;38.6;30.6;3.0;48141.14
1;2025-06-19;30.5;33.5;28.0;0.40;0.40;11.7;75;51;32847.99;19.1;173;35.5;39.8;31.6;2.0;48144.54
1;2025-06-20;30.2;33.1;28.1;1.60;1.60;8.4;78;53;12698.56;17.7;164;35.6;38.8;32.8;4.0;48146.41
1;2025-06-21;28.8;32.9;25.4;20.50;20.50;3.5;83;63;23931.48;15.9;178;34.3;37.7;30.5;17.0;48146.76
1;2025-06-22;28.2;32.0;24.8;27.90;27.90;0.8;86;65;35168.42;15.3;161;34.0;38.1;30.0;17.0;48145.62
1;2025-06-23;28.9;33.4;24.2;13.40;13.40;0.4;82;63;43482.28;18.1;169;34.5;40.5;29.2;11.0;48142.96
1;2025-06-24;29.3;33.0;25.7;3.70;3.70;3.9;84;61;41621.02;18.0;162;35.5;40.5;30.7;9.0;48138.83
1;2025-06-25;28.6;32.4;25.0;7.50;7.50;3.3;82;63;41352.99;12.7;163;34.3;40.5;29.7;11.0;48133.23
1;2025-06-26;29.0;33.3;25.4;7.00;7.00;0.7;82;63;33390.69;11.8;171;35.4;41.2;31.4;3.0;48126.15
1;2025-06-27;27.6;31.6;25.6;19.20;19.20;0.9;89;65;11468.11;13.8;159;33.9;38.4;32.1;12.0;48117.64
1;2025-06-28;26.9;30.6;24.0;32.70;32.70;0.9;91;65;6929.27;9.6;148;33.1;38.2;28.6;13.0;48107.67
1;2025-06-29;28.2;32.4;25.5;3.90;3.90;0.6;87;55;23299.15;9.6;159;34.8;40.2;31.3;10.0;48096.29
1;2025-06-30;28.9;32.6;26.3;10.10;10.10;1.9;85;63;24939.57;13.1;132;35.5;39.9;32.4;6.0;48083.49
1;2025-07-01;27.4;31.7;24.3;36.60;36.60;3.3;85;65;21562.54;10.8;130;32.9;37.0;28.9;14.0;48069.30
1;2025-07-02;27.2;30.1;25.0;7.00;7.00;0.2;86;61;12573.80;16.8;107;32.6;35.4;30.6;18.0;48053.72
1;2025-07-03;26.6;29.9;24.5;14.70;14.70;1.6;90;63;11005.28;9.2;19;32.5;37.4;29.8;20.0;48036.78
1;2025-07-04;27.2;31.0;24.7;10.30;10.30;0.5;89;63;31758.68;9.6;339;33.4;39.0;30.2;10.0;48018.48
1;2025-07-05;28.5;32.9;24.3;3.10;3.10;0.0;81;61;41525.66;11.5;151;34.7;40.3;30.0;6.0;47998.85
1;2025-07-06;28.0;32.6;25.6;9.80;9.80;2.8;85;63;31190.67;14.0;175;34.3;41.0;31.2;8.0;47977.88
1;2025-07-07;28.4;32.2;25.8;11.30;11.30;2.3;86;63;30795.87;13.0;185;34.9;41.2;32.0;8.0;47955.40
1;2025-07-08;30.6;34.6;26.6;0.00;0.00;4.4;77;3;43995.78;10.3;206;37.2;41.6;32.9;0.0;47931.35
1;2025-07-09;31.0;35.2;27.7;0.40;0.40;2.0;77;51;36110.54;10.5;252;37.8;42.8;33.4;2.0;47905.78
1;2025-07-10;29.9;34.1;26.9;0.20;0.20;0.8;81;51;38265.13;11.4;333;36.4;40.7;33.2;2.0;47878.73
1;2025-07-11;28.2;31.7;25.7;17.00;17.00;0.7;86;63;26415.61;19.5;350;34.0;38.1;30.5;15.0;47850.24
1;2025-07-12;27.4;30.4;25.1;8.10;8.10;2.5;88;63;16832.44;15.3;345;33.0;36.9;29.4;15.0;47820.37
1;2025-07-13;28.3;32.3;24.7;7.50;7.50;1.8;86;63;36035.11;12.5;323;34.6;39.8;29.8;16.0;47789.15
1;2025-07-14;29.0;33.1;26.3;4.00;4.00;1.9;83;63;32243.13;8.7;179;35.7;41.5;32.1;4.0;47756.65
1;2025-07-15;29.8;33.1;26.9;0.10;0.10;4.3;81;51;29564.17;9.7;174;36.3;39.2;33.3;1.0;47722.90
1;2025-07-16;30.4;33.6;28.0;0.70;0.70;1.9;80;53;39024.91;14.5;174;37.1;40.9;34.8;3.0;47687.96
1;2025-07-17;30.6;34.7;25.9;0.60;0.60;1.0;76;51;43841.35;10.0;200;37.5;43.8;31.3;4.0;47651.85
1;2025-07-18;31.9;36.3;27.5;0.00;0.00;2.7;72;3;43856.73;9.5;221;38.7;43.7;34.4;0.0;47614.64
1;2025-07-19;29.6;35.7;24.7;7.30;7.30;3.5;82;61;32400.00;14.9;312;35.9;43.6;29.4;9.0;47576.36
1;2025-07-20;28.4;32.9;24.9;3.00;3.00;1.7;86;53;10989.49;11.6;290;34.9;40.4;30.1;9.0;47537.06
1;2025-07-21;27.4;28.5;26.4;57.30;57.30;4.6;90;65;0.00;29.7;262;32.5;34.3;28.4;22.0;47496.79
1;2025-07-22;27.3;30.4;25.8;48.80;48.80;11.8;85;65;23666.23;47.7;5;29.2;33.6;25.4;20.0;47455.59
1;2025-07-23;27.8;31.2;25.0;15.50;15.50;3.6;86;63;39600.00;14.8;126;33.4;37.3;29.6;15.0;47413.50
1;2025-07-24;27.0;29.8;25.2;23.80;23.80;1.5;91;65;12430.23;11.5;41;33.2;37.4;30.1;13.0;47370.57
1;2025-07-25;27.5;30.2;25.3;12.10;12.10;1.5;91;63;23129.89;11.1;334;34.1;38.3;31.1;15.0;47326.84
1;2025-07-26;27.7;32.2;25.4;17.90;17.90;0.4;89;65;33499.66;8.4;235;34.6;41.1;31.4;15.0;47282.34
1;2025-07-27;28.0;31.9;25.2;4.70;4.70;0.9;88;63;41932.33;10.6;232;34.5;40.1;31.6;5.0;47236.74
1;2025-07-28;29.0;33.7;24.7;0.00;0.00;0.9;84;3;43287.67;12.5;183;36.0;41.9;30.9;0.0;47189.91
1;2025-07-29;30.8;35.7;25.8;0.00;0.00;1.1;78;3;39704.91;13.5;190;37.9;44.6;32.5;0.0;47141.92
1;2025-07-30;31.4;36.2;26.9;0.20;0.20;2.4;77;51;40553.04;11.4;234;38.8;45.2;33.5;1.0;47092.83
1;2025-07-31;30.1;33.9;28.3;18.20;18.20;0.2;81;65;26637.84;13.0;215;37.3;43.3;34.2;10.0;47042.69
1;2025-08-01;28.3;32.2;25.9;12.70;12.70;0.6;88;63;36000.00;11.9;261;35.0;40.6;31.2;13.0;46991.56
1;2025-08-02;29.4;33.8;25.9;3.00;3.00;0.2;86;55;43200.00;11.9;216;37.0;43.7;32.5;6.0;46939.51
1;2025-08-03;31.7;36.1;27.8;0.00;0.00;8.2;74;3;43200.00;16.5;213;37.7;43.2;33.6;0.0;46886.57
1;2025-08-04;32.0;36.5;27.9;0.00;0.00;2.4;69;3;42165.68;14.7;208;37.7;43.9;31.9;0.0;46832.82
1;2025-08-05;30.8;34.9;27.8;0.20;0.20;2.5;76;51;25126.04;11.8;232;37.1;41.1;33.4;2.0;46778.31
1;2025-08-06;29.2;32.7;26.8;1.70;1.70;0.6;86;53;12058.99;11.8;156;36.3;39.7;33.9;9.0;46723.09
1;2025-08-07;29.4;32.6;26.8;0.10;0.10;1.7;80;51;17054.82;14.0;185;35.0;38.4;30.9;1.0;46667.22
1;2025-08-08;30.7;35.2;27.1;0.20;0.20;7.0;79;51;43200.00;16.2;183;37.1;42.5;33.9;1.0;46610.74
1;2025-08-09;31.3;35.7;27.7;0.10;0.10;7.6;76;51;43200.00;15.0;179;37.7;42.9;33.8;1.0;46553.71
1;2025-08-10;30.9;34.3;28.3;1.40;1.40;4.9;80;53;43200.00;14.1;150;37.8;42.7;35.1;5.0;46496.18
1;2025-08-11;30.0;33.6;26.2;0.50;0.50;0.7;82;51;43200.00;16.0;143;36.8;41.5;33.1;3.0;46438.20
1;2025-08-12;29.6;32.8;26.0;2.00;2.00;1.4;83;55;43200.00;14.0;165;36.2;40.7;31.6;9.0;46379.82
1;2025-08-13;28.7;32.8;25.1;5.00;5.00;0.3;85;61;42248.36;6.9;181;35.7;41.8;31.1;8.0;46321.09
1;2025-08-14;29.3;33.3;26.4;3.20;3.20;1.5;84;61;36304.55;10.1;186;36.2;42.0;32.7;5.0;46262.05
1;2025-08-15;26.8;29.0;24.7;4.20;4.20;0.7;90;53;9577.32;13.7;103;32.4;35.1;30.6;11.0;46202.75
1;2025-08-16;25.7;29.2;23.7;19.70;19.70;2.3;91;63;14725.74;11.6;12;30.9;36.4;28.5;24.0;46142.78
1;2025-08-17;26.3;29.6;24.5;21.80;21.80;2.7;90;65;1908.95;18.6;344;31.0;35.3;27.9;17.0;46082.01
1;2025-08-18;26.0;28.9;24.2;13.30;13.30;6.9;90;61;7200.00;18.5;337;30.3;33.0;27.2;13.0;46020.48
1;2025-08-19;26.2;28.6;24.3;18.20;18.20;6.9;91;63;3600.00;13.7;211;31.3;33.6;29.1;15.0;45958.26
1;2025-08-20;28.9;32.0;26.3;0.00;0.00;6.1;85;3;34526.72;19.2;174;34.5;37.4;32.3;0.0;45895.39
1;2025-08-21;28.4;30.7;26.2;5.60;5.60;8.2;88;61;7114.37;18.2;175;34.0;35.8;31.6;8.0;45831.92
1;2025-08-22;28.8;31.6;26.7;0.60;0.60;6.1;82;51;41085.09;17.3;168;33.9;36.1;32.1;5.0;45767.92
1;2025-08-23;27.6;30.7;25.2;8.90;8.90;2.7;87;63;40612.05;15.8;152;34.0;38.9;30.3;12.0;45703.44
1;2025-08-24;26.9;31.1;25.0;14.30;14.30;3.5;90;63;21347.64;17.0;350;32.2;36.9;29.1;8.0;45638.51
1;2025-08-25;25.1;26.2;24.1;66.10;66.10;19.1;91;63;0.00;32.5;23;26.9;28.5;25.6;21.0;45573.19
1;2025-08-26;25.5;27.1;24.1;65.20;65.20;0.9;93;63;2958.35;22.0;94;29.5;31.7;27.8;23.0;45507.54
1;2025-08-27;25.2;27.8;23.3;18.60;18.60;1.7;93;63;214.18;9.4;21;30.4;33.3;27.6;18.0;45441.59
1;2025-08-28;26.0;29.2;23.4;3.20;3.20;1.0;92;53;22829.49;8.4;304;32.0;36.0;28.3;10.0;45375.40
1;2025-08-29;26.4;29.8;24.5;24.00;24.00;3.2;90;65;31782.90;17.8;1;31.5;35.5;29.6;14.0;45309.01
1;2025-08-30;26.1;30.0;24.5;50.80;50.80;8.2;90;65;17261.72;25.6;13;29.7;34.0;27.5;18.0;45242.48
1;2025-08-31;25.9;28.8;23.9;15.10;15.10;2.7;93;65;9963.77;10.6;33;31.4;35.2;28.4;17.0;45175.83
1;2025-09-01;26.2;29.4;24.1;20.60;20.60;0.4;91;63;15032.61;11.8;45;32.0;36.5;28.9;18.0;45109.12
1;2025-09-02;27.1;30.5;24.0;2.40;2.40;1.8;89;53;42278.93;11.8;134;33.3;38.9;29.7;8.0;45042.40
1;2025-09-03;28.2;31.7;25.2;0.40;0.40;3.9;85;51;43200.00;13.7;167;34.3;40.0;31.0;4.0;44975.71
1;2025-09-04;28.5;32.4;24.9;0.40;0.40;4.2;83;51;43200.00;11.2;177;34.6;39.4;30.7;3.0;44909.07
1;2025-09-05;28.9;32.7;25.2;0.00;0.00;3.0;83;3;43200.00;11.3;169;35.4;41.1;31.4;0.0;44842.10
1;2025-09-06;28.7;32.5;25.8;1.50;1.50;1.1;84;53;42878.13;11.9;130;35.4;41.1;32.0;4.0;44774.62
1;2025-09-07;29.1;33.0;25.0;0.00;0.00;0.0;78;3;42242.80;8.0;140;35.5;40.5;31.5;0.0;44706.69
1;2025-09-08;29.7;33.9;25.4;0.00;0.00;1.8;76;3;42228.63;12.7;184;35.8;41.7;30.6;0.0;44638.35
1;2025-09-09;28.4;32.0;25.4;6.80;6.80;0.7;87;63;13236.10;9.0;193;35.1;39.7;31.8;7.0;44569.65
1;2025-09-10;28.2;31.3;25.2;0.30;0.30;0.6;85;51;36600.61;11.7;175;34.3;37.4;31.6;2.0;44500.64
1;2025-09-11;27.6;31.0;24.9;29.20;29.20;3.1;88;63;32078.99;11.1;162;33.5;37.2;30.0;20.0;44431.36
1;2025-09-12;27.3;30.7;24.7;6.40;6.40;0.4;90;63;38733.66;15.4;163;33.5;37.7;30.4;12.0;44361.85
1;2025-09-13;28.1;31.7;25.0;0.30;0.30;0.6;85;51;43024.53;11.8;157;34.3;39.4;31.0;2.0;44292.17
1;2025-09-14;27.4;30.4;24.9;6.50;6.50;1.1;86;63;40867.08;12.0;140;33.4;36.8;30.3;7.0;44222.36
1;2025-09-15;26.6;30.2;24.1;16.20;16.20;0.6;89;65;27667.42;14.0;143;32.4;37.2;29.5;10.0;44152.45
1;2025-09-16;27.5;31.0;24.4;0.60;0.60;0.5;84;51;41111.50;11.4;143;33.6;38.6;30.3;5.0;44082.50
1;2025-09-17;26.4;29.3;24.5;21.90;21.90;1.1;90;65;17989.79;11.7;53;32.2;36.1;29.1;13.0;44012.54
1;2025-09-18;26.1;28.8;23.5;22.00;22.00;1.9;91;65;20006.85;11.8;7;31.6;34.9;27.9;16.0;43942.62
1;2025-09-19;27.1;30.5;23.8;6.30;6.30;2.5;89;63;39453.09;10.6;14;33.0;36.9;28.6;11.0;43872.79
1;2025-09-20;28.8;33.1;24.5;0.00;0.00;0.0;80;3;42260.95;10.8;174;35.0;41.0;30.5;0.0;43803.08
1;2025-09-21;28.5;32.9;25.3;2.70;2.70;2.5;83;55;40815.13;13.6;118;34.8;40.4;31.5;7.0;43733.53
1;2025-09-22;27.0;29.7;24.5;8.10;8.10;0.7;87;63;30767.76;11.5;63;32.5;35.7;29.2;12.0;43664.19
1;2025-09-23;28.0;32.0;24.4;0.20;0.20;0.6;81;51;40632.39;14.2;336;33.2;37.5;28.3;2.0;43595.12
1;2025-09-24;29.0;32.5;25.2;0.20;0.20;7.3;70;51;40651.85;25.4;336;32.2;35.4;28.1;1.0;43526.32
1;2025-09-25;26.6;28.3;25.1;4.90;4.90;8.2;77;61;14429.91;22.3;341;29.6;30.9;28.5;5.0;43457.38
1;2025-09-26;25.9;29.8;24.0;11.60;11.60;6.2;88;63;22514.20;13.6;12;30.4;34.4;27.7;12.0;43388.15
1;2025-09-27;26.3;30.4;23.3;26.00;26.00;4.9;89;63;24730.03;16.3;351;31.4;37.3;27.5;19.0;43318.66
1;2025-09-28;25.9;29.2;24.0;39.80;39.80;13.4;89;65;17590.45;24.6;10;29.0;33.5;25.7;19.0;43248.96
1;2025-09-29;25.3;26.3;23.8;96.70;96.70;14.7;92;65;0.00;36.8;94;27.6;30.0;25.7;24.0;43179.10
1;2025-09-30;25.6;27.7;23.8;63.60;63.60;3.0;93;65;0.00;17.3;156;30.4;32.7;28.4;23.0;43109.12
1;2025-10-01;26.5;29.3;23.9;7.20;7.20;1.8;90;63;30503.98;10.7;163;32.2;35.1;28.6;7.0;43039.08
1;2025-10-02;27.4;31.3;23.8;0.80;0.80;2.9;82;51;40138.83;10.3;172;32.6;37.3;29.2;6.0;42969.01
1;2025-10-03;27.3;32.3;23.0;0.00;0.00;1.8;83;3;40413.40;13.5;151;32.6;38.2;27.9;0.0;42898.98
1;2025-10-04;27.6;31.2;24.9;2.80;2.80;0.3;87;61;39948.67;8.4;97;33.9;38.6;30.9;5.0;42829.01
1;2025-10-05;28.3;32.4;24.8;0.10;0.10;3.5;85;51;34359.01;18.3;313;34.0;38.9;30.2;1.0;42759.15
1;2025-10-06;25.6;27.7;24.0;65.40;65.40;0.6;92;65;0.00;16.8;212;30.5;32.8;28.4;23.0;42689.48
1;2025-10-07;25.4;27.7;23.7;89.70;89.70;1.5;93;65;0.00;14.7;155;30.5;33.1;28.3;23.0;42620.00
1;2025-10-08;25.9;28.4;23.7;0.90;0.90;2.1;88;51;8183.05;8.1;17;31.1;33.8;28.0;6.0;42550.80
1;2025-10-09;26.7;30.3;23.6;0.80;0.80;0.8;87;51;35270.37;8.8;22;32.3;36.8;28.4;6.0;42481.90
1;2025-10-10;27.3;31.0;23.8;0.30;0.30;0.6;83;51;39616.97;9.0;57;32.7;37.2;29.1;2.0;42413.37
1;2025-10-11;26.4;29.4;23.8;6.60;6.60;0.4;88;63;24133.73;8.6;46;32.2;35.0;28.9;8.0;42345.23
1;2025-10-12;27.2;30.7;24.5;0.60;0.60;0.8;87;51;37282.31;7.4;94;33.3;37.3;30.3;2.0;42277.56
1;2025-10-13;26.2;29.7;24.7;15.00;15.00;0.4;90;63;20337.38;14.7;73;31.8;34.9;29.9;10.0;42210.40
1;2025-10-14;25.4;28.7;23.8;47.90;47.90;0.0;91;65;7751.22;14.5;70;30.4;33.0;27.9;21.0;42143.79
1;2025-10-15;25.4;29.3;23.2;12.20;12.20;1.9;90;63;18115.73;10.0;97;30.6;34.4;28.3;9.0;42077.26
1;2025-10-16;26.3;30.7;22.8;10.00;10.00;2.3;85;63;35718.81;12.6;53;31.2;37.1;26.7;10.0;42010.63
1;2025-10-17;27.1;31.3;24.1;0.50;0.50;0.7;82;51;37237.79;10.3;27;32.0;36.0;28.8;4.0;41943.97
1;2025-10-18;27.2;30.7;24.2;0.30;0.30;1.3;81;51;38591.72;9.6;33;32.2;36.1;28.5;2.0;41877.32
1;2025-10-19;26.2;30.4;23.5;8.60;8.60;3.1;86;63;36928.67;18.6;352;30.9;36.1;26.7;5.0;41810.73
1;2025-10-20;26.1;29.6;23.6;0.30;0.30;11.1;73;51;39600.00;18.9;5;28.1;32.1;24.4;2.0;41744.27
1;2025-10-21;24.3;26.8;21.6;0.00;0.00;13.7;60;3;39600.00;24.3;10;23.7;26.8;20.1;0.0;41677.99
1;2025-10-22;22.2;24.0;20.4;0.40;0.40;14.4;56;51;26546.07;26.5;9;20.3;22.6;17.8;2.0;41611.95
1;2025-10-23;19.6;21.4;18.0;2.10;2.10;15.3;67;55;0.00;23.8;1;17.8;19.3;16.4;6.0;41546.20
1;2025-10-24;20.0;21.5;18.0;0.70;0.70;11.9;76;53;0.00;18.1;346;19.6;21.1;17.3;2.0;41480.80
1;2025-10-25;22.3;25.6;20.0;0.00;0.00;9.1;72;3;20380.59;15.4;342;22.9;26.4;20.1;0.0;41415.81
1;2025-10-26;23.9;27.3;21.1;0.00;0.00;4.2;71;3;32397.52;15.5;357;25.2;29.1;21.6;0.0;41351.29
1;2025-10-27;23.6;27.0;21.6;0.00;0.00;4.5;67;3;14870.33;17.1;356;24.4;27.7;21.1;0.0;41287.31
1;2025-10-28;23.8;26.5;22.0;0.60;0.60;3.1;69;51;11805.21;16.6;5;25.3;27.0;22.5;2.0;41223.91
1;2025-10-29;23.8;27.2;19.8;0.00;0.00;0.2;72;3;31353.56;11.2;2;25.9;30.1;21.1;0.0;41161.17
1;2025-10-30;23.9;25.2;22.4;6.90;6.90;4.6;85;61;0.00;15.5;1;26.6;27.7;24.7;13.0;41099.15
1;2025-10-31;23.3;24.7;22.3;2.30;2.30;8.8;85;53;0.00;17.6;357;25.6;26.9;24.1;9.0;41037.91
1;2025-11-01;21.3;22.6;20.4;4.00;4.00;11.0;85;53;977.06;19.7;350;22.4;24.8;21.1;11.0;40977.52
1;2025-11-02;20.8;21.8;19.4;1.10;1.10;11.6;80;53;0.00;19.0;347;20.9;21.8;19.7;4.0;40918.04
1;2025-11-03;19.5;20.4;17.9;6.80;6.80;16.6;81;61;0.00;21.6;353;18.8;20.1;17.1;13.0;40859.53
1;2025-11-04;18.6;19.9;17.4;14.70;14.70;7.9;84;63;0.00;22.2;353;18.3;21.0;16.2;17.0;40801.50
1;2025-11-05;20.5;22.3;18.6;3.10;3.10;2.5;82;61;167.96;12.9;358;21.8;24.1;19.1;4.0;40743.76
1;2025-11-06;22.1;24.7;20.1;0.00;0.00;0.7;86;3;1112.29;7.3;0;25.0;28.0;22.5;0.0;40686.37
1;2025-11-07;23.2;25.3;21.0;13.00;13.00;8.3;91;63;0.00;19.1;346;26.0;28.1;23.4;15.0;40629.39
1;2025-11-08;25.2;28.4;22.8;16.30;16.30;4.2;91;63;19841.87;17.4;95;29.5;33.1;26.5;18.0;40572.89
1;2025-11-09;24.9;28.3;22.9;22.30;22.30;1.0;91;63;15463.76;13.2;99;29.8;33.0;27.3;17.0;40516.92
1;2025-11-10;25.0;28.0;22.9;0.10;0.10;1.5;83;51;14216.30;12.3;84;28.8;31.8;26.7;1.0;40461.55
1;2025-11-11;23.0;24.0;22.3;0.00;0.00;2.7;78;3;0.00;11.5;1;25.3;27.7;23.7;0.0;40406.85
1;2025-11-12;22.1;24.9;20.5;0.10;0.10;5.2;68;51;28052.25;16.4;353;22.5;25.0;20.3;1.0;40352.87
1;2025-11-13;22.0;25.9;19.6;0.00;0.00;0.8;64;3;29745.83;17.2;359;22.3;25.6;20.4;0.0;40299.69
1;2025-11-14;20.9;26.2;16.6;0.00;0.00;2.5;70;1;39085.95;12.7;354;21.6;25.8;17.7;0.0;40247.37
1;2025-11-15;21.5;27.0;16.5;0.00;0.00;1.2;75;2;39050.25;13.5;350;22.8;28.2;17.1;0.0;40195.99
1;2025-11-16;22.8;25.5;20.7;0.40;0.40;6.3;76;51;8638.41;16.2;340;24.1;27.0;21.9;2.0;40145.61
1;2025-11-17;23.0;26.5;21.2;2.60;2.60;8.8;85;53;11352.73;12.5;345;25.4;28.5;23.2;5.0;40096.30
1;2025-11-18;18.9;22.0;13.5;9.30;9.30;10.6;88;55;0.00;25.1;6;18.8;24.5;10.3;22.0;40048.13
1;2025-11-19;14.4;16.7;12.0;4.60;4.60;9.4;71;53;16844.84;25.4;359;11.3;13.6;8.6;10.0;40001.18
1;2025-11-20;17.2;21.5;13.4;0.00;0.00;5.9;60;3;38551.10;18.9;355;15.3;19.0;11.1;0.0;39955.51
1;2025-11-21;18.6;23.5;14.4;0.00;0.00;6.5;57;2;38575.48;20.0;0;16.8;21.9;12.4;0.0;39911.20
1;2025-11-22;19.2;24.1;14.1;0.00;0.00;2.8;61;3;38066.67;11.7;8;18.4;23.1;13.0;0.0;39868.34
1;2025-11-23;20.1;25.2;15.6;0.00;0.00;0.4;68;2;38089.92;11.7;352;20.6;26.0;15.7;0.0;39826.96
1;2025-11-24;20.4;25.8;16.0;0.00;0.00;0.6;67;3;37044.18;18.1;354;19.9;24.7;15.7;0.0;39786.68
1;2025-11-25;19.6;24.2;16.0;0.00;0.00;5.8;58;3;38136.70;23.0;358;17.9;22.3;14.3;0.0;39747.33
1;2025-11-26;17.6;23.6;13.1;0.00;0.00;5.2;65;3;38428.32;13.4;351;16.6;22.9;11.7;0.0;39708.96
1;2025-11-27;18.3;24.0;14.6;0.00;0.00;8.8;52;3;38452.45;27.1;1;15.5;20.5;11.6;0.0;39671.61
1;2025-11-28;17.4;23.9;13.0;0.00;0.00;0.6;58;3;37670.68;18.0;343;15.7;22.0;10.1;0.0;39635.34
1;2025-11-29;17.4;23.6;11.5;0.00;0.00;0.7;66;3;37962.89;8.0;343;17.1;24.0;10.5;0.0;39600.18
1;2025-11-30;20.2;25.4;15.8;0.00;0.00;0.2;74;3;36639.88;8.9;8;21.3;26.7;16.0;0.0;39566.20
1;2025-12-01;21.2;25.1;18.5;0.20;0.20;2.4;85;51;21214.28;16.0;356;23.0;27.2;20.9;2.0;39533.45
1;2025-12-02;22.8;27.6;19.0;0.00;0.00;1.2;84;3;26632.08;10.6;146;25.8;30.2;21.4;0.0;39501.96
1;2025-12-03;21.4;24.0;20.0;5.30;5.30;1.5;85;61;4415.77;15.5;19;23.3;26.3;20.6;13.0;39471.80
1;2025-12-04;20.7;24.7;17.5;0.00;0.00;3.4;72;3;23204.44;13.2;46;21.5;26.1;18.5;0.0;39443.02
1;2025-12-05;20.4;22.0;18.7;1.00;1.00;3.6;79;51;0.00;12.0;353;21.5;23.6;19.7;5.0;39415.65
1;2025-12-06;20.4;24.2;17.8;0.00;0.00;3.4;75;3;18987.56;11.8;71;21.3;25.3;18.5;0.0;39389.76
1;2025-12-07;20.7;25.4;17.5;0.60;0.60;0.7;86;51;23400.96;11.6;72;22.8;26.9;19.6;5.0;39365.39
1;2025-12-08;21.1;25.2;18.5;0.00;0.00;0.9;77;3;36000.00;12.8;16;22.4;26.1;19.6;0.0;39342.60
1;2025-12-09;20.2;25.9;16.0;0.10;0.10;0.9;77;51;35219.54;12.2;52;21.2;26.0;16.9;1.0;39321.43
1;2025-12-10;20.9;26.1;16.1;0.00;0.00;1.2;79;3;34387.26;12.4;67;22.5;27.1;17.5;0.0;39301.94
1;2025-12-11;21.3;22.9;20.2;0.20;0.20;0.6;80;51;341.78;12.4;359;23.3;23.9;22.6;1.0;39284.17
1;2025-12-12;22.3;25.2;20.1;0.20;0.20;0.3;81;51;9733.62;10.7;138;24.9;27.6;22.8;2.0;39268.18
1;2025-12-13;20.5;22.9;16.6;14.20;14.20;3.2;92;61;2225.53;25.9;8;22.0;26.1;15.5;22.0;39254.00
1;2025-12-14;16.9;19.3;14.4;0.90;0.90;2.0;66;51;14129.03;15.1;18;15.6;18.4;14.0;6.0;39241.49
1;2025-12-15;18.3;21.4;14.8;0.00;0.00;0.9;72;3;14063.23;8.8;73;18.4;21.7;14.7;0.0;39230.57
1;2025-12-16;19.6;22.8;16.1;0.00;0.00;0.6;82;3;15835.71;9.5;19;21.0;24.4;17.5;0.0;39221.25
1;2025-12-17;20.3;24.3;18.6;8.10;8.10;4.0;87;61;23596.63;14.2;2;21.9;25.8;19.8;15.0;39213.52
1;2025-12-18;20.3;25.0;17.2;0.00;0.00;2.6;78;3;36000.00;12.4;4;21.2;26.6;17.5;0.0;39207.38
1;2025-12-19;20.0;26.5;14.7;0.00;0.00;1.5;84;3;33544.23;13.8;146;21.8;28.0;16.0;0.0;39202.84
1;2025-12-20;21.7;25.6;19.3;0.90;0.90;1.5;86;51;26786.56;11.6;91;24.3;28.6;22.5;8.0;39199.89
1;2025-12-21;21.5;25.8;18.5;0.60;0.60;0.5;84;51;30357.21;17.5;355;23.4;27.7;19.7;5.0;39198.54
1;2025-12-22;21.8;25.9;18.7;1.10;1.10;0.8;83;51;36000.00;13.8;115;23.8;27.6;20.8;7.0;39198.78
1;2025-12-23;22.5;26.4;20.1;0.50;0.50;4.1;85;51;30975.78;16.8;161;24.8;27.8;22.6;5.0;39200.62
1;2025-12-24;22.9;27.1;19.7;1.40;1.40;1.5;85;51;34839.00;15.6;139;25.5;29.8;22.2;10.0;39204.04
1;2025-12-25;17.8;21.1;15.0;3.90;3.90;9.4;66;53;14420.31;24.5;11;15.7;22.7;11.8;11.0;39209.06
1;2025-12-26;16.7;20.2;13.6;0.00;0.00;2.2;54;3;36000.00;13.5;47;14.9;19.4;12.1;0.0;39215.65
1;2025-12-27;16.2;20.7;12.6;0.00;0.00;2.8;67;3;34756.17;12.5;1;15.3;19.4;11.4;0.0;39223.83
1;2025-12-28;17.5;21.7;13.4;0.00;0.00;1.1;71;3;17762.35;8.6;346;17.4;22.0;12.7;0.0;39233.58
1;2025-12-29;19.6;24.1;15.1;0.00;0.00;0.6;77;3;22712.41;12.7;129;20.3;24.7;16.0;0.0;39244.90
1;2025-12-30;21.0;25.1;18.1;1.00;1.00;2.8;78;51;31334.07;13.4;127;22.0;25.4;19.7;5.0;39257.79
1;2025-12-31;20.9;25.1;17.6;0.60;0.60;3.7;85;51;33758.10;15.8;154;22.4;25.8;19.6;6.0;39272.24
2;2020-01-01;23.1;24.8;21.9;5.20;5.20;13.4;90;51;31576.98;24.6;99;24.9;26.3;23.8;24.0;40186.86
2;2020-01-02;22.9;25.0;21.7;5.40;5.40;9.3;88;53;26392.73;15.2;94;25.3;27.1;23.9;23.0;40200.72
2;2020-01-03;23.1;25.3;21.2;0.60;0.60;6.4;85;51;33088.92;19.9;102;25.1;26.4;24.2;5.0;40215.79
2;2020-01-04;22.0;25.0;19.3;0.70;0.70;3.7;84;51;35703.02;21.7;112;23.9;26.7;21.2;5.0;40232.06
2;2020-01-05;22.2;25.4;19.1;0.70;0.70;3.4;83;53;36207.70;19.4;109;23.9;26.9;20.9;3.0;40249.51
2;2020-01-06;21.9;26.2;18.0;0.00;0.00;4.1;86;3;37503.75;14.0;120;24.2;29.0;18.9;0.0;40268.08
2;2020-01-07;22.7;27.0;17.9;0.00;0.00;1.5;87;3;36748.51;17.5;101;25.3;30.5;19.7;0.0;40287.76
2;2020-01-08;23.5;26.0;20.2;0.10;0.10;4.9;85;51;36754.58;18.3;101;26.1;28.3;23.0;1.0;40308.53
2;2020-01-09;23.4;25.9;21.1;0.30;0.30;5.1;84;51;36760.00;18.1;99;25.9;28.1;24.0;2.0;40330.35
2;2020-01-10;22.3;26.2;18.0;0.00;0.00;5.1;85;3;37969.53;16.3;106;24.7;28.8;20.0;0.0;40353.20
2;2020-01-11;22.6;26.3;19.7;0.40;0.40;3.3;87;51;36160.22;14.0;105;25.6;29.1;22.3;3.0;40377.04
2;2020-01-12;22.4;25.9;19.7;1.60;1.60;2.5;87;51;36119.37;13.5;98;25.2;29.0;23.0;12.0;40401.86
2;2020-01-13;22.3;25.6;19.8;0.70;0.70;3.7;85;51;36621.46;23.8;105;24.2;26.7;22.4;6.0;40427.63
2;2020-01-14;22.1;26.8;18.2;0.00;0.00;5.8;78;3;38680.24;24.9;116;23.1;28.1;19.8;0.0;40454.31
2;2020-01-15;22.0;26.9;18.5;0.00;0.00;6.1;80;0;38660.01;20.8;111;23.7;29.8;19.8;0.0;40482.20
2;2020-01-16;22.3;27.1;17.4;0.00;0.00;3.3;85;1;38898.50;14.6;106;24.9;31.2;19.1;0.0;40511.37
2;2020-01-17;23.0;26.7;19.7;0.00;0.00;1.5;84;3;37578.94;17.3;99;25.7;29.4;22.7;0.0;40541.78
2;2020-01-18;22.3;26.8;18.0;0.00;0.00;4.7;81;2;38594.17;20.7;108;24.0;29.1;19.8;0.0;40573.36
2;2020-01-19;22.2;26.5;18.0;0.00;0.00;6.0;80;1;38312.27;23.0;111;23.5;27.5;19.4;0.0;40606.06
2;2020-01-20;21.8;25.3;17.6;0.20;0.20;4.7;79;51;36997.60;22.3;114;22.8;26.1;18.9;2.0;40639.83
2;2020-01-21;22.2;26.6;18.0;0.00;0.00;5.8;76;3;38522.03;23.8;110;23.3;28.0;19.4;0.0;40674.61
2;2020-01-22;22.5;27.5;18.5;0.00;0.00;3.2;81;3;38754.11;18.7;107;24.9;31.2;20.0;0.0;40710.35
2;2020-01-23;23.2;28.3;18.8;0.00;0.00;1.5;86;3;38213.85;14.1;105;26.7;33.4;21.3;0.0;40746.99
2;2020-01-24;24.3;29.8;20.2;0.00;0.00;2.6;84;3;37161.59;20.6;103;27.3;33.4;23.3;0.0;40784.48
2;2020-01-25;24.2;29.1;20.4;0.00;0.00;4.3;83;3;37136.86;18.0;104;27.1;32.9;23.3;0.0;40822.77
2;2020-01-26;20.1;21.8;18.2;10.30;10.30;3.3;90;61;0.00;27.4;309;20.8;25.7;18.6;19.0;40861.81
2;2020-01-27;19.3;21.6;17.7;5.80;5.80;4.7;88;61;14370.65;17.1;292;20.5;22.4;18.8;19.0;40901.56
2;2020-01-28;19.3;21.5;17.7;12.60;12.60;3.5;92;61;5388.53;16.2;293;20.9;23.5;18.2;24.0;40941.94
2;2020-01-29;19.5;21.0;18.4;27.50;27.50;5.9;92;63;0.00;16.6;357;20.8;22.3;19.1;24.0;40982.92
2;2020-01-30;18.1;19.5;16.7;17.00;17.00;1.6;92;63;483.36;14.5;312;19.1;20.6;17.0;23.0;41024.44
2;2020-01-31;19.3;22.9;15.0;0.20;0.20;4.9;81;51;32362.64;19.9;118;19.5;22.8;15.6;2.0;41066.47
2;2020-02-01;20.2;24.2;16.0;0.10;0.10;6.4;78;51;39233.62;24.1;112;20.4;24.2;16.6;1.0;41108.95
2;2020-02-02;20.7;25.3;16.4;0.00;0.00;6.3;81;1;39759.58;20.4;114;21.8;28.0;17.0;0.0;41151.83
2;2020-02-03;21.4;26.2;17.4;0.00;0.00;6.5;84;2;40030.24;22.3;111;22.8;29.1;18.2;0.0;41195.08
2;2020-02-04;21.7;26.2;17.6;0.00;0.00;5.8;84;3;40298.94;22.0;104;23.4;29.1;18.8;0.0;41239.09
2;2020-02-05;21.5;25.4;18.2;0.10;0.10;4.0;82;51;32663.81;20.6;112;23.1;28.2;20.1;1.0;41283.98
2;2020-02-06;21.8;27.0;17.7;0.00;0.00;6.1;81;3;40328.22;17.3;113;23.5;29.9;18.8;0.0;41329.72
2;2020-02-07;21.2;25.8;16.6;0.00;0.00;1.5;85;3;39404.77;15.6;99;23.4;29.2;18.2;0.0;41376.24
2;2020-02-08;22.2;24.8;19.5;1.20;1.20;3.9;84;51;37008.99;21.5;101;23.8;26.0;21.8;8.0;41423.49
2;2020-02-09;21.9;24.3;20.5;4.00;4.00;11.6;81;53;38229.25;24.2;93;22.6;24.1;21.9;18.0;41471.40
2;2020-02-10;21.2;23.0;20.0;3.30;3.30;9.5;84;55;9993.25;19.2;104;22.3;23.3;20.9;9.0;41519.93
2;2020-02-11;22.3;25.7;19.4;0.80;0.80;5.5;89;51;32833.68;15.1;108;25.0;28.6;21.8;5.0;41569.03
2;2020-02-12;23.5;27.2;20.3;0.00;0.00;0.8;90;3;38132.45;13.9;107;27.4;31.7;23.0;0.0;41618.64
2;2020-02-13;24.9;28.8;21.7;0.10;0.10;1.8;90;51;39341.88;10.1;80;29.9;35.9;25.6;1.0;41668.71
2;2020-02-14;25.5;30.6;21.5;0.00;0.00;1.5;87;3;39554.97;12.7;102;30.4;37.1;24.8;0.0;41719.20
2;2020-02-15;26.0;33.4;21.5;0.00;0.00;0.7;83;0;40903.66;15.0;117;30.5;39.9;23.5;0.0;41770.04
2;2020-02-16;21.9;24.9;19.4;7.00;7.00;2.8;90;61;2552.97;27.6;314;23.7;29.9;19.3;17.0;41821.19
2;2020-02-17;19.1;20.7;16.9;12.90;12.90;9.2;91;55;0.00;17.2;312;19.9;21.0;16.7;24.0;41872.61
2;2020-02-18;18.9;20.6;16.7;13.00;13.00;2.1;91;61;0.00;14.7;231;20.4;22.8;16.5;23.0;41924.23
2;2020-02-19;21.2;23.9;19.3;4.30;4.30;3.0;86;53;36543.20;18.4;101;22.8;24.9;21.5;15.0;41976.02
2;2020-02-20;21.1;24.9;17.6;0.20;0.20;3.2;84;51;38999.99;20.6;110;22.6;26.4;19.6;2.0;42027.93
2;2020-02-21;21.2;24.0;18.6;2.30;2.30;3.7;85;53;35077.93;19.5;108;22.7;25.0;20.4;13.0;42079.92
2;2020-02-22;21.2;23.3;19.7;5.30;5.30;4.0;88;53;37965.81;17.9;96;23.2;24.7;22.3;22.0;42131.92
2;2020-02-23;20.6;24.3;18.0;1.00;1.00;4.3;87;51;39935.55;17.2;110;22.6;26.4;19.5;6.0;42183.92
2;2020-02-24;20.3;24.9;15.7;0.00;0.00;4.3;85;3;40912.70;15.5;111;22.0;28.2;16.4;0.0;42236.30
2;2020-02-25;20.6;25.1;15.3;0.00;0.00;4.6;86;2;41863.27;14.8;105;22.5;28.3;15.8;0.0;42289.21
2;2020-02-26;22.2;25.7;17.9;0.50;0.50;3.4;89;51;41092.36;18.8;98;24.8;28.9;19.7;4.0;42342.61
2;2020-02-27;22.5;26.0;18.8;0.50;0.50;3.6;87;53;41056.40;19.3;100;24.9;29.1;21.1;1.0;42396.45
2;2020-02-28;22.7;25.8;19.4;0.00;0.00;4.9;87;3;41263.54;20.5;101;25.1;28.6;21.4;0.0;42450.69
2;2020-02-29;23.0;27.1;18.4;0.00;0.00;1.8;89;3;41713.72;16.4;90;26.5;32.1;20.9;0.0;42505.28
2;2020-03-01;23.8;28.0;20.4;0.00;0.00;1.9;90;3;40152.69;14.5;99;28.2;34.0;23.8;0.0;42560.17
2;2020-03-02;23.9;28.6;20.2;0.00;0.00;3.1;89;3;41601.12;25.9;102;27.1;33.7;23.5;0.0;42615.34
2;2020-03-03;24.3;27.8;21.8;0.00;0.00;10.2;86;2;42245.65;24.0;97;26.9;31.1;24.6;0.0;42670.73
2;2020-03-04;24.4;27.1;22.2;2.30;2.30;8.9;87;53;40600.40;20.5;90;27.3;30.1;25.6;8.0;42726.30
2;2020-03-05;23.9;25.8;22.6;2.60;2.60;2.2;87;51;31342.65;15.8;75;27.0;27.9;26.0;18.0;42782.01
2;2020-03-06;22.9;25.6;20.5;1.20;1.20;1.8;89;51;29019.09;13.8;350;26.2;29.1;23.0;8.0;42837.82
2;2020-03-07;24.3;28.7;20.0;0.00;0.00;2.6;89;3;42469.21;13.3;102;28.7;35.1;23.2;0.0;42893.69
2;2020-03-08;26.3;32.2;21.0;0.00;0.00;3.7;86;3;42525.26;13.7;123;31.4;40.2;24.1;0.0;42949.58
2;2020-03-09;27.7;36.4;22.2;0.00;0.00;4.6;73;1;42581.28;13.5;170;31.9;41.7;24.2;0.0;43005.44
2;2020-03-10;25.2;29.7;21.4;1.70;1.70;2.4;81;51;38782.09;23.2;307;28.3;34.8;23.8;7.0;43061.23
2;2020-03-11;24.2;27.5;22.2;1.00;1.00;1.1;87;53;23618.89;12.8;309;27.8;31.3;24.8;6.0;43116.93
2;2020-03-12;26.0;30.5;21.7;0.00;0.00;2.6;87;3;42748.80;9.5;101;31.4;37.8;25.7;0.0;43172.47
2;2020-03-13;27.2;32.8;22.9;0.00;0.00;2.0;86;3;41243.96;13.6;96;33.0;40.1;27.8;0.0;43227.83
2;2020-03-14;25.5;27.5;23.8;2.00;2.00;3.7;89;51;30180.45;17.9;31;29.5;31.4;27.2;10.0;43282.98
2;2020-03-15;24.9;27.4;23.2;4.80;4.80;4.7;87;53;24173.55;15.5;68;28.9;31.7;27.5;13.0;43338.26
2;2020-03-16;25.5;29.5;21.9;0.20;0.20;4.1;85;51;42970.14;27.4;99;29.1;34.0;25.6;1.0;43393.83
2;2020-03-17;25.7;29.8;23.1;0.10;0.10;8.1;85;51;40848.29;23.3;100;29.2;34.5;26.9;1.0;43449.65
2;2020-03-18;25.8;29.1;23.2;0.00;0.00;4.7;82;3;39600.00;15.9;98;29.6;34.9;26.6;0.0;43505.69
2;2020-03-19;26.5;30.9;22.4;0.10;0.10;0.4;85;51;40643.77;10.6;92;32.1;38.4;26.8;1.0;43561.90
2;2020-03-20;26.0;28.9;24.0;0.70;0.70;1.5;89;51;36953.68;11.3;68;31.3;34.6;28.9;7.0;43618.25
2;2020-03-21;26.5;31.1;22.5;0.00;0.00;1.5;84;2;43043.50;12.1;93;31.5;38.5;27.0;0.0;43674.70
2;2020-03-22;26.7;31.6;22.4;0.00;0.00;1.6;82;1;43053.30;12.8;96;31.6;38.3;26.5;0.0;43731.22
2;2020-03-23;26.1;30.5;22.8;0.00;0.00;1.8;81;1;43062.96;16.8;94;30.4;36.8;26.9;0.0;43787.76
2;2020-03-24;25.6;29.8;21.3;0.00;0.00;3.9;81;2;43072.51;19.8;99;29.3;35.3;25.0;0.0;43844.30
2;2020-03-25;26.6;30.7;23.4;0.00;0.00;7.0;80;2;42663.88;21.6;99;30.3;35.7;27.2;0.0;43900.79
2;2020-03-26;27.5;31.8;23.1;0.00;0.00;3.1;80;3;43091.47;12.5;109;32.7;38.8;27.7;0.0;43957.19
2;2020-03-27;28.3;32.9;23.5;0.00;0.00;3.2;79;2;43100.94;13.7;105;33.8;40.4;28.5;0.0;44013.48
2;2020-03-28;28.2;33.6;24.0;0.00;0.00;1.1;80;3;43110.48;13.8;95;33.9;41.2;29.2;0.0;44069.60
2;2020-03-29;28.3;32.6;24.1;0.00;0.00;1.8;79;3;43120.10;14.5;91;33.7;40.2;29.1;0.0;44125.53
2;2020-03-30;29.0;33.9;24.5;0.00;0.00;3.8;78;2;43129.85;13.0;94;34.7;41.5;29.5;0.0;44181.22
2;2020-03-31;29.1;35.2;24.6;0.00;0.00;1.6;77;2;43139.78;16.3;97;34.6;42.5;29.0;0.0;44236.63
2;2020-04-01;27.3;31.2;25.6;0.40;0.40;6.5;83;51;25923.51;15.3;1;31.9;38.6;29.9;4.0;44291.73
2;2020-04-02;27.3;32.2;24.1;0.00;0.00;8.3;79;3;40228.54;24.1;100;31.1;36.8;27.7;0.0;44346.48
2;2020-04-03;27.5;31.5;23.9;0.00;0.00;1.8;78;3;43116.45;19.8;99;31.9;37.6;28.7;0.0;44400.83
2;2020-04-04;27.3;31.0;24.1;0.20;0.20;1.8;81;51;43181.48;24.1;96;31.4;35.6;29.2;2.0;44455.15
2;2020-04-05;26.3;30.1;23.8;3.20;3.20;2.9;83;53;41905.85;17.2;37;30.4;34.7;26.1;13.0;44509.55
2;2020-04-06;23.8;25.9;22.4;4.60;4.60;8.7;85;55;4072.05;22.2;296;26.2;27.7;24.5;11.0;44564.01
2;2020-04-07;23.7;25.5;22.6;4.00;4.00;8.7;87;53;5749.87;17.7;307;26.5;27.9;25.6;19.0;44618.48
2;2020-04-08;23.7;25.9;21.8;0.60;0.60;6.8;84;51;7240.14;19.6;310;26.3;28.7;24.6;6.0;44672.93
2;2020-04-09;24.2;26.5;22.5;2.40;2.40;1.9;88;51;14945.71;16.6;320;28.1;30.1;25.9;11.0;44727.33
2;2020-04-10;25.2;28.0;23.1;1.10;1.10;1.1;89;51;31640.94;17.7;86;29.4;32.7;27.8;6.0;44781.64
2;2020-04-11;26.1;30.3;22.1;0.00;0.00;2.9;87;3;35415.05;13.5;88;31.3;37.5;26.4;0.0;44835.82
2;2020-04-12;24.8;27.9;21.7;55.00;55.00;3.0;92;65;22943.52;19.7;24;29.1;33.1;23.0;14.0;44889.83
2;2020-04-13;22.2;24.0;20.5;22.70;22.70;2.3;83;65;1705.33;20.7;312;24.3;26.2;21.3;11.0;44943.63
2;2020-04-14;22.6;25.0;20.6;0.80;0.80;2.4;86;51;16775.12;12.2;312;25.3;27.5;22.7;7.0;44997.19
2;2020-04-15;23.8;27.0;20.6;0.40;0.40;2.3;87;51;41107.29;15.9;87;27.2;31.0;24.0;4.0;45050.47
2;2020-04-16;24.9;29.1;20.6;0.00;0.00;3.4;87;3;43200.00;14.9;105;29.2;36.2;23.7;0.0;45103.42
2;2020-04-17;26.0;30.3;22.2;0.00;0.00;1.0;87;3;38764.28;15.2;93;31.2;38.5;26.0;0.0;45156.01
2;2020-04-18;26.0;28.2;24.1;0.00;0.00;1.8;91;3;12828.40;11.2;120;31.4;34.1;29.5;0.0;45208.20
2;2020-04-19;27.3;32.4;23.0;0.00;0.00;2.3;85;3;43200.00;12.0;106;33.1;41.4;27.2;0.0;45259.94
2;2020-04-20;27.9;32.2;23.6;0.00;0.00;0.7;87;3;38692.67;11.0;91;34.3;41.4;28.6;0.0;45311.19
2;2020-04-21;28.5;33.7;24.7;0.00;0.00;1.1;84;3;40482.23;12.1;96;35.0;42.5;30.5;0.0;45361.90
2;2020-04-22;27.6;32.0;24.4;0.00;0.00;1.5;88;3;26400.98;10.2;61;33.9;41.1;29.2;0.0;45412.04
2;2020-04-23;26.8;29.5;24.5;0.20;0.20;4.1;87;51;38624.41;20.9;86;31.5;34.3;29.2;1.0;45461.56
2;2020-04-24;24.6;26.2;22.1;32.00;32.00;6.5;91;63;7243.49;24.9;0;28.4;31.6;23.1;22.0;45510.80
2;2020-04-25;22.4;23.6;21.1;128.50;128.50;8.8;94;65;4336.30;20.6;290;24.9;27.7;22.4;24.0;45559.88
2;2020-04-26;23.2;24.5;21.4;74.30;74.30;0.5;93;63;0.00;17.4;14;26.7;28.8;23.5;24.0;45608.74
2;2020-04-27;22.9;24.1;21.3;13.10;13.10;3.3;91;61;295.44;18.5;352;25.8;26.6;24.7;21.0;45657.37
2;2020-04-28;23.2;25.8;20.8;0.70;0.70;1.8;87;51;34804.92;13.4;24;26.6;29.4;23.9;5.0;45705.73
2;2020-04-29;24.3;27.7;20.1;0.30;0.30;4.0;87;51;43200.00;15.5;94;28.2;32.9;23.2;3.0;45753.76
2;2020-04-30;25.5;28.2;23.0;0.50;0.50;2.9;89;51;43200.00;14.3;80;30.4;34.6;27.5;4.0;45801.44
2;2020-05-01;26.1;29.6;23.1;0.00;0.00;3.8;88;2;43494.69;14.5;91;31.2;35.9;27.6;0.0;45848.72
2;2020-05-02;26.6;30.6;23.3;0.00;0.00;2.6;90;3;43481.48;12.6;95;32.6;38.8;27.9;0.0;45895.55
2;2020-05-03;27.7;32.0;24.3;0.00;0.00;0.8;89;3;41357.37;13.2;93;34.5;41.4;29.9;0.0;45941.90
2;2020-05-04;28.4;32.5;24.8;0.00;0.00;0.8;88;3;43456.23;10.8;86;35.5;42.5;30.5;0.0;45987.73
2;2020-05-05;28.6;32.5;25.2;0.00;0.00;0.4;88;3;43693.55;12.6;101;35.6;41.8;31.5;0.0;46032.99
2;2020-05-06;29.4;33.4;25.0;0.00;0.00;1.1;84;3;43182.45;10.8;106;36.6;43.2;30.9;0.0;46077.63
2;2020-05-07;29.6;34.1;25.5;0.00;0.00;1.1;83;3;43921.67;13.7;97;36.7;43.8;31.1;0.0;46121.61
2;2020-05-08;30.3;35.8;26.5;2.00;2.00;1.3;81;53;43661.21;14.8;110;37.5;45.6;33.1;4.0;46164.89
2;2020-05-09;30.4;34.4;27.1;0.10;0.10;3.0;81;51;43651.34;13.3;105;37.6;44.1;33.9;1.0;46207.42
2;2020-05-10;30.5;35.8;27.2;0.00;0.00;2.7;78;1;44144.47;14.6;112;37.2;44.6;32.7;0.0;46249.15
2;2020-05-11;29.2;33.5;25.8;0.00;0.00;1.8;85;3;43884.70;11.4;72;36.3;42.2;32.5;0.0;46290.03
2;2020-05-12;28.3;31.2;26.0;0.00;0.00;0.7;85;3;43200.00;12.5;78;34.8;38.6;32.6;0.0;46330.02
2;2020-05-13;28.3;31.4;25.3;0.00;0.00;1.8;85;2;43869.19;15.3;80;34.5;39.6;31.8;0.0;46369.08
2;2020-05-14;28.3;31.0;25.4;0.50;0.50;2.4;84;51;44114.95;12.8;96;34.4;37.9;31.4;3.0;46407.48
2;2020-05-15;29.2;33.2;25.5;0.00;0.00;2.3;82;3;43349.51;12.9;96;35.6;41.2;31.5;0.0;46445.32
2;2020-05-16;29.5;33.6;25.5;0.00;0.00;1.5;78;3;44356.65;12.7;90;35.7;42.0;31.4;0.0;46482.59
2;2020-05-17;29.8;34.2;26.0;0.10;0.10;1.0;80;51;44351.82;11.0;112;36.6;43.4;32.2;1.0;46519.24
2;2020-05-18;29.3;33.4;25.9;0.10;0.10;1.8;77;51;38899.77;11.9;122;35.3;40.5;31.1;1.0;46555.23
2;2020-05-19;30.0;34.5;26.2;1.50;1.50;2.3;78;55;44343.54;9.4;186;36.7;41.9;32.1;2.0;46590.54
2;2020-05-20;30.2;34.9;26.6;0.20;0.20;2.9;75;51;43183.42;11.1;172;36.4;43.0;31.4;2.0;46625.12
2;2020-05-21;31.8;38.2;26.7;0.10;0.10;2.9;69;51;41052.92;11.3;192;37.8;45.1;32.2;1.0;46658.93
2;2020-05-22;32.6;37.6;28.6;0.00;0.00;0.5;65;3;39600.00;13.0;203;38.4;43.8;33.2;0.0;46691.94
2;2020-05-23;30.1;34.0;27.3;6.40;6.40;3.6;79;61;39811.14;11.1;177;37.0;43.2;33.1;8.0;46724.11
2;2020-05-24;29.1;32.5;26.7;0.60;0.60;0.4;87;53;41257.15;11.2;115;36.3;41.1;33.7;1.0;46755.40
2;2020-05-25;29.8;34.1;25.7;0.20;0.20;1.8;82;51;42952.65;11.2;148;37.1;43.0;32.0;1.0;46785.78
2;2020-05-26;29.9;33.6;26.6;0.00;0.00;1.6;78;3;37721.16;12.1;151;36.5;42.1;32.3;0.0;46815.20
2;2020-05-27;28.5;31.5;26.1;13.00;13.00;1.6;86;63;40726.70;6.2;154;35.4;39.5;32.8;13.0;46843.63
2;2020-05-28;27.1;29.5;25.0;4.90;4.90;0.8;90;61;18934.28;10.5;120;33.4;35.7;31.0;14.0;46871.03
2;2020-05-29;28.4;31.6;25.3;6.60;6.60;1.8;87;63;44326.09;6.8;148;35.4;40.3;31.3;6.0;46897.35
2;2020-05-30;29.3;33.8;25.7;0.10;0.10;1.9;80;51;44068.19;14.6;136;35.8;41.5;31.0;1.0;46922.56
2;2020-05-31;29.2;32.9;25.8;0.00;0.00;3.2;81;3;44585.20;13.3;139;35.7;41.8;31.7;0.0;46946.62
2;2020-06-01;28.9;33.7;26.0;0.40;0.40;2.2;79;51;28800.00;9.5;163;34.9;41.2;32.0;2.0;46969.48
2;2020-06-02;28.5;32.9;25.9;36.00;36.00;3.6;84;65;34799.68;11.2;156;35.0;40.8;31.7;6.0;46991.12
2;2020-06-03;28.6;32.5;24.4;5.30;5.30;4.1;81;63;44848.39;10.8;127;34.7;39.3;29.3;2.0;47011.69
2;2020-06-04;29.1;32.9;25.2;0.50;0.50;2.6;81;53;44850.83;13.0;136;35.5;40.3;30.6;1.0;47031.27
2;2020-06-05;29.7;34.1;25.4;0.10;0.10;2.3;77;51;43131.97;9.0;163;36.0;41.3;30.2;1.0;47049.83
2;2020-06-06;29.9;34.2;25.7;0.00;0.00;0.7;76;3;44597.23;11.3;148;36.2;42.6;31.0;0.0;47067.35
2;2020-06-07;30.7;36.3;25.8;0.00;0.00;4.1;71;3;44860.71;13.0;169;36.6;43.1;30.6;0.0;47083.83
2;2020-06-08;30.9;36.3;26.0;0.00;0.00;4.1;67;3;44604.60;15.3;176;36.0;42.4;30.4;0.0;47099.25
2;2020-06-09;30.6;35.1;26.3;0.60;0.60;3.3;71;51;44608.83;16.6;121;36.2;41.7;31.6;3.0;47113.59
2;2020-06-10;30.2;34.3;26.4;0.20;0.20;3.0;73;51;43571.35;13.3;121;36.1;41.3;31.7;1.0;47126.85
2;2020-06-11;29.8;33.7;26.0;0.50;0.50;1.5;76;51;43836.22;13.3;110;36.1;40.9;31.9;2.0;47138.99
2;2020-06-12;30.5;35.1;26.0;0.00;0.00;3.3;72;2;44884.05;18.7;118;36.3;42.5;32.0;0.0;47150.02
2;2020-06-13;31.0;35.0;26.6;0.90;0.90;1.5;69;53;43691.19;10.6;153;36.8;42.1;32.1;1.0;47159.91
2;2020-06-14;30.2;33.8;27.1;0.90;0.90;1.3;71;51;34083.18;13.5;144;35.6;39.5;32.4;5.0;47168.65
2;2020-06-15;28.9;32.1;26.2;5.40;5.40;2.5;78;63;22665.08;10.7;137;34.6;37.7;32.0;7.0;47176.24
2;2020-06-16;28.4;30.6;26.5;3.00;3.00;2.0;80;61;16288.25;9.1;142;34.2;36.6;30.9;3.0;47182.64
2;2020-06-17;28.9;32.3;25.7;1.60;1.60;0.0;77;55;31189.09;10.6;188;34.5;37.8;31.6;4.0;47187.87
2;2020-06-18;29.5;34.6;25.1;0.70;0.70;2.5;70;51;43612.03;13.3;132;34.3;40.3;29.4;5.0;47191.89
2;2020-06-19;29.9;34.2;26.0;0.10;0.10;3.1;73;51;44401.97;18.7;111;35.3;40.2;31.5;1.0;47194.70
2;2020-06-20;30.4;34.0;26.1;0.60;0.60;2.7;71;51;44407.96;13.3;98;36.0;39.9;31.9;4.0;47196.29
2;2020-06-21;31.3;36.0;26.5;0.30;0.30;1.5;66;51;44413.94;14.1;131;36.7;42.9;32.2;1.0;47196.65
2;2020-06-22;31.6;36.3;26.8;0.00;0.00;1.1;62;2;44681.29;18.8;128;36.4;42.5;31.7;0.0;47195.77
2;2020-06-23;32.0;36.3;27.5;0.00;0.00;0.5;64;3;44425.98;13.6;115;37.4;42.8;32.8;0.0;47193.61
2;2020-06-24;32.7;37.7;27.7;0.10;0.10;1.6;61;51;44432.37;20.1;121;37.8;44.6;32.9;1.0;47190.19
2;2020-06-25;32.3;38.3;28.1;1.20;1.20;2.4;63;55;44177.77;22.4;134;37.3;44.2;33.0;1.0;47185.52
2;2020-06-26;31.1;35.6;26.8;1.20;1.20;0.4;67;55;44445.97;16.8;140;36.3;41.8;32.3;2.0;47179.62
2;2020-06-27;30.6;34.9;26.9;1.00;1.00;1.1;67;53;44453.11;15.9;122;35.9;41.1;32.1;2.0;47172.50
2;2020-06-28;30.4;35.0;25.6;0.00;0.00;0.8;66;3;44199.38;19.5;103;35.1;41.1;30.7;0.0;47164.19
2;2020-06-29;30.1;34.8;26.8;1.20;1.20;1.8;73;53;44206.97;15.9;149;36.0;42.2;32.5;3.0;47154.70
2;2020-06-30;31.2;36.9;26.4;0.00;0.00;2.6;63;3;43027.09;10.5;204;35.9;42.3;30.8;0.0;47144.05
2;2020-07-01;30.8;34.8;27.6;0.20;0.20;1.4;63;51;38021.35;9.2;217;35.4;39.9;32.0;1.0;47132.26
2;2020-07-02;29.6;34.0;27.0;4.30;4.30;0.4;74;61;43200.00;14.3;161;35.1;41.2;32.6;8.0;47119.35
2;2020-07-03;28.4;32.2;26.0;5.20;5.20;1.3;82;61;34463.08;14.0;105;34.6;39.5;32.5;9.0;47105.33
2;2020-07-04;28.5;32.7;25.8;5.10;5.10;1.8;81;61;43205.45;12.1;141;34.6;39.9;32.4;4.0;47090.24
2;2020-07-05;29.1;32.7;25.2;1.00;1.00;1.0;76;51;43994.32;15.3;105;34.7;39.2;30.6;6.0;47074.08
2;2020-07-06;29.9;33.7;25.5;0.10;0.10;0.4;74;51;44002.46;14.9;112;35.6;40.5;31.4;1.0;47056.89
2;2020-07-07;30.3;34.3;25.7;0.50;0.50;0.8;72;51;44010.48;11.8;122;36.3;41.6;31.1;3.0;47038.67
2;2020-07-08;31.1;35.7;26.3;0.20;0.20;1.9;70;51;44018.46;14.6;128;37.0;42.7;31.2;1.0;47019.45
2;2020-07-09;32.2;37.5;27.0;0.00;0.00;3.4;60;3;43200.00;23.2;147;36.8;44.1;31.6;0.0;46999.25
2;2020-07-10;32.4;38.1;26.9;0.00;0.00;3.3;59;3;44033.93;16.5;152;37.3;43.5;31.3;0.0;46978.09
2;2020-07-11;31.7;36.8;27.8;0.80;0.80;3.2;62;53;43782.69;23.4;116;36.1;42.6;32.2;1.0;46955.99
2;2020-07-12;30.7;35.5;26.7;1.90;1.90;1.5;66;55;44048.70;19.2;103;35.7;41.4;31.4;4.0;46932.97
2;2020-07-13;30.4;34.6;26.2;0.00;0.00;3.1;69;2;43797.64;16.6;81;35.5;40.2;32.2;0.0;46908.83
2;2020-07-14;30.2;34.3;25.7;0.00;0.00;1.3;71;3;44063.10;14.4;65;35.5;40.0;31.9;0.0;46883.51
2;2020-07-15;29.9;34.6;26.1;2.00;2.00;1.6;71;61;43812.68;11.9;137;35.2;40.7;31.4;4.0;46857.06
2;2020-07-16;30.2;35.0;25.3;0.20;0.20;1.5;70;51;43820.26;16.1;84;35.5;41.2;31.1;2.0;46829.51
2;2020-07-17;30.6;34.9;25.8;0.00;0.00;2.3;66;2;43827.82;17.7;112;35.5;40.7;30.7;0.0;46800.90
2;2020-07-18;31.3;35.9;26.8;0.00;0.00;1.3;67;3;43578.66;17.6;128;36.6;42.7;32.7;0.0;46771.28
2;2020-07-19;31.7;37.0;27.1;0.00;0.00;2.2;62;3;43586.56;15.5;143;36.6;43.1;31.9;0.0;46740.69
2;2020-07-20;31.2;35.8;27.0;0.40;0.40;1.8;65;51;42563.09;16.4;110;36.3;40.4;32.7;3.0;46709.17
2;2020-07-21;30.4;34.6;27.0;0.30;0.30;0.8;71;51;43200.00;22.3;97;35.4;40.6;32.4;3.0;46676.76
2;2020-07-22;29.9;33.8;26.9;0.40;0.40;1.3;72;51;43354.59;16.5;88;35.3;38.7;33.0;3.0;46643.50
2;2020-07-23;30.1;34.2;26.5;1.20;1.20;1.1;71;53;43362.61;12.9;99;35.6;40.4;32.3;2.0;46609.44
2;2020-07-24;30.0;34.3;25.3;1.10;1.10;3.6;67;51;43625.23;14.5;91;34.5;39.7;30.1;5.0;46574.61
2;2020-07-25;30.3;35.1;25.7;0.00;0.00;3.3;66;2;43378.36;15.0;91;34.8;40.7;30.2;0.0;46539.05
2;2020-07-26;30.9;35.4;26.5;0.30;0.30;0.5;66;51;43386.04;13.7;142;36.1;42.0;32.2;2.0;46502.80
2;2020-07-27;30.5;36.5;26.4;7.50;7.50;2.2;69;63;43393.58;12.1;169;35.8;42.0;31.5;7.0;46465.90
2;2020-07-28;29.4;33.9;26.3;3.20;3.20;2.2;76;63;43200.00;9.7;176;35.1;39.8;32.2;5.0;46428.39
2;2020-07-29;30.0;34.5;26.4;2.20;2.20;1.5;74;61;41827.49;13.5;133;35.9;41.5;32.2;7.0;46390.30
2;2020-07-30;29.9;34.1;26.1;0.30;0.30;1.1;73;51;43001.24;13.3;91;35.6;41.8;31.8;2.0;46351.68
2;2020-07-31;27.9;30.9;26.5;10.30;10.30;2.5;84;63;4264.66;16.2;294;33.2;34.6;31.3;8.0;46312.55
2;2020-08-01;26.4;27.7;25.5;27.60;27.60;1.6;91;63;0.00;10.2;205;32.2;34.5;30.5;23.0;46272.96
2;2020-08-02;28.4;32.8;25.6;11.30;11.30;1.0;84;61;27442.89;9.1;122;34.6;39.1;31.1;13.0;46232.60
2;2020-08-03;28.7;33.2;26.0;0.20;0.20;0.4;85;51;32784.02;11.4;116;35.3;42.4;31.7;1.0;46191.38
2;2020-08-04;29.0;32.5;26.2;0.60;0.60;1.8;81;51;38861.02;6.9;174;35.3;38.2;32.4;2.0;46149.34
2;2020-08-05;28.3;31.4;25.8;14.90;14.90;1.5;84;65;41707.70;9.2;151;34.7;38.9;31.4;8.0;46106.54
2;2020-08-06;28.3;31.3;25.6;1.00;1.00;2.6;84;51;42783.99;12.3;109;34.3;38.4;32.1;5.0;46063.01
2;2020-08-07;28.3;31.2;25.7;3.90;3.90;3.6;83;63;43214.86;16.6;115;34.1;38.4;31.3;6.0;46018.79
2;2020-08-08;28.3;31.6;25.2;0.20;0.20;0.8;83;51;43220.72;10.4;96;34.7;39.4;31.1;2.0;45973.95
2;2020-08-09;28.5;33.0;25.0;1.50;1.50;0.7;81;51;43226.46;13.4;178;34.6;41.5;30.4;6.0;45928.51
2;2020-08-10;29.7;35.1;25.4;0.40;0.40;3.4;77;51;43232.08;13.0;169;35.9;42.5;31.3;1.0;45882.53
2;2020-08-11;29.8;35.4;26.1;2.40;2.40;2.7;75;61;43200.00;14.1;158;35.7;43.4;31.4;2.0;45836.05
2;2020-08-12;28.6;33.7;25.4;15.30;15.30;1.3;80;63;41375.10;11.1;158;34.3;41.6;30.0;8.0;45789.10
2;2020-08-13;26.9;29.1;25.8;7.80;7.80;2.3;90;63;10784.97;12.7;118;32.8;34.4;31.1;8.0;45741.74
2;2020-08-14;27.1;28.8;25.4;1.10;1.10;2.7;88;53;0.00;11.2;120;33.0;34.3;31.7;6.0;45694.00
2;2020-08-15;27.4;31.4;24.9;8.20;8.20;0.7;85;63;29957.97;9.1;138;33.4;37.6;30.8;5.0;45645.92
2;2020-08-16;27.8;32.0;24.1;2.50;2.50;0.8;82;61;39600.00;10.9;148;33.6;39.3;29.4;4.0;45597.54
2;2020-08-17;27.7;32.2;25.0;19.00;19.00;1.8;83;63;39600.00;15.8;120;33.4;40.0;29.5;10.0;45548.91
2;2020-08-18;27.6;31.4;24.7;7.20;7.20;1.4;83;63;43200.00;11.9;133;33.2;37.7;30.3;11.0;45500.04
2;2020-08-19;28.0;31.8;25.8;9.60;9.60;1.1;84;63;43200.00;12.3;131;34.4;40.6;31.4;11.0;45451.00
2;2020-08-20;27.8;30.6;24.8;2.80;2.80;0.4;81;61;40925.46;10.5;138;33.2;36.8;29.9;7.0;45401.81
2;2020-08-21;27.6;30.8;25.1;7.30;7.30;1.6;83;63;42960.48;10.0;148;33.6;38.0;30.4;9.0;45352.50
2;2020-08-22;27.1;31.1;24.7;15.60;15.60;1.5;88;65;35814.08;8.9;172;33.3;38.9;30.4;11.0;45302.76
2;2020-08-23;27.8;31.1;24.8;14.50;14.50;1.1;86;63;43139.92;9.1;130;34.3;39.6;30.6;11.0;45252.46
2;2020-08-24;29.1;34.3;24.9;0.30;0.30;2.8;78;51;41393.09;13.0;158;35.0;40.9;29.8;2.0;45201.65
2;2020-08-25;30.4;35.2;26.1;0.10;0.10;2.1;75;51;39600.00;13.3;235;36.6;41.2;32.3;1.0;45150.39
2;2020-08-26;30.3;34.9;26.3;0.00;0.00;2.5;71;3;43200.00;15.8;225;35.7;40.4;31.3;0.0;45098.68
2;2020-08-27;28.7;32.3;27.0;7.80;7.80;2.1;75;61;13660.65;10.9;210;33.8;38.5;31.0;6.0;45046.59
2;2020-08-28;29.5;35.2;24.3;0.00;0.00;2.9;72;3;43200.00;15.5;156;34.6;41.4;28.1;0.0;44994.14
2;2020-08-29;29.6;34.5;25.3;0.20;0.20;1.3;73;51;43200.00;12.6;157;35.2;41.2;30.0;2.0;44941.39
2;2020-08-30;29.6;33.7;25.2;0.20;0.20;1.1;74;51;43200.00;13.3;87;35.3;40.4;31.0;2.0;44888.35
2;2020-08-31;29.3;33.7;25.0;0.00;0.00;1.5;75;2;43191.55;13.7;33;35.0;40.0;31.1;0.0;44835.09
2;2020-09-01;28.9;32.9;25.7;3.40;3.40;2.6;79;53;43145.42;16.3;342;34.6;38.9;31.0;13.0;44781.62
2;2020-09-02;29.5;34.2;25.0;0.50;0.50;2.6;76;51;43098.99;16.4;32;35.3;40.3;31.0;3.0;44727.99
2;2020-09-03;29.9;34.0;25.6;0.10;0.10;0.8;71;51;43052.32;16.7;85;35.0;39.6;30.2;1.0;44674.23
2;2020-09-04;30.1;34.6;26.0;0.30;0.30;0.8;71;51;43005.49;15.2;84;35.5;40.2;31.1;2.0;44620.38
2;2020-09-05;30.4;36.7;26.6;5.00;5.00;2.2;72;61;42958.56;9.9;204;36.4;42.7;32.5;7.0;44566.47
2;2020-09-06;30.9;38.5;26.1;1.20;1.20;3.3;70;55;42042.34;13.4;180;36.3;44.7;31.5;3.0;44512.53
2;2020-09-07;30.7;37.3;27.1;8.60;8.60;1.4;70;63;40926.35;13.7;172;36.5;44.5;32.2;5.0;44458.62
2;2020-09-08;29.8;34.7;26.5;7.10;7.10;1.8;76;63;42083.78;15.2;122;35.5;41.2;32.5;5.0;44404.74
2;2020-09-09;29.3;33.4;25.7;2.50;2.50;0.4;78;61;42771.13;9.8;144;35.4;40.5;32.1;5.0;44350.95
2;2020-09-10;29.5;34.3;25.6;1.90;1.90;1.8;75;61;42724.58;10.7;170;35.3;41.4;31.5;3.0;44297.25
2;2020-09-11;30.0;34.8;25.4;0.00;0.00;1.5;70;3;42677.49;15.8;102;35.0;41.0;30.8;0.0;44243.34
2;2020-09-12;30.0;35.4;25.2;1.00;1.00;2.3;71;51;42629.80;13.8;99;35.1;41.6;30.8;4.0;44189.10
2;2020-09-13;30.0;34.6;25.4;0.20;0.20;0.5;71;51;42581.57;19.5;101;34.9;40.1;30.4;1.0;44134.53
2;2020-09-14;30.0;34.7;26.0;0.40;0.40;1.8;71;51;42532.90;17.6;99;34.9;40.6;30.8;4.0;44079.71
2;2020-09-15;30.1;34.6;25.3;0.40;0.40;1.8;68;51;42483.86;14.5;86;34.9;39.7;30.5;2.0;44024.65
2;2020-09-16;30.6;35.7;26.4;1.40;1.40;0.8;68;55;42260.68;12.5;312;35.8;40.8;31.9;3.0;43969.39
2;2020-09-17;28.2;32.9;25.6;27.20;27.20;2.1;82;63;12186.99;24.3;280;33.5;36.8;28.3;14.0;43913.98
2;2020-09-18;27.4;30.1;25.7;55.10;55.10;6.9;84;65;7718.22;41.0;61;30.8;33.6;27.7;15.0;43858.44
2;2020-09-19;27.0;31.4;24.3;7.70;7.70;0.8;83;63;21709.23;9.0;204;32.4;38.6;28.5;8.0;43802.80
2;2020-09-20;26.8;29.0;25.5;9.40;9.40;0.7;90;61;3427.06;7.6;123;32.9;35.0;31.4;19.0;43747.12
2;2020-09-21;26.8;28.9;25.1;6.40;6.40;1.0;91;63;11183.50;6.9;282;33.1;34.9;31.1;8.0;43691.42
2;2020-09-22;28.0;31.7;24.9;2.30;2.30;1.6;86;61;41926.99;10.3;112;34.5;39.9;30.8;3.0;43635.73
2;2020-09-23;28.1;31.9;24.1;0.00;0.00;1.6;81;3;41232.68;14.8;108;33.7;39.5;28.8;0.0;43580.09
2;2020-09-24;27.9;31.5;24.2;0.00;0.00;1.0;82;3;41497.11;11.6;96;33.7;38.7;29.3;0.0;43524.54
2;2020-09-25;28.4;33.3;24.3;2.10;2.10;1.0;81;61;41042.34;10.8;102;34.3;40.5;29.9;2.0;43469.11
2;2020-09-26;28.9;32.8;25.1;0.60;0.60;0.8;77;51;41066.85;12.4;119;34.6;40.4;30.6;5.0;43413.84
2;2020-09-27;28.5;32.8;25.2;0.70;0.70;2.9;78;51;40851.41;17.8;103;33.5;38.2;30.4;4.0;43358.75
2;2020-09-28;28.2;31.5;25.5;3.20;3.20;2.3;82;53;35926.12;15.2;95;33.7;36.3;31.2;10.0;43303.89
2;2020-09-29;27.7;32.6;25.4;13.60;13.60;1.5;86;63;39600.00;10.1;279;33.8;39.0;31.3;6.0;43249.30
2;2020-09-30;27.9;31.5;25.2;3.20;3.20;1.5;85;53;39962.81;8.2;155;34.3;38.5;31.4;10.0;43194.98
2;2020-10-01;27.3;30.3;24.7;4.50;4.50;1.1;89;61;39746.05;10.4;97;33.5;37.3;30.3;10.0;43140.62
2;2020-10-02;27.8;31.2;25.2;5.20;5.20;1.8;86;61;39769.47;16.6;96;33.6;37.7;31.1;6.0;43086.06
2;2020-10-03;27.0;29.3;24.9;2.10;2.10;2.3;90;53;19669.49;11.6;107;33.0;35.2;30.6;7.0;43031.35
2;2020-10-04;27.1;30.4;25.2;14.50;14.50;1.8;90;63;34739.91;9.1;96;33.5;37.6;31.1;12.0;42976.53
2;2020-10-05;26.8;29.9;24.9;4.20;4.20;1.5;90;53;39600.00;12.0;115;32.7;35.9;30.4;19.0;42921.63
2;2020-10-06;25.7;28.0;23.8;27.60;27.60;2.6;93;63;24091.61;20.8;58;30.5;32.9;28.4;20.0;42866.69
2;2020-10-07;25.8;26.5;25.2;124.00;124.00;11.4;93;65;0.00;32.0;64;28.7;30.3;27.8;24.0;42811.76
2;2020-10-08;25.6;26.0;25.2;107.80;107.80;11.5;93;65;0.00;31.1;83;28.6;30.5;27.4;24.0;42756.87
2;2020-10-09;25.5;26.3;24.6;178.90;178.90;10.7;93;65;585.55;57.1;63;28.2;29.0;23.5;24.0;42702.06
2;2020-10-10;25.3;26.4;24.7;38.00;38.00;7.0;90;63;2906.81;28.4;50;28.7;29.9;26.5;24.0;42647.37
2;2020-10-11;24.9;25.2;24.4;102.80;102.80;14.1;90;65;0.00;31.2;10;27.1;28.7;25.7;24.0;42592.84
2;2020-10-12;25.4;27.1;24.7;36.60;36.60;4.1;92;63;488.60;17.5;74;30.0;32.7;28.8;24.0;42538.52
2;2020-10-13;25.0;26.6;23.7;104.70;104.70;3.9;92;65;0.00;18.4;320;29.1;32.0;26.8;24.0;42484.43
2;2020-10-14;25.5;28.1;23.7;0.50;0.50;2.1;84;51;24379.28;16.7;303;29.3;31.9;26.5;2.0;42430.63
2;2020-10-15;25.4;27.8;23.9;23.70;23.70;3.6;92;63;11541.28;12.9;72;30.3;33.5;28.0;23.0;42377.15
2;2020-10-16;25.5;26.1;24.9;56.80;56.80;7.6;93;63;0.00;28.0;69;29.2;30.8;27.8;24.0;42324.03
2;2020-10-17;25.5;27.2;25.1;147.00;147.00;12.0;93;65;0.00;35.6;75;28.4;30.0;26.2;24.0;42271.32
2;2020-10-18;25.5;27.9;23.9;22.90;22.90;1.9;92;63;6877.71;11.7;114;30.6;33.6;28.6;23.0;42219.06
2;2020-10-19;23.2;25.4;21.9;33.20;33.20;8.4;90;63;21.18;14.5;299;26.2;29.0;24.4;21.0;42167.29
2;2020-10-20;23.4;25.8;21.6;66.90;66.90;4.9;95;65;0.00;22.6;1;26.9;29.5;24.2;24.0;42116.05
2;2020-10-21;24.6;25.9;23.2;11.10;11.10;12.0;81;61;20556.27;25.7;13;26.5;28.5;24.6;20.0;42064.97
2;2020-10-22;22.9;24.9;21.2;6.60;6.60;6.4;80;53;5331.02;24.6;313;24.4;25.2;22.9;18.0;42013.89
2;2020-10-23;23.4;26.0;21.2;4.20;4.20;8.2;75;55;6737.03;18.2;294;24.8;27.2;22.7;11.0;41962.86
2;2020-10-24;23.8;26.8;21.5;0.30;0.30;9.7;72;51;23026.35;17.1;290;25.1;28.5;22.2;2.0;41911.93
2;2020-10-25;22.3;23.7;20.7;41.00;41.00;4.6;87;63;182.82;21.3;267;24.0;26.7;21.0;18.0;41861.13
2;2020-10-26;24.2;28.1;20.6;1.30;1.30;0.7;88;51;29564.58;12.7;32;28.3;33.2;24.1;10.0;41810.53
2;2020-10-27;24.9;28.1;22.6;20.30;20.30;3.1;85;63;27546.84;21.1;319;28.4;32.5;26.2;17.0;41760.17
2;2020-10-28;24.7;25.7;23.8;77.60;77.60;22.0;89;63;0.00;48.3;17;25.1;27.6;23.4;23.0;41710.08
2;2020-10-29;26.2;30.4;22.9;1.30;1.30;4.4;85;51;30980.72;23.7;107;30.1;35.4;26.5;8.0;41660.32
2;2020-10-30;25.7;27.9;24.5;17.50;17.50;6.4;91;63;33173.20;16.8;94;30.2;33.2;28.0;19.0;41610.94
2;2020-10-31;25.2;26.6;24.2;19.50;19.50;8.3;91;63;27882.46;21.3;85;28.9;31.2;27.7;24.0;41561.99
2;2020-11-01;25.3;27.5;23.8;2.70;2.70;2.9;84;53;39185.09;14.7;70;29.2;31.3;28.1;12.0;41513.51
2;2020-11-02;24.1;26.8;22.3;2.70;2.70;3.6;87;51;30589.35;10.9;88;28.1;30.6;25.5;16.0;41465.57
2;2020-11-03;24.0;27.2;21.6;6.60;6.60;2.5;84;61;36003.49;12.9;4;27.2;30.3;24.1;16.0;41418.20
2;2020-11-04;23.5;25.6;22.5;17.30;17.30;3.1;88;63;9227.30;9.8;9;27.2;28.6;26.1;16.0;41371.47
2;2020-11-05;23.1;24.4;22.1;16.80;16.80;1.8;92;61;0.00;11.4;295;26.6;29.0;24.9;20.0;41325.41
2;2020-11-06;24.3;25.0;23.2;30.10;30.10;6.4;93;63;68.75;23.9;50;27.4;28.4;26.0;23.0;41280.09
2;2020-11-07;24.6;26.0;23.1;2.50;2.50;4.7;84;53;14581.90;21.5;27;27.6;29.9;26.2;12.0;41235.57
2;2020-11-08;24.3;26.2;22.5;5.40;5.40;5.0;84;55;37987.92;16.9;357;27.1;28.9;25.7;22.0;41191.89
2;2020-11-09;24.3;26.2;22.7;13.20;13.20;12.8;78;63;13537.25;20.5;13;25.6;27.0;24.3;18.0;41149.10
2;2020-11-10;22.8;23.6;21.6;59.60;59.60;14.6;88;63;0.00;32.3;14;24.1;25.3;22.6;24.0;41106.84
2;2020-11-11;23.7;24.2;23.1;83.70;83.70;22.6;93;63;0.00;33.3;47;24.7;26.1;23.1;24.0;41064.93
2;2020-11-12;24.0;25.9;23.0;11.50;11.50;5.4;83;61;35241.54;25.2;42;26.0;27.5;24.9;18.0;41023.45
2;2020-11-13;23.3;25.7;21.5;2.70;2.70;6.6;79;53;30493.47;19.8;325;25.1;26.6;24.0;8.0;40982.43
2;2020-11-14;22.6;23.2;21.5;51.20;51.20;10.1;87;63;1821.90;41.0;320;23.3;24.9;20.8;20.0;40941.92
2;2020-11-15;22.6;24.2;21.1;84.60;84.60;0.8;89;65;0.00;48.2;252;24.2;28.9;17.6;19.0;40901.96
2;2020-11-16;24.4;27.4;21.6;0.80;0.80;1.8;90;51;38017.39;18.7;91;28.2;31.3;25.1;5.0;40862.62
2;2020-11-17;25.1;27.5;23.4;0.50;0.50;6.0;87;51;37600.93;16.2;92;28.9;30.8;27.3;4.0;40823.93
2;2020-11-18;24.7;28.1;21.3;0.90;0.90;1.5;91;51;39600.00;14.6;84;29.5;33.1;25.2;7.0;40785.96
2;2020-11-19;25.6;28.6;23.2;0.60;0.60;1.3;91;51;38739.62;13.0;81;30.8;33.3;28.1;4.0;40748.75
2;2020-11-20;25.6;28.4;23.8;0.30;0.30;0.8;89;51;39343.10;16.5;88;30.4;33.0;29.5;3.0;40712.35
2;2020-11-21;25.2;28.7;22.9;0.00;0.00;1.9;88;3;39581.72;15.5;87;29.8;33.3;27.8;0.0;40676.81
2;2020-11-22;24.6;28.4;21.4;0.70;0.70;3.2;88;51;39548.38;14.9;88;28.8;32.7;25.0;4.0;40642.20
2;2020-11-23;24.6;27.3;23.2;6.30;6.30;2.6;89;53;35537.64;17.6;84;28.7;31.1;27.1;23.0;40608.56
2;2020-11-24;24.3;26.5;23.1;8.40;8.40;7.6;90;53;36003.06;17.5;85;27.7;29.6;26.0;24.0;40575.94
2;2020-11-25;24.2;26.3;22.8;7.10;7.10;4.5;89;53;36626.35;16.5;89;27.7;29.3;26.0;24.0;40544.42
2;2020-11-26;23.6;25.0;22.8;12.70;12.70;1.8;91;61;17178.31;17.8;78;27.1;28.1;26.1;24.0;40514.01
2;2020-11-27;23.7;25.8;22.6;12.30;12.30;5.2;88;55;35869.48;24.8;78;26.4;27.1;25.2;24.0;40484.81
2;2020-11-28;22.8;23.6;22.2;27.20;27.20;1.1;90;63;0.00;17.6;33;25.7;26.7;24.3;24.0;40456.85
2;2020-11-29;21.9;22.5;21.4;56.30;56.30;7.6;90;63;0.00;19.0;18;23.7;25.5;22.6;24.0;40430.18
2;2020-11-30;21.7;22.3;21.3;72.60;72.60;7.6;91;63;0.00;20.2;12;23.2;24.9;22.4;24.0;40404.54
2;2020-12-01;22.1;22.6;21.7;56.60;56.60;11.0;90;63;0.00;20.6;40;23.8;24.7;23.1;24.0;40379.81
2;2020-12-02;22.5;23.8;21.6;7.60;7.60;5.5;84;61;11335.15;19.8;75;24.0;24.9;22.7;20.0;40356.02
2;2020-12-03;21.7;23.4;19.7;3.40;3.40;1.1;84;53;260.10;17.3;72;23.5;24.3;22.1;16.0;40333.20
2;2020-12-04;20.2;22.1;18.4;5.00;5.00;1.8;82;53;16622.06;17.4;26;21.1;22.2;19.9;21.0;40311.37
2;2020-12-05;19.6;20.7;19.0;14.90;14.90;2.5;89;61;896.41;15.0;6;21.3;22.2;20.7;21.0;40290.58
2;2020-12-06;19.3;20.7;17.7;1.60;1.60;3.9;89;51;0.00;11.6;269;20.7;22.6;18.2;9.0;40270.83
2;2020-12-07;20.8;23.9;18.3;5.70;5.70;1.9;90;61;12737.22;13.4;33;23.2;25.6;20.4;14.0;40252.17
2;2020-12-08;20.9;22.3;20.0;13.50;13.50;3.7;91;61;0.00;16.6;360;23.2;24.1;22.4;24.0;40234.62
2;2020-12-09;20.4;22.3;18.9;3.40;3.40;5.2;89;53;0.00;11.4;296;22.3;23.8;20.3;14.0;40218.22
2;2020-12-10;20.8;22.8;18.3;3.20;3.20;3.9;93;53;556.22;10.9;277;23.4;25.6;20.2;9.0;40202.99
2;2020-12-11;21.7;23.4;20.5;1.90;1.90;3.2;92;51;0.00;15.3;283;24.3;25.9;23.0;12.0;40188.95
2;2020-12-12;22.5;24.8;21.1;1.80;1.80;1.1;93;51;7087.10;5.4;276;26.5;29.2;24.4;9.0;40176.15
2;2020-12-13;23.8;27.6;21.3;0.10;0.10;0.8;92;51;32400.00;16.6;97;27.7;31.7;25.5;1.0;40164.61
2;2020-12-14;24.1;27.2;21.6;5.20;5.20;1.5;94;55;28868.40;11.9;95;28.5;32.1;25.7;15.0;40154.35
2;2020-12-15;23.3;24.2;22.4;11.80;11.80;7.7;90;55;9586.41;19.1;87;25.9;27.6;24.6;24.0;40145.40
2;2020-12-16;22.0;23.1;20.7;9.10;9.10;10.5;89;53;0.00;21.6;51;23.4;24.7;22.4;23.0;40137.79
2;2020-12-17;20.9;21.8;20.4;20.70;20.70;1.1;93;61;1427.73;10.2;31;23.8;24.9;22.9;24.0;40131.54
2;2020-12-18;20.2;20.9;18.8;23.50;23.50;0.5;94;63;0.00;18.0;342;22.1;24.4;19.9;24.0;40126.70
2;2020-12-19;19.5;20.3;18.7;36.30;36.30;13.4;90;63;0.00;19.2;352;19.9;21.1;18.5;24.0;40123.26
2;2020-12-20;18.7;19.3;17.8;22.50;22.50;10.8;87;61;0.00;24.4;359;18.1;18.9;17.4;24.0;40121.21
2;2020-12-21;18.2;19.2;17.1;13.50;13.50;9.5;86;61;0.00;23.4;349;17.6;18.4;16.9;24.0;40120.52
2;2020-12-22;18.1;19.5;17.1;8.90;8.90;4.2;91;53;0.00;13.7;290;19.2;20.7;17.6;21.0;40121.15
2;2020-12-23;18.8;20.6;17.3;1.20;1.20;6.3;89;51;0.00;15.6;278;19.5;21.4;17.7;12.0;40123.11
2;2020-12-24;19.6;21.4;18.1;9.40;9.40;6.6;96;55;0.00;14.3;292;21.4;23.8;18.8;24.0;40126.39
2;2020-12-25;20.2;21.9;18.6;8.70;8.70;5.9;94;61;0.00;13.2;283;22.1;23.7;19.7;20.0;40130.96
2;2020-12-26;21.3;24.0;18.8;0.60;0.60;1.0;93;51;25742.78;11.1;343;24.3;27.0;21.5;4.0;40136.81
2;2020-12-27;22.4;25.7;19.2;0.90;0.90;1.1;91;51;36000.00;16.9;92;25.5;29.0;22.0;5.0;40143.92
2;2020-12-28;22.2;26.1;18.4;0.00;0.00;4.7;87;3;36666.37;14.8;105;24.9;29.1;20.6;0.0;40152.29
2;2020-12-29;21.5;26.5;16.5;0.10;0.10;1.9;89;51;38372.13;12.0;120;24.4;30.3;18.1;1.0;40161.90
2;2020-12-30;21.0;22.6;19.2;25.00;25.00;3.2;90;63;13670.03;26.1;28;22.2;25.0;19.0;23.0;40172.72
2;2020-12-31;18.7;20.0;17.1;15.10;15.10;6.2;80;63;14607.39;22.7;54;18.2;19.6;17.6;22.0;40184.75
2;2021-01-01;18.1;20.0;16.6;5.10;5.10;0.8;81;53;18976.82;20.2;53;17.9;19.5;16.8;20.0;40197.96
2;2021-01-02;17.6;19.7;16.1;1.30;1.30;0.4;85;51;667.76;8.2;208;18.5;20.7;16.5;7.0;40212.35
2;2021-01-03;18.6;20.7;15.8;6.40;6.40;1.3;89;61;0.00;9.1;274;20.2;22.8;16.5;17.0;40227.88
2;2021-01-04;19.4;21.0;18.5;6.40;6.40;2.9;91;53;0.00;16.7;304;21.1;22.9;19.7;23.0;40244.55
2;2021-01-05;19.3;20.7;18.3;5.00;5.00;3.3;91;53;0.00;16.7;282;20.8;22.6;19.6;14.0;40262.33
2;2021-01-06;20.5;22.3;18.6;3.00;3.00;2.2;93;53;976.30;14.3;101;22.9;25.1;20.2;14.0;40281.22
2;2021-01-07;20.1;20.8;18.7;2.10;2.10;4.5;92;53;0.00;16.8;292;21.8;23.7;20.1;14.0;40301.18
2;2021-01-08;18.6;20.4;16.4;35.60;35.60;3.8;92;63;0.00;22.1;355;19.3;22.4;15.7;23.0;40322.22
2;2021-01-09;16.0;17.2;13.3;12.70;12.70;4.2;92;61;0.00;15.6;294;15.8;18.5;11.9;24.0;40344.54
2;2021-01-10;14.1;16.4;12.7;5.80;5.80;11.9;93;53;0.00;19.9;271;12.8;15.7;10.4;20.0;40368.22
2;2021-01-11;14.7;16.8;13.4;21.30;21.30;11.8;90;61;0.00;25.3;310;13.0;15.5;11.2;23.0;40393.21
2;2021-01-12;15.1;16.4;14.1;12.20;12.20;3.8;79;61;0.00;19.8;337;13.5;14.8;12.0;17.0;40419.45
2;2021-01-13;16.4;19.8;13.6;0.00;0.00;1.3;75;3;28716.67;10.0;187;16.1;20.7;12.3;0.0;40446.91
2;2021-01-14;17.4;21.8;12.6;0.00;0.00;2.9;84;3;28552.86;12.1;125;18.0;22.2;12.3;0.0;40475.51
2;2021-01-15;18.8;22.8;13.7;0.20;0.20;1.9;86;51;31329.77;13.2;95;20.1;24.4;14.0;2.0;40505.22
2;2021-01-16;19.7;24.5;15.3;0.20;0.20;2.9;87;51;37583.36;14.6;105;21.5;26.7;16.3;2.0;40535.99
2;2021-01-17;20.0;23.0;18.0;13.50;13.50;1.8;88;63;32845.40;24.9;40;21.0;25.0;16.7;24.0;40567.77
2;2021-01-18;17.2;18.1;15.7;11.40;11.40;5.2;80;61;218.01;25.9;6;16.0;16.6;15.0;16.0;40600.50
2;2021-01-19;17.2;20.3;14.5;0.80;0.80;1.9;85;51;29305.52;10.1;254;17.8;21.4;14.9;5.0;40634.14
2;2021-01-20;18.3;23.1;13.3;0.00;0.00;1.8;88;3;37494.60;13.9;95;19.6;25.9;13.3;0.0;40668.65
2;2021-01-21;20.2;23.3;17.0;0.50;0.50;0.5;91;51;32532.73;10.9;343;22.6;25.6;18.7;4.0;40703.95
2;2021-01-22;20.7;22.3;19.2;3.20;3.20;2.7;89;51;15883.28;16.9;348;22.7;23.4;22.0;13.0;40740.04
2;2021-01-23;19.9;22.3;18.6;0.30;0.30;1.8;87;51;8480.76;11.9;310;21.7;24.2;19.7;3.0;40776.84
2;2021-01-24;21.5;25.5;19.1;0.00;0.00;1.4;87;3;37669.40;17.7;100;24.1;29.8;21.5;0.0;40814.31
2;2021-01-25;21.0;25.6;17.7;0.00;0.00;1.4;89;3;36336.40;15.1;98;23.6;29.6;19.7;0.0;40852.40
2;2021-01-26;20.6;23.6;16.7;1.30;1.30;4.3;90;51;35069.55;16.1;94;22.7;25.6;18.4;7.0;40891.08
2;2021-01-27;21.2;23.2;18.4;2.00;2.00;2.3;89;53;0.00;18.1;103;23.3;25.1;20.5;6.0;40930.30
2;2021-01-28;21.4;23.0;18.7;1.20;1.20;4.1;84;51;22249.22;16.8;86;23.0;24.2;20.4;6.0;40970.02
2;2021-01-29;20.2;22.5;18.0;2.10;2.10;4.0;84;51;37312.46;19.2;101;21.1;22.2;20.0;11.0;41010.61
2;2021-01-30;20.2;23.4;17.1;0.80;0.80;3.6;86;51;37039.10;20.8;105;21.3;24.2;18.4;7.0;41052.21
2;2021-01-31;21.1;23.3;18.9;1.30;1.30;5.1;88;51;37273.69;21.2;101;22.5;24.5;21.2;10.0;41094.75
2;2021-02-01;20.8;24.7;17.3;0.30;0.30;2.6;87;51;37869.59;15.9;106;22.8;27.4;18.8;3.0;41138.18
2;2021-02-02;21.0;24.4;18.1;0.50;0.50;3.6;88;51;38929.33;15.0;105;23.0;26.0;20.0;3.0;41182.44
2;2021-02-03;21.1;24.4;18.0;1.90;1.90;1.8;88;53;38611.14;19.6;98;22.9;25.8;20.3;7.0;41227.48
2;2021-02-04;20.4;22.6;17.3;2.60;2.60;3.3;90;53;31492.92;16.0;107;22.2;25.1;18.9;11.0;41273.23
2;2021-02-05;21.5;24.2;19.8;0.70;0.70;6.9;86;51;38331.04;14.5;93;23.4;25.7;21.8;5.0;41319.65
2;2021-02-06;21.0;23.9;17.4;1.10;1.10;3.4;87;51;26003.01;16.2;95;23.0;26.0;19.4;6.0;41366.68
2;2021-02-07;22.0;25.2;18.0;0.10;0.10;5.0;85;51;37515.24;17.7;96;24.0;27.7;19.7;1.0;41414.26
2;2021-02-08;22.7;25.1;19.7;1.50;1.50;4.1;86;53;36984.66;19.3;88;25.0;26.6;22.4;6.0;41462.35
2;2021-02-09;21.7;25.4;18.8;13.70;13.70;9.7;91;63;27639.29;26.5;23;23.6;28.9;19.4;20.0;41510.87
2;2021-02-10;18.6;20.3;17.3;8.80;8.80;8.0;92;55;0.00;17.7;296;19.3;20.7;17.4;20.0;41559.81
2;2021-02-11;18.5;22.4;14.4;0.20;0.20;5.6;81;51;39392.89;12.2;310;19.0;23.5;14.4;1.0;41609.08
2;2021-02-12;18.3;22.5;14.6;0.00;0.00;4.4;81;3;40147.28;11.0;295;18.8;23.6;14.7;0.0;41658.66
2;2021-02-13;18.5;23.0;14.4;0.00;0.00;1.5;84;3;40154.84;12.3;118;19.7;24.8;14.5;0.0;41708.49
2;2021-02-14;19.4;24.2;14.9;0.00;0.00;2.9;86;3;40409.05;12.1;118;20.9;26.8;15.8;0.0;41758.51
2;2021-02-15;19.6;24.7;14.3;0.00;0.00;4.1;86;0;41380.51;17.2;113;21.2;27.9;14.9;0.0;41808.68
2;2021-02-16;20.2;25.4;15.4;0.00;0.00;2.6;88;3;40666.06;16.9;84;22.2;29.3;16.6;0.0;41858.97
2;2021-02-17;21.0;24.4;18.1;1.10;1.10;0.4;87;51;39683.86;14.9;79;23.4;27.0;20.7;8.0;41909.32
2;2021-02-18;21.1;23.5;18.8;5.60;5.60;5.5;85;53;38270.25;21.8;88;22.5;24.2;20.6;21.0;41960.14
2;2021-02-19;20.8;23.9;17.7;1.50;1.50;5.1;81;51;38864.10;17.5;90;21.9;25.7;19.1;11.0;42011.56
2;2021-02-20;19.6;23.5;16.9;0.00;0.00;4.7;81;3;39691.86;15.6;110;20.6;24.5;17.9;0.0;42063.56
2;2021-02-21;19.4;24.6;13.9;0.00;0.00;5.2;84;3;41689.13;18.8;113;20.6;27.1;14.1;0.0;42116.06
2;2021-02-22;20.3;25.5;15.3;0.00;0.00;3.6;85;3;41160.45;14.8;107;22.3;29.8;16.3;0.0;42169.05
2;2021-02-23;20.3;24.7;15.2;0.00;0.00;1.1;85;3;41795.89;11.1;104;22.3;27.7;15.9;0.0;42222.45
2;2021-02-24;21.2;26.1;15.9;0.00;0.00;4.3;84;2;41849.86;15.8;113;23.2;29.1;17.0;0.0;42276.24
2;2021-02-25;22.9;29.1;17.2;0.00;0.00;0.8;87;3;41635.61;11.6;106;26.5;34.8;18.9;0.0;42330.35
2;2021-02-26;24.6;31.2;19.4;0.00;0.00;4.0;86;1;41958.79;13.5;108;28.8;38.2;21.8;0.0;42384.76
2;2021-02-27;23.8;27.6;21.3;0.00;0.00;0.0;90;3;26451.87;15.0;24;27.4;31.8;24.2;0.0;42439.41
2;2021-02-28;24.9;29.6;22.3;0.00;0.00;8.1;86;3;41931.68;23.5;101;28.3;34.3;25.9;0.0;42494.26
2;2021-03-01;25.3;29.6;21.5;0.00;0.00;1.0;88;3;40635.45;13.8;87;30.2;36.6;25.7;0.0;42549.26
2;2021-03-02;24.0;26.3;22.8;9.80;9.80;2.2;95;61;27626.18;14.3;49;28.3;30.6;26.6;19.0;42604.38
2;2021-03-03;23.7;26.3;22.0;2.30;2.30;3.3;89;53;39650.47;18.2;88;26.9;28.9;25.7;13.0;42659.56
2;2021-03-04;23.7;26.8;21.1;0.10;0.10;2.3;89;51;40938.14;16.4;67;27.6;30.9;24.8;1.0;42714.78
2;2021-03-05;25.1;29.3;21.2;0.00;0.00;1.1;89;3;40361.81;9.7;79;30.1;35.2;25.1;0.0;42769.98
2;2021-03-06;25.8;30.4;20.8;0.00;0.00;1.1;84;1;42400.87;11.6;100;30.6;37.2;24.2;0.0;42825.12
2;2021-03-07;24.9;28.5;22.0;0.50;0.50;2.3;88;51;38923.76;18.0;71;28.9;33.0;26.1;5.0;42880.17
2;2021-03-08;24.2;27.5;21.5;1.30;1.30;4.3;87;51;39065.38;18.8;100;27.5;30.7;25.2;6.0;42935.07
2;2021-03-09;24.1;27.6;20.6;0.20;0.20;4.8;84;51;42566.16;25.2;102;26.7;30.5;23.8;2.0;42989.81
2;2021-03-10;24.3;27.4;22.1;0.40;0.40;7.2;84;51;42621.00;22.3;99;26.9;30.6;25.2;3.0;43044.74
2;2021-03-11;24.3;27.5;21.8;1.30;1.30;5.6;87;53;40171.38;16.8;95;27.5;30.9;25.6;4.0;43100.01
2;2021-03-12;23.8;27.1;20.7;0.60;0.60;0.8;86;51;42467.29;16.9;90;27.1;30.0;24.1;4.0;43155.59
2;2021-03-13;23.7;27.2;20.2;0.40;0.40;4.3;85;51;41250.56;15.0;92;26.8;30.1;22.9;4.0;43211.43
2;2021-03-14;23.9;27.3;20.7;0.20;0.20;2.3;83;51;42201.61;19.5;100;26.6;30.1;24.0;1.0;43267.50
2;2021-03-15;24.2;28.9;19.4;0.00;0.00;1.8;82;2;42899.64;18.8;103;27.4;33.9;22.0;0.0;43323.75
2;2021-03-16;24.8;29.7;20.7;0.00;0.00;2.5;83;2;42955.99;19.2;94;28.6;35.3;23.7;0.0;43380.16
2;2021-03-17;24.6;29.6;20.6;0.00;0.00;0.4;85;3;42997.74;17.5;97;28.7;35.2;24.1;0.0;43436.69
2;2021-03-18;24.8;29.8;20.4;0.00;0.00;2.0;85;3;43008.06;18.1;98;28.8;35.6;23.9;0.0;43493.28
2;2021-03-19;25.4;29.9;20.9;0.00;0.00;1.1;85;3;43018.21;19.1;92;29.5;36.1;24.3;0.0;43549.92
2;2021-03-20;26.1;31.3;21.6;0.00;0.00;0.8;85;3;43028.22;18.5;91;30.7;37.6;25.8;0.0;43606.55
2;2021-03-21;25.8;29.1;23.4;5.80;5.80;5.2;86;61;42685.33;19.9;75;29.7;33.1;26.5;5.0;43663.15
2;2021-03-22;22.0;23.6;20.4;26.60;26.60;10.5;91;61;103.26;20.9;14;23.7;27.3;21.2;24.0;43719.67
2;2021-03-23;21.5;22.2;20.8;9.60;9.60;2.3;91;53;0.00;14.0;32;24.2;25.8;22.4;18.0;43776.08
2;2021-03-24;22.6;24.9;20.5;1.90;1.90;1.0;89;53;23381.47;13.8;86;25.7;27.6;24.1;8.0;43832.33
2;2021-03-25;24.0;27.4;20.7;0.10;0.10;5.2;87;51;43077.56;19.9;99;27.1;31.5;23.8;1.0;43888.40
2;2021-03-26;25.0;28.6;22.2;0.00;0.00;8.7;88;3;43087.57;23.8;98;28.6;33.5;25.7;0.0;43944.23
2;2021-03-27;25.7;30.4;21.5;0.00;0.00;1.8;89;3;43097.73;14.6;92;30.9;38.5;25.7;0.0;43999.80
2;2021-03-28;26.5;30.7;22.8;0.10;0.10;0.8;88;51;43108.05;10.2;76;32.4;39.1;27.9;1.0;44055.06
2;2021-03-29;27.8;32.6;23.4;0.00;0.00;0.8;85;3;43118.55;9.8;85;34.1;41.4;28.0;0.0;44109.98
2;2021-03-30;28.7;35.1;23.8;0.10;0.10;3.1;80;51;42886.53;13.1;122;34.5;42.5;27.4;1.0;44164.91
2;2021-03-31;28.6;33.8;24.5;0.00;0.00;3.8;80;3;43139.14;13.4;109;34.4;41.7;28.0;0.0;44219.98
2;2021-04-01;29.1;34.6;25.6;0.00;0.00;2.2;79;2;43149.22;16.6;113;35.1;42.4;29.8;0.0;44275.15
2;2021-04-02;28.0;32.1;25.7;0.80;0.80;1.4;83;53;37123.27;13.6;98;33.7;39.3;30.6;2.0;44330.40
2;2021-04-03;27.2;31.0;24.8;0.20;0.20;1.6;85;51;43169.14;21.3;90;32.3;38.2;28.0;2.0;44385.69
2;2021-04-04;25.7;29.5;22.0;0.80;0.80;0.8;85;51;43179.05;24.8;94;29.5;33.8;26.5;4.0;44440.98
2;2021-04-05;25.2;29.4;21.3;0.00;0.00;4.0;84;3;43188.95;22.9;97;28.7;33.4;24.7;0.0;44496.23
2;2021-04-06;25.5;29.3;22.2;0.30;0.30;3.3;84;51;43198.89;19.4;93;29.2;33.0;26.1;2.0;44551.40
2;2021-04-07;25.9;29.4;22.8;0.10;0.10;3.6;83;51;43200.00;22.0;97;29.6;33.4;26.9;1.0;44606.46
2;2021-04-08;26.3;30.3;23.0;0.20;0.20;3.3;82;51;43200.00;18.2;95;30.4;35.5;27.5;2.0;44661.38
2;2021-04-09;26.0;29.4;22.7;0.00;0.00;4.5;81;2;43200.00;19.1;90;29.7;33.4;26.6;0.0;44716.12
2;2021-04-10;25.6;28.4;23.3;1.60;1.60;4.5;83;51;43012.78;19.8;93;29.0;31.7;27.7;10.0;44770.62
2;2021-04-11;26.1;29.3;23.5;0.20;0.20;6.3;81;51;43200.00;23.1;95;29.4;32.6;27.6;2.0;44824.86
2;2021-04-12;26.2;30.9;22.2;0.00;0.00;4.2;82;3;43200.00;21.9;94;30.1;35.2;26.1;0.0;44878.80
2;2021-04-13;26.4;31.3;22.4;0.00;0.00;1.8;84;3;43200.00;18.7;84;31.2;37.4;26.9;0.0;44932.40
2;2021-04-14;27.0;32.1;23.0;0.00;0.00;1.6;83;3;34326.00;16.5;83;32.1;38.1;28.2;0.0;44985.61
2;2021-04-15;27.6;31.8;24.5;0.20;0.20;1.5;82;51;32400.00;13.8;81;32.8;37.3;29.9;1.0;45038.40
2;2021-04-16;27.7;31.5;24.5;0.00;0.00;2.5;80;3;27880.79;14.1;102;32.6;37.0;29.5;0.0;45090.71
2;2021-04-17;27.3;31.2;24.9;0.30;0.30;2.4;79;51;43200.00;17.2;75;31.7;36.5;29.3;2.0;45142.52
2;2021-04-18;26.9;31.7;23.0;0.00;0.00;2.5;77;3;43200.00;17.9;84;31.0;35.8;27.7;0.0;45193.79
2;2021-04-19;27.8;31.9;23.6;0.00;0.00;1.5;76;3;34547.77;10.9;101;32.6;37.3;29.0;0.0;45244.84
2;2021-04-20;28.3;32.2;24.3;0.90;0.90;2.3;76;53;30423.92;12.6;104;33.3;37.7;29.7;1.0;45295.80
2;2021-04-21;28.5;33.1;24.4;0.70;0.70;2.5;76;53;36774.90;16.6;105;33.5;39.5;29.3;3.0;45346.63
2;2021-04-22;29.0;33.7;25.0;0.60;0.60;0.8;74;51;43200.00;16.4;94;34.0;39.9;30.6;2.0;45397.31
2;2021-04-23;29.1;33.7;24.3;0.10;0.10;0.7;74;51;43200.00;17.0;94;34.1;39.7;29.7;1.0;45447.78
2;2021-04-24;30.1;35.4;25.5;0.00;0.00;0.8;70;3;43200.00;17.0;97;35.2;41.6;30.1;0.0;45498.01
2;2021-04-25;30.3;35.6;25.6;0.60;0.60;2.5;72;51;43200.00;15.8;97;35.8;42.2;31.4;2.0;45547.97
2;2021-04-26;29.8;35.5;25.6;2.00;2.00;2.8;74;55;37397.24;19.3;92;35.0;41.7;31.6;6.0;45597.61
2;2021-04-27;27.7;30.7;25.8;2.00;2.00;1.8;82;53;22915.91;15.5;73;32.7;35.0;31.1;8.0;45646.89
2;2021-04-28;27.9;32.9;24.6;2.30;2.30;0.5;78;55;33239.78;22.0;86;32.4;37.7;30.1;5.0;45695.76
2;2021-04-29;26.4;29.7;23.3;3.00;3.00;2.4;85;51;39178.54;14.8;13;31.0;34.6;26.4;14.0;45744.20
2;2021-04-30;26.4;31.4;22.8;0.30;0.30;3.4;77;51;37411.54;14.5;329;30.0;35.9;25.7;2.0;45792.15
2;2021-05-01;28.0;32.5;23.4;0.40;0.40;1.1;79;51;35566.58;11.5;60;33.5;38.7;28.5;1.0;45839.57
2;2021-05-02;28.8;33.2;24.5;0.80;0.80;1.3;78;53;40707.21;12.3;96;34.2;39.0;30.1;2.0;45886.42
2;2021-05-03;29.9;35.0;26.1;1.20;1.20;1.5;71;53;32873.12;14.1;108;34.9;41.4;31.4;2.0;45932.65
2;2021-05-04;29.9;35.5;24.8;0.00;0.00;0.8;69;3;41125.10;16.8;93;34.4;41.4;29.8;0.0;45978.21
2;2021-05-05;29.1;35.3;24.4;0.00;0.00;0.4;74;3;43944.13;25.6;97;33.4;40.8;29.4;0.0;46023.06
2;2021-05-06;28.6;32.4;25.7;0.00;0.00;4.7;77;3;43151.51;23.4;94;32.7;36.4;31.2;0.0;46067.17
2;2021-05-07;28.2;32.8;24.2;0.00;0.00;6.0;72;3;43923.12;22.1;100;31.7;36.8;28.6;0.0;46110.46
2;2021-05-08;28.4;33.9;23.3;0.00;0.00;1.1;74;3;44163.81;17.2;82;33.0;39.8;27.9;0.0;46152.92
2;2021-05-09;29.9;36.2;23.8;0.00;0.00;1.6;71;2;44154.96;17.0;87;34.9;41.7;28.9;0.0;46194.82
2;2021-05-10;30.8;36.4;25.4;0.10;0.10;1.1;68;51;38149.27;13.0;83;36.3;42.2;30.8;1.0;46236.28
2;2021-05-11;31.1;35.8;26.2;0.40;0.40;3.2;65;51;43887.12;14.6;101;36.1;41.5;31.3;2.0;46277.27
2;2021-05-12;31.1;36.4;27.7;0.40;0.40;0.0;67;51;31422.63;9.4;110;36.7;43.0;32.8;1.0;46317.76
2;2021-05-13;31.3;35.5;26.5;0.40;0.40;2.2;66;51;42410.08;15.8;100;36.4;41.2;32.2;1.0;46357.70
2;2021-05-14;31.0;36.5;27.0;4.50;4.50;2.9;71;61;38346.80;17.1;124;36.9;43.4;32.6;6.0;46397.06
2;2021-05-15;31.0;36.1;27.3;1.60;1.60;3.6;69;55;43605.11;11.6;126;36.8;42.6;33.2;5.0;46435.78
2;2021-05-16;31.1;35.8;26.3;0.10;0.10;1.1;71;51;44358.71;17.3;90;36.7;42.1;33.2;1.0;46473.85
2;2021-05-17;31.1;36.1;26.1;0.00;0.00;2.0;67;1;44607.44;20.1;99;35.9;42.3;31.2;0.0;46511.21
2;2021-05-18;31.2;35.3;27.0;0.10;0.10;2.3;68;51;44094.94;14.2;102;36.5;41.9;33.0;1.0;46547.83
2;2021-05-19;31.6;36.0;26.9;0.50;0.50;1.4;64;51;44090.36;14.7;115;36.6;42.2;32.5;2.0;46583.66
2;2021-05-20;31.7;36.1;26.9;0.30;0.30;2.6;64;51;44086.20;16.8;102;36.7;42.2;32.3;1.0;46618.67
2;2021-05-21;32.0;36.7;27.4;0.20;0.20;2.9;62;51;44337.61;16.7;109;36.8;42.7;32.9;2.0;46652.81
2;2021-05-22;31.8;36.0;27.8;0.60;0.60;3.6;62;51;44590.11;16.1;118;36.7;42.3;32.8;2.0;46686.03
2;2021-05-23;31.3;35.6;27.2;0.60;0.60;1.1;64;51;44843.71;17.0;99;35.9;40.8;32.0;2.0;46718.31
2;2021-05-24;28.7;31.8;26.5;14.50;14.50;1.1;81;63;44329.68;15.0;71;34.6;37.0;33.0;16.0;46749.58
2;2021-05-25;28.4;31.8;25.4;2.90;2.90;1.8;83;55;43200.00;19.2;92;34.3;37.3;31.6;5.0;46779.81
2;2021-05-26;28.5;32.0;25.4;3.70;3.70;0.8;83;55;44069.41;18.1;88;34.5;38.4;31.9;9.0;46808.96
2;2021-05-27;28.8;32.5;25.5;2.90;2.90;1.1;81;61;44325.14;16.9;93;34.9;39.5;30.9;7.0;46836.98
2;2021-05-28;29.5;34.0;25.9;1.40;1.40;1.8;79;53;44066.86;13.0;66;35.9;41.2;32.8;6.0;46863.84
2;2021-05-29;30.3;34.5;25.7;3.10;3.10;1.6;75;61;44839.49;10.9;115;36.8;41.2;32.0;4.0;46889.73
2;2021-05-30;31.8;37.5;26.5;0.10;0.10;0.5;66;51;44840.22;9.8;151;37.7;44.9;32.4;1.0;46914.73
2;2021-05-31;33.0;38.5;27.5;0.50;0.50;0.7;59;53;44841.45;11.8;186;38.2;44.9;32.6;1.0;46938.82
2;2021-06-01;33.6;39.5;27.8;0.00;0.00;3.1;56;3;45101.67;18.4;140;38.0;46.0;32.4;0.0;46961.98
2;2021-06-02;33.8;38.9;28.5;0.00;0.00;0.7;56;3;44845.21;16.2;127;38.8;45.0;33.4;0.0;46984.19
2;2021-06-03;33.9;38.8;28.7;0.00;0.00;2.6;53;3;42829.22;13.8;170;38.4;44.1;32.7;0.0;47005.42
2;2021-06-04;32.5;40.4;28.1;3.00;3.00;4.0;63;55;43200.00;16.4;284;37.6;45.8;33.3;7.0;47025.64
2;2021-06-05;29.7;34.1;27.5;12.90;12.90;0.7;81;63;39237.86;10.3;300;36.7;41.9;33.2;10.0;47044.85
2;2021-06-06;30.3;34.8;26.6;3.10;3.10;1.4;75;55;41474.35;9.6;150;36.5;40.3;32.3;5.0;47063.02
2;2021-06-07;28.9;31.7;26.7;10.80;10.80;1.0;81;63;39600.00;9.8;100;35.1;37.9;32.6;9.0;47080.11
2;2021-06-08;28.6;32.5;26.3;8.30;8.30;1.5;82;63;30920.46;13.4;92;34.7;38.2;32.0;11.0;47096.12
2;2021-06-09;28.6;30.7;26.8;7.60;7.60;1.1;83;63;17566.66;8.9;116;34.9;36.8;33.7;6.0;47111.01
2;2021-06-10;29.5;34.3;26.0;12.40;12.40;0.0;76;63;42290.94;7.6;302;35.8;41.1;31.6;8.0;47124.78
2;2021-06-11;29.0;33.5;25.8;3.00;3.00;1.5;77;61;27047.23;14.0;291;34.5;38.6;31.6;6.0;47137.39
2;2021-06-12;26.2;26.9;25.7;58.70;58.70;1.1;93;65;0.00;11.3;181;32.3;33.9;31.0;19.0;47148.82
2;2021-06-13;27.5;31.9;24.4;2.70;2.70;1.8;82;61;38257.95;9.9;142;33.1;37.9;29.1;6.0;47159.05
2;2021-06-14;28.9;34.7;24.4;0.00;0.00;4.4;72;3;40796.22;11.1;184;33.7;40.8;28.3;0.0;47168.07
2;2021-06-15;29.3;34.1;24.8;0.20;0.20;1.1;73;51;44637.83;11.2;169;34.7;41.8;28.7;2.0;47175.85
2;2021-06-16;30.2;34.9;25.5;0.00;0.00;2.8;66;3;39822.72;11.9;209;34.9;40.3;29.5;0.0;47182.37
2;2021-06-17;30.5;36.1;26.1;0.80;0.80;3.4;67;53;44648.10;11.9;196;35.5;42.2;29.8;1.0;47187.62
2;2021-06-18;31.1;36.9;25.9;0.70;0.70;1.8;63;53;44914.76;10.1;193;35.9;43.5;29.8;2.0;47191.62
2;2021-06-19;32.5;38.7;26.6;0.00;0.00;1.8;56;3;44920.49;14.2;234;36.8;42.9;30.5;0.0;47194.39
2;2021-06-20;33.2;38.9;27.7;0.00;0.00;1.8;53;3;44926.54;12.6;226;37.4;43.6;31.4;0.0;47195.92
2;2021-06-21;33.5;39.1;27.8;0.00;0.00;2.1;52;3;44671.49;13.5;215;37.6;43.4;31.5;0.0;47196.26
2;2021-06-22;32.8;39.0;28.4;1.30;1.30;2.4;55;55;43200.00;16.2;208;36.9;43.9;32.0;2.0;47195.39
2;2021-06-23;33.0;38.7;28.4;0.20;0.20;2.6;54;51;44162.16;15.8;240;36.9;42.1;32.5;2.0;47193.33
2;2021-06-24;31.6;37.2;28.1;6.40;6.40;2.5;62;63;40771.62;13.7;170;36.4;42.5;32.0;3.0;47190.08
2;2021-06-25;30.9;36.8;27.5;2.30;2.30;0.7;69;61;43200.00;13.7;133;36.5;42.3;32.5;4.0;47185.65
2;2021-06-26;30.8;36.1;26.4;0.40;0.40;1.8;69;51;43200.00;10.0;158;36.4;42.0;31.6;1.0;47180.07
2;2021-06-27;32.1;38.4;27.2;0.90;0.90;1.4;62;53;43930.35;10.4;183;37.4;45.4;31.8;2.0;47173.33
2;2021-06-28;33.2;39.1;27.6;0.00;0.00;4.1;52;3;43938.14;16.6;227;37.0;43.3;32.1;0.0;47165.44
2;2021-06-29;33.2;39.2;28.9;1.90;1.90;1.3;53;61;43200.00;11.5;192;37.4;43.5;33.4;3.0;47156.43
2;2021-06-30;32.9;39.3;28.6;1.10;1.10;1.1;55;53;43953.87;14.4;206;37.2;43.7;32.7;5.0;47146.31
2;2021-07-01;33.1;39.4;27.6;0.50;0.50;2.6;53;51;44222.50;11.9;174;37.0;43.8;32.0;4.0;47135.06
2;2021-07-02;33.0;38.8;28.4;0.50;0.50;2.3;53;51;43969.64;19.2;163;37.0;44.0;32.2;3.0;47122.74
2;2021-07-03;33.3;39.5;28.3;0.20;0.20;4.8;53;51;44237.92;15.2;129;37.2;45.3;32.5;2.0;47109.33
2;2021-07-04;32.4;36.9;28.1;0.50;0.50;2.9;57;51;44245.53;16.6;96;36.9;42.4;32.9;3.0;47094.85
2;2021-07-05;31.6;36.4;28.2;0.20;0.20;4.1;63;51;44252.97;14.3;91;36.2;41.5;33.6;1.0;47079.32
2;2021-07-06;28.1;29.1;27.1;8.60;8.60;1.8;86;61;6312.23;9.3;41;34.3;35.4;32.5;11.0;47062.75
2;2021-07-07;26.8;28.2;26.0;18.10;18.10;0.4;92;61;0.00;9.2;182;33.0;34.5;31.9;19.0;47045.15
2;2021-07-08;28.2;32.2;25.4;6.00;6.00;1.6;81;63;39891.49;17.3;120;33.9;39.2;30.6;10.0;47026.36
2;2021-07-09;28.3;31.7;25.0;0.70;0.70;4.1;79;51;43762.98;27.8;107;32.9;37.1;30.5;4.0;47006.33
2;2021-07-10;28.7;32.4;25.1;0.70;0.70;4.3;78;51;44029.78;23.8;100;33.1;37.0;30.5;3.0;46985.12
2;2021-07-11;29.3;33.3;26.0;0.00;0.00;6.0;75;2;44037.37;23.4;96;34.1;38.7;31.4;0.0;46962.73
2;2021-07-12;29.4;33.5;25.4;0.70;0.70;2.0;74;51;43786.42;20.9;99;34.4;39.5;31.2;2.0;46939.23
2;2021-07-13;29.4;34.0;25.8;1.40;1.40;0.8;73;55;43794.37;16.6;103;34.6;39.3;31.5;4.0;46914.64
2;2021-07-14;29.4;33.6;25.1;1.50;1.50;0.0;73;53;43802.36;19.1;106;34.4;39.3;30.6;4.0;46889.01
2;2021-07-15;29.6;34.2;26.2;0.50;0.50;1.8;72;51;43810.35;19.0;98;34.5;39.7;31.3;2.0;46862.36
2;2021-07-16;28.5;33.7;25.5;7.70;7.70;1.6;80;63;41372.77;17.1;293;34.1;37.9;31.0;5.0;46834.75
2;2021-07-17;29.5;35.3;25.1;1.20;1.20;1.3;76;55;43826.26;14.4;177;35.5;41.8;31.1;2.0;46806.19
2;2021-07-18;29.9;36.1;25.5;2.40;2.40;2.9;72;61;43577.36;13.2;188;35.2;42.3;30.3;4.0;46776.74
2;2021-07-19;30.6;35.6;26.3;0.70;0.70;2.9;69;53;43329.03;11.5;223;35.8;40.4;31.5;2.0;46746.43
2;2021-07-20;31.4;36.4;26.7;0.10;0.10;1.8;61;51;43200.00;17.1;245;35.5;40.1;33.0;1.0;46715.29
2;2021-07-21;31.8;36.7;27.4;0.00;0.00;3.3;54;3;38983.58;12.4;228;35.3;39.9;31.4;0.0;46683.35
2;2021-07-22;31.9;36.4;27.9;0.00;0.00;0.7;55;3;33331.10;15.6;235;35.3;39.1;32.7;0.0;46650.67
2;2021-07-23;30.8;32.9;28.7;0.20;0.20;1.9;57;51;7167.90;16.2;247;34.2;36.2;32.4;1.0;46617.26
2;2021-07-24;30.5;35.6;27.3;1.90;1.90;1.8;61;53;33770.49;16.8;188;34.2;37.9;30.6;6.0;46583.18
2;2021-07-25;27.8;31.1;25.8;17.60;17.60;1.3;86;63;3992.29;11.4;53;34.0;36.4;32.0;15.0;46548.45
2;2021-07-26;31.0;36.0;26.6;0.20;0.20;1.8;63;51;43200.00;16.1;261;35.4;40.6;32.0;1.0;46513.10
2;2021-07-27;32.2;38.1;26.1;0.00;0.00;1.5;58;3;43200.00;19.2;252;36.3;41.8;31.6;0.0;46477.16
2;2021-07-28;33.1;38.8;28.4;0.10;0.10;1.6;53;51;43200.00;20.5;240;36.6;41.8;32.9;1.0;46440.36
2;2021-07-29;33.7;38.7;28.5;0.20;0.20;1.1;51;51;43405.62;23.4;250;37.3;41.8;33.5;2.0;46402.61
2;2021-07-30;33.7;38.8;29.3;0.30;0.30;0.4;50;51;43200.00;18.2;242;37.1;40.9;34.1;1.0;46363.94
2;2021-07-31;33.7;38.6;29.6;0.20;0.20;5.0;49;51;43200.00;18.6;229;36.5;41.8;32.9;2.0;46324.42
2;2021-08-01;33.8;39.4;29.6;0.00;0.00;1.6;49;3;41899.13;22.0;235;36.8;42.0;33.7;0.0;46284.09
2;2021-08-02;33.5;37.3;30.4;0.00;0.00;5.2;49;3;43200.00;17.1;229;36.3;39.7;33.9;0.0;46242.98
2;2021-08-03;32.5;36.7;29.2;0.00;0.00;1.8;52;3;36118.18;24.1;260;35.3;38.1;33.6;0.0;46201.15
2;2021-08-04;33.0;38.4;29.1;0.00;0.00;0.5;51;3;41584.71;20.7;244;36.3;41.7;33.8;0.0;46158.65
2;2021-08-05;33.4;38.8;29.0;0.00;0.00;2.5;50;3;38753.95;19.1;250;36.6;41.2;33.8;0.0;46115.51
2;2021-08-06;33.7;39.2;29.0;0.00;0.00;0.8;50;3;43200.00;15.9;234;37.2;42.7;34.1;0.0;46071.78
2;2021-08-07;34.5;40.6;29.6;0.30;0.30;4.3;47;51;43200.00;15.4;230;37.8;44.3;33.1;2.0;46027.51
2;2021-08-08;34.2;39.9;30.1;0.30;0.30;2.9;49;51;43200.00;15.9;185;37.9;45.1;33.2;2.0;45982.74
2;2021-08-09;33.9;39.3;30.5;0.60;0.60;2.5;52;51;43225.04;15.5;179;38.3;44.6;34.4;3.0;45937.49
2;2021-08-10;33.3;38.8;29.3;3.10;3.10;2.1;54;63;43200.00;15.5;139;37.5;44.4;33.6;4.0;45891.83
2;2021-08-11;30.4;34.5;27.4;21.90;21.90;2.2;73;65;43200.00;13.1;121;36.4;40.4;34.2;10.0;45845.79
2;2021-08-12;29.7;34.3;26.9;7.50;7.50;1.3;80;63;43200.00;13.0;127;36.1;41.4;33.2;5.0;45799.41
2;2021-08-13;30.2;36.5;26.2;0.70;0.70;3.3;73;53;43200.00;12.2;152;35.7;42.3;32.3;3.0;45752.73
2;2021-08-14;30.5;36.4;27.1;3.20;3.20;1.8;71;63;41649.96;12.4;127;36.4;43.2;32.9;3.0;45705.78
2;2021-08-15;29.8;34.1;27.1;3.70;3.70;0.4;71;61;35443.13;11.0;107;35.2;39.6;33.0;5.0;45658.61
2;2021-08-16;29.5;34.4;25.7;2.00;2.00;2.2;75;55;43200.00;18.0;128;35.0;40.8;31.3;3.0;45611.24
2;2021-08-17;29.8;34.5;25.6;0.00;0.00;1.1;72;3;41632.90;12.7;110;35.1;40.7;31.1;0.0;45563.37
2;2021-08-18;31.1;36.9;26.2;0.10;0.10;1.0;65;51;43200.00;12.6;108;36.1;42.7;31.5;1.0;45514.87
2;2021-08-19;30.6;35.4;26.8;0.50;0.50;1.1;66;51;43200.00;12.5;123;35.6;41.1;31.5;3.0;45465.79
2;2021-08-20;30.2;35.1;25.9;0.00;0.00;2.3;70;3;43200.00;16.3;100;35.3;41.1;31.8;0.0;45416.17
2;2021-08-21;30.4;35.6;25.1;0.20;0.20;3.2;64;51;43200.00;14.8;88;34.8;41.1;29.4;1.0;45366.06
2;2021-08-22;30.9;37.2;26.7;0.30;0.30;1.9;64;51;43200.00;16.6;134;35.6;42.7;31.7;2.0;45315.49
2;2021-08-23;30.9;37.4;26.6;3.10;3.10;1.8;65;55;43200.00;16.4;121;35.3;42.8;31.3;4.0;45264.50
2;2021-08-24;30.0;34.7;25.6;0.40;0.40;1.1;67;51;43200.00;22.0;109;34.5;40.9;30.7;1.0;45213.14
2;2021-08-25;29.8;33.9;26.3;1.30;1.30;0.8;70;53;43200.00;14.8;92;34.8;39.8;32.0;4.0;45161.44
2;2021-08-26;29.2;33.8;25.7;2.70;2.70;1.3;73;53;43200.00;21.0;101;33.9;39.1;31.3;10.0;45109.45
2;2021-08-27;28.7;33.0;25.3;0.30;0.30;3.6;74;51;43200.00;23.1;104;32.9;37.9;31.0;3.0;45057.20
2;2021-08-28;28.7;33.2;24.9;0.00;0.00;4.5;71;3;43200.00;19.1;93;32.8;37.5;29.2;0.0;45004.73
2;2021-08-29;27.4;31.1;25.5;12.40;12.40;0.5;81;63;34896.53;16.0;88;32.2;35.7;30.0;15.0;44952.07
2;2021-08-30;27.1;30.5;24.9;8.90;8.90;0.7;88;61;37255.90;14.1;86;33.0;37.4;30.8;18.0;44899.27
2;2021-08-31;26.7;29.5;24.5;5.70;5.70;2.6;90;61;26159.19;9.7;283;32.7;37.0;30.2;12.0;44846.36
2;2021-09-01;27.4;31.3;24.0;1.70;1.70;2.5;84;53;43155.52;10.7;90;33.2;38.6;29.4;9.0;44793.37
2;2021-09-02;27.8;31.7;25.0;3.20;3.20;1.5;80;61;43110.31;10.3;138;33.4;37.6;30.8;6.0;44740.34
2;2021-09-03;27.9;30.8;25.6;2.00;2.00;1.1;80;53;29347.85;12.6;129;33.4;36.4;32.0;7.0;44687.30
2;2021-09-04;27.6;31.5;25.5;18.60;18.60;0.4;83;65;34111.53;10.0;191;33.4;37.5;30.5;12.0;44634.30
2;2021-09-05;27.2;31.0;25.1;10.70;10.70;1.1;83;61;27806.05;12.1;109;32.6;38.0;30.2;13.0;44581.35
2;2021-09-06;27.5;30.8;24.7;4.60;4.60;2.5;85;61;42928.59;16.6;87;33.3;37.6;30.7;13.0;44528.14
2;2021-09-07;25.7;27.0;24.7;22.80;22.80;2.2;94;63;3174.74;7.1;319;31.6;32.8;30.1;21.0;44474.53
2;2021-09-08;27.1;30.7;24.2;3.40;3.40;3.2;85;53;36086.55;22.7;104;32.1;37.2;29.4;11.0;44420.58
2;2021-09-09;27.3;30.3;24.8;3.60;3.60;1.8;87;53;33254.80;15.0;103;33.0;36.7;30.4;11.0;44366.31
2;2021-09-10;26.0;28.6;24.0;14.50;14.50;4.5;92;63;2836.55;13.0;291;31.3;33.6;29.1;15.0;44311.78
2;2021-09-11;25.7;26.6;25.2;64.10;64.10;5.9;91;65;0.00;27.0;314;29.2;31.5;27.8;24.0;44256.99
2;2021-09-12;24.9;26.7;23.8;78.50;78.50;6.5;95;63;2306.17;17.2;312;29.3;32.4;27.0;24.0;44202.01
2;2021-09-13;26.1;28.6;24.0;39.90;39.90;6.5;92;63;19676.03;16.9;12;31.0;33.9;27.7;23.0;44146.85
2;2021-09-14;27.5;31.0;24.6;12.20;12.20;1.0;88;63;39718.85;15.5;109;33.6;38.9;30.0;11.0;44091.56
2;2021-09-15;27.9;31.9;24.3;7.00;7.00;3.6;84;63;42233.40;22.0;107;33.3;38.8;29.4;5.0;44036.18
2;2021-09-16;27.7;31.5;25.0;2.60;2.60;3.0;85;53;41537.33;10.1;131;33.9;39.5;30.4;7.0;43980.74
2;2021-09-17;27.8;31.3;24.5;1.30;1.30;1.8;86;53;42392.62;11.5;109;34.2;39.0;30.2;4.0;43925.26
2;2021-09-18;27.9;31.6;24.3;0.40;0.40;1.8;83;51;39600.00;13.3;99;33.8;39.0;29.9;4.0;43869.79
2;2021-09-19;27.4;31.1;24.6;2.80;2.80;1.5;86;61;41129.97;16.9;98;33.0;37.6;30.5;5.0;43814.37
2;2021-09-20;26.8;29.6;24.5;16.10;16.10;0.7;88;63;39955.64;13.3;85;32.2;35.8;30.3;11.0;43759.01
2;2021-09-21;26.7;29.5;24.7;8.70;8.70;0.5;88;61;28633.69;10.7;100;32.3;35.1;30.3;20.0;43703.77
2;2021-09-22;26.8;29.6;24.4;2.50;2.50;1.8;90;53;39343.62;9.4;65;32.8;35.9;29.3;11.0;43648.67
2;2021-09-23;25.8;28.3;24.2;55.50;55.50;2.5;93;65;14400.00;30.9;6;30.7;34.9;27.5;16.0;43593.74
2;2021-09-24;27.3;31.0;25.5;9.80;9.80;8.0;84;63;27993.94;34.7;104;30.8;35.6;26.6;11.0;43539.03
2;2021-09-25;27.0;29.8;24.7;10.60;10.60;6.4;85;63;36417.87;17.5;107;31.7;35.6;29.3;8.0;43484.55
2;2021-09-26;26.8;29.6;24.7;5.80;5.80;1.8;88;61;37758.07;14.7;94;32.4;34.9;30.1;11.0;43429.98
2;2021-09-27;26.6;30.0;23.6;0.30;0.30;0.7;88;51;41082.35;13.6;79;32.3;36.4;28.7;3.0;43375.17
2;2021-09-28;27.0;30.0;24.5;1.40;1.40;1.1;87;51;40387.05;10.0;53;33.0;37.0;29.9;10.0;43320.17
2;2021-09-29;27.2;30.5;24.1;0.80;0.80;2.2;87;51;41131.25;11.8;101;33.2;37.0;29.8;5.0;43265.01
2;2021-09-30;27.1;30.8;23.3;0.00;0.00;3.4;85;3;40915.89;12.4;105;32.7;38.2;27.5;0.0;43209.73
2;2021-10-01;27.0;31.3;23.2;0.00;0.00;1.3;86;3;41180.72;13.7;108;32.7;39.2;27.9;0.0;43154.37
2;2021-10-02;26.8;31.1;22.7;0.00;0.00;0.7;84;3;40965.33;14.1;105;32.0;38.0;27.0;0.0;43098.97
2;2021-10-03;26.8;30.8;22.5;0.20;0.20;1.8;82;51;40509.33;16.5;105;31.4;36.4;26.3;2.0;43043.57
2;2021-10-04;26.0;29.5;23.6;12.10;12.10;1.9;89;61;38226.26;14.3;49;31.2;35.6;28.5;15.0;42988.19
2;2021-10-05;26.1;27.9;24.6;21.60;21.60;1.5;92;63;27069.70;15.5;60;31.8;33.4;30.3;24.0;42932.89
2;2021-10-06;26.0;27.6;24.4;54.80;54.80;2.0;92;63;6509.44;18.5;1;31.0;33.1;28.5;24.0;42877.69
2;2021-10-07;25.4;26.5;23.9;97.70;97.70;8.6;95;65;0.00;25.7;320;29.1;30.7;27.4;24.0;42822.64
2;2021-10-08;25.3;26.5;24.5;35.10;35.10;10.4;91;63;0.00;27.7;294;28.4;30.5;27.3;24.0;42767.78
2;2021-10-09;27.5;30.9;25.1;2.10;2.10;9.9;76;53;39600.00;24.8;291;30.6;34.1;27.8;11.0;42713.14
2;2021-10-10;26.7;30.0;23.9;3.20;3.20;1.5;88;53;39600.00;13.8;74;32.4;37.2;28.9;11.0;42658.76
2;2021-10-11;26.9;30.4;24.7;3.50;3.50;1.6;90;53;39393.39;12.7;87;33.0;38.0;30.3;8.0;42604.69
2;2021-10-12;25.4;26.8;23.0;16.40;16.40;3.9;88;61;17819.57;28.2;326;28.6;31.7;25.1;21.0;42550.96
2;2021-10-13;22.7;23.5;22.2;35.30;35.30;10.9;85;63;0.00;27.6;277;23.8;25.7;22.4;23.0;42497.60
2;2021-10-14;24.9;28.1;22.2;4.00;4.00;1.1;82;55;20437.27;11.8;131;28.6;31.6;24.5;10.0;42444.67
2;2021-10-15;25.3;28.5;23.7;24.30;24.30;0.8;90;63;17450.25;9.4;296;30.3;34.5;27.7;17.0;42392.20
2;2021-10-16;24.6;26.8;23.3;60.90;60.90;3.3;94;65;8081.50;17.8;7;28.8;31.0;27.8;24.0;42339.82
2;2021-10-17;24.7;25.6;24.1;84.20;84.20;6.9;91;65;0.00;40.8;39;26.3;28.6;23.9;22.0;42287.38
2;2021-10-18;24.5;28.0;22.9;21.00;21.00;1.3;93;63;7917.90;10.1;260;29.3;33.3;26.6;22.0;42234.92
2;2021-10-19;23.8;25.6;22.2;6.80;6.80;4.8;91;63;0.00;13.9;285;27.5;29.0;25.1;8.0;42182.50
2;2021-10-20;25.5;29.3;21.8;8.80;8.80;1.9;91;63;37651.25;12.2;120;30.8;34.9;25.8;8.0;42130.15
2;2021-10-21;26.1;30.1;22.7;3.50;3.50;1.1;89;53;39600.00;11.6;91;31.6;37.5;27.4;9.0;42077.91
2;2021-10-22;24.0;25.9;23.1;36.20;36.20;1.9;92;63;10091.01;17.3;326;28.0;29.0;26.7;24.0;42025.84
2;2021-10-23;23.6;24.1;23.0;133.30;133.30;10.0;91;65;244.31;18.7;1;26.5;27.4;25.6;24.0;41973.98
2;2021-10-24;24.3;26.3;23.3;19.90;19.90;11.9;85;61;11405.62;24.4;19;26.3;27.6;25.0;23.0;41922.36
2;2021-10-25;23.8;26.2;21.5;12.40;12.40;4.3;86;61;11751.72;19.2;2;26.6;27.6;24.8;17.0;41871.05
2;2021-10-26;23.9;26.8;21.1;13.80;13.80;4.7;86;63;26388.50;17.8;323;27.2;30.5;24.0;20.0;41820.08
2;2021-10-27;24.7;25.8;23.8;47.50;47.50;4.4;92;63;6108.08;20.4;45;28.1;29.5;26.9;24.0;41769.51
2;2021-10-28;25.0;27.0;22.9;34.20;34.20;1.1;91;63;8737.43;19.5;102;29.2;31.1;27.3;15.0;41719.37
2;2021-10-29;25.2;27.5;23.4;12.50;12.50;1.5;90;63;30585.93;11.0;70;30.0;32.3;28.2;24.0;41669.73
2;2021-10-30;25.3;27.5;23.5;17.90;17.90;0.0;90;65;37788.12;10.5;87;30.3;32.8;28.7;23.0;41620.62
2;2021-10-31;25.1;27.5;22.9;9.30;9.30;2.5;90;63;29318.90;12.1;91;29.8;32.2;27.1;15.0;41572.10
2;2021-11-01;25.4;28.3;23.1;4.30;4.30;3.2;89;61;36049.35;15.5;89;29.9;33.5;27.6;11.0;41524.22
2;2021-11-02;25.2;28.0;22.8;2.30;2.30;1.5;90;53;36000.00;15.3;91;29.9;33.2;27.3;12.0;41477.03
2;2021-11-03;25.3;28.2;23.3;2.50;2.50;1.9;89;51;36953.54;13.4;57;30.2;33.7;28.0;12.0;41430.58
2;2021-11-04;25.6;28.9;22.4;0.60;0.60;1.0;88;51;39600.00;13.9;90;30.5;34.0;27.0;6.0;41384.92
2;2021-11-05;25.6;29.3;21.8;0.00;0.00;3.0;87;3;39600.00;15.3;101;30.3;34.7;25.8;0.0;41339.65
2;2021-11-06;26.0;29.6;22.4;0.00;0.00;4.5;86;3;39600.00;12.8;105;30.9;36.6;26.4;0.0;41294.65
2;2021-11-07;26.1;29.3;23.3;0.00;0.00;3.6;84;3;39600.00;15.5;95;30.7;34.3;27.8;0.0;41249.95
2;2021-11-08;24.0;26.2;22.2;38.50;38.50;1.5;90;63;5787.89;26.9;13;27.1;30.5;23.0;22.0;41205.59
2;2021-11-09;22.4;24.0;21.1;23.00;23.00;5.0;88;63;344.04;20.4;353;24.4;25.8;22.8;24.0;41161.63
2;2021-11-10;22.1;23.6;20.5;19.40;19.40;7.6;91;61;0.00;18.4;333;24.5;25.9;22.3;24.0;41118.12
2;2021-11-11;21.4;22.6;19.9;9.30;9.30;2.2;92;61;0.00;10.9;272;24.2;25.7;21.7;17.0;41075.10
2;2021-11-12;22.9;25.8;20.0;5.00;5.00;1.9;89;61;477.81;10.6;54;26.5;29.5;23.2;11.0;41032.64
2;2021-11-13;23.0;24.4;22.0;26.30;26.30;1.1;88;63;0.00;19.1;353;25.8;27.3;24.7;21.0;40990.77
2;2021-11-14;22.5;24.2;21.2;11.20;11.20;2.6;92;55;507.11;8.3;358;26.2;28.2;24.1;21.0;40949.56
2;2021-11-15;23.0;24.7;21.5;23.10;23.10;1.4;94;63;0.00;14.4;43;26.8;29.1;24.4;22.0;40909.05
2;2021-11-16;25.1;27.8;23.3;3.80;3.80;5.1;84;53;37910.31;17.3;88;28.6;30.6;26.7;20.0;40869.29
2;2021-11-17;24.6;26.4;23.9;26.30;26.30;5.3;91;63;19690.89;17.9;56;28.5;29.9;26.9;24.0;40830.35
2;2021-11-18;24.5;26.7;23.1;17.20;17.20;1.0;88;63;26505.84;17.3;52;27.9;29.3;26.7;22.0;40792.28
2;2021-11-19;24.4;27.2;22.3;2.20;2.20;0.8;87;53;37715.23;14.0;92;28.3;31.0;26.3;10.0;40755.13
2;2021-11-20;24.5;28.0;21.1;0.00;0.00;4.5;87;3;39600.00;16.5;106;28.2;32.1;24.4;0.0;40718.96
2;2021-11-21;24.7;28.6;20.6;0.00;0.00;4.1;88;3;39591.58;13.9;102;28.9;33.3;24.1;0.0;40683.83
2;2021-11-22;23.8;27.7;21.1;8.80;8.80;2.8;91;61;29559.61;14.9;52;27.7;31.1;24.6;15.0;40649.79
2;2021-11-23;22.5;23.2;21.9;30.40;30.40;5.8;91;63;0.00;20.7;27;24.7;27.2;23.4;23.0;40616.90
2;2021-11-24;21.9;23.5;21.2;28.10;28.10;5.0;92;63;0.00;15.9;11;24.5;26.7;23.4;24.0;40585.21
2;2021-11-25;20.5;21.5;18.7;19.30;19.30;1.0;95;61;0.00;15.8;284;22.7;25.3;19.4;24.0;40554.40
2;2021-11-26;21.9;24.6;19.6;4.10;4.10;1.5;86;53;18356.04;21.2;345;24.0;26.4;21.3;15.0;40524.36
2;2021-11-27;23.1;24.9;21.1;5.90;5.90;5.9;81;53;3293.20;17.3;4;25.0;26.5;23.6;18.0;40495.11
2;2021-11-28;23.3;24.7;22.5;31.40;31.40;5.4;87;63;0.00;21.7;23;25.4;26.3;24.4;22.0;40466.70
2;2021-11-29;23.0;23.8;22.5;20.40;20.40;4.0;90;63;0.00;21.9;16;25.7;26.6;24.5;23.0;40439.16
2;2021-11-30;23.1;25.4;21.6;3.10;3.10;4.7;82;53;29390.05;21.7;15;25.0;26.6;23.2;16.0;40412.52
2;2021-12-01;21.5;22.7;19.8;12.00;12.00;4.7;80;63;1385.59;18.9;21;22.5;23.5;21.7;10.0;40386.83
2;2021-12-02;21.1;23.4;19.6;4.30;4.30;1.8;80;55;23676.06;17.1;20;22.6;24.4;21.3;11.0;40362.13
2;2021-12-03;19.7;22.9;17.2;1.20;1.20;3.1;84;51;38422.24;13.1;300;20.9;24.0;17.8;8.0;40338.44
2;2021-12-04;19.3;23.4;15.5;0.00;0.00;1.1;77;3;39143.85;13.2;18;20.0;24.6;16.2;0.0;40315.81
2;2021-12-05;20.3;22.3;18.5;2.60;2.60;5.2;76;53;0.00;15.3;302;21.0;23.9;18.6;11.0;40294.28
2;2021-12-06;20.7;22.8;18.8;0.90;0.90;5.1;70;51;9533.39;18.9;318;20.6;22.1;18.6;5.0;40273.88
2;2021-12-07;19.9;22.4;17.9;0.00;0.00;2.7;78;3;17819.37;9.5;273;21.1;24.5;18.5;0.0;40254.66
2;2021-12-08;20.2;22.9;18.3;7.80;7.80;0.5;89;61;2743.25;16.6;273;21.8;24.1;19.9;13.0;40236.65
2;2021-12-09;22.4;25.4;19.7;5.80;5.80;3.1;87;55;32400.00;20.5;101;24.6;27.0;22.8;14.0;40219.88
2;2021-12-10;21.4;24.7;18.8;1.40;1.40;4.0;86;51;36389.23;18.4;109;23.4;26.4;20.7;9.0;40204.41
2;2021-12-11;21.1;24.6;17.5;4.00;4.00;1.8;86;53;37997.57;12.0;78;23.4;26.4;19.0;13.0;40190.25
2;2021-12-12;22.1;23.8;21.0;11.00;11.00;3.4;89;61;0.00;16.1;57;24.9;26.7;23.6;19.0;40177.46
2;2021-12-13;21.6;23.4;20.4;8.90;8.90;0.5;85;61;14027.91;18.1;58;23.8;24.8;23.2;19.0;40166.06
2;2021-12-14;21.4;23.7;19.8;7.00;7.00;2.9;89;55;13289.14;13.1;57;23.9;25.5;22.8;17.0;40156.10
2;2021-12-15;21.6;23.0;19.6;2.20;2.20;1.9;94;51;0.00;8.0;315;25.2;26.5;22.7;11.0;40147.46
2;2021-12-16;23.6;26.5;21.0;0.30;0.30;1.8;89;51;34283.87;13.5;85;27.2;29.4;24.5;3.0;40140.09
2;2021-12-17;22.8;24.8;21.7;6.20;6.20;2.6;90;53;7534.63;14.2;10;26.2;28.1;24.9;21.0;40133.99
2;2021-12-18;21.4;23.2;20.1;15.20;15.20;1.3;89;61;480.97;20.7;43;23.5;25.4;22.3;21.0;40129.15
2;2021-12-19;19.7;21.2;17.8;31.30;31.30;2.6;90;63;0.00;21.2;347;20.4;22.8;17.5;23.0;40125.58
2;2021-12-20;19.0;20.8;17.5;5.90;5.90;11.9;82;61;7834.74;24.2;286;18.4;20.0;16.7;8.0;40123.27
2;2021-12-21;19.9;21.2;18.9;3.80;3.80;7.7;87;53;0.00;17.1;292;21.0;22.6;19.2;12.0;40122.22
2;2021-12-22;20.4;23.0;18.6;1.90;1.90;3.4;89;51;7943.22;13.0;300;22.4;24.3;19.9;12.0;40122.43
2;2021-12-23;21.7;24.9;19.2;2.20;2.20;1.8;89;53;23469.65;12.8;319;24.6;28.2;21.6;8.0;40123.90
2;2021-12-24;21.9;25.3;19.0;1.30;1.30;0.4;91;51;33451.05;14.5;42;25.1;28.2;21.3;11.0;40126.61
2;2021-12-25;22.1;24.1;21.5;41.40;41.40;1.1;93;65;14437.01;18.8;81;25.3;26.7;23.3;23.0;40130.58
2;2021-12-26;22.0;23.1;21.6;48.40;48.40;10.7;92;65;341.93;21.3;71;24.1;25.6;23.1;24.0;40135.78
2;2021-12-27;20.4;21.8;19.6;38.90;38.90;13.1;92;63;0.00;23.8;8;21.3;22.6;20.1;24.0;40142.23
2;2021-12-28;20.4;21.1;19.7;35.70;35.70;2.9;92;61;0.00;15.9;4;22.3;24.0;20.4;24.0;40149.90
2;2021-12-29;20.6;22.4;18.2;24.30;24.30;0.8;95;63;4278.44;14.6;358;23.2;25.5;18.9;24.0;40158.80
2;2021-12-30;21.6;23.6;19.4;7.70;7.70;4.5;88;61;28364.48;21.5;64;23.2;24.5;21.6;21.0;40168.92
2;2021-12-31;20.5;23.2;18.6;6.00;6.00;3.6;90;53;27003.55;20.2;94;22.2;23.8;20.5;24.0;40180.26
2;2022-01-01;20.9;22.9;19.3;10.50;10.50;0.4;90;61;20231.49;16.0;87;23.1;24.3;21.6;23.0;40192.81
2;2022-01-02;20.8;22.2;19.5;19.20;19.20;1.1;92;63;175.81;19.8;69;23.0;23.8;22.2;24.0;40206.55
2;2022-01-03;21.5;23.7;20.0;4.00;4.00;1.6;87;53;22276.62;14.0;83;23.8;25.3;22.7;17.0;40221.50
2;2022-01-04;21.3;24.0;18.2;2.80;2.80;1.8;90;51;31999.60;12.8;72;23.9;26.4;20.3;14.0;40237.80
2;2022-01-05;22.1;24.4;19.8;1.00;1.00;1.5;91;51;36000.00;12.1;66;25.4;27.2;23.0;7.0;40255.51
2;2022-01-06;22.7;25.5;20.6;6.10;6.10;3.6;89;61;36000.00;19.0;100;25.4;28.0;23.6;13.0;40274.56
2;2022-01-07;21.7;25.2;18.4;0.80;0.80;4.5;86;51;36000.00;15.5;111;23.9;27.0;20.2;6.0;40294.94
2;2022-01-08;21.5;23.1;20.3;7.10;7.10;1.1;92;55;4902.58;13.1;101;24.4;26.0;23.2;19.0;40316.59
2;2022-01-09;22.7;25.2;21.1;2.50;2.50;3.5;87;53;32095.62;15.6;91;25.5;28.1;24.2;11.0;40339.46
2;2022-01-10;22.2;26.0;18.7;0.10;0.10;4.0;90;51;37177.06;15.0;104;25.1;29.2;21.1;1.0;40363.52
2;2022-01-11;21.1;23.9;19.0;11.20;11.20;2.9;92;55;18332.40;16.6;352;23.3;26.0;20.5;16.0;40388.73
2;2022-01-12;20.9;24.0;18.5;2.60;2.60;3.3;88;53;31681.18;14.0;300;22.7;25.6;19.7;13.0;40415.02
2;2022-01-13;21.1;24.3;18.4;2.00;2.00;1.6;89;53;29180.27;20.2;100;23.3;26.3;21.0;8.0;40442.38
2;2022-01-14;21.0;24.7;16.8;0.50;0.50;3.2;89;51;36586.47;14.2;97;23.3;27.7;18.0;3.0;40470.75
2;2022-01-15;21.5;25.8;16.8;0.20;0.20;4.6;85;51;37867.08;24.1;110;23.2;28.7;18.1;1.0;40500.09
2;2022-01-16;21.6;26.1;16.5;0.00;0.00;5.1;86;3;38365.35;18.7;110;23.5;29.0;17.6;0.0;40530.36
2;2022-01-17;21.5;25.4;18.2;6.50;6.50;1.8;89;61;35586.04;12.4;75;24.4;28.6;20.4;13.0;40561.51
2;2022-01-18;20.0;21.0;18.5;32.60;32.60;6.9;94;63;0.00;18.5;333;21.6;23.4;19.7;24.0;40593.50
2;2022-01-19;20.0;21.2;18.5;26.70;26.70;2.8;92;63;0.00;13.8;14;22.0;23.1;20.0;24.0;40626.29
2;2022-01-20;21.5;23.9;19.0;3.20;3.20;1.6;85;53;35665.11;18.1;96;23.4;25.6;21.7;11.0;40659.86
2;2022-01-21;21.8;24.8;18.3;1.00;1.00;4.7;86;51;36705.10;20.6;106;23.6;26.8;20.2;5.0;40694.13
2;2022-01-22;22.5;26.4;18.9;0.30;0.30;2.7;88;51;37969.25;12.6;102;25.6;30.6;20.8;1.0;40729.09
2;2022-01-23;23.0;26.9;19.4;0.90;0.90;1.4;90;53;36120.57;9.5;136;26.8;32.2;22.2;4.0;40764.69
2;2022-01-24;23.3;27.7;19.3;0.60;0.60;0.5;91;51;31179.50;10.8;250;27.5;33.6;22.0;4.0;40801.29
2;2022-01-25;23.0;25.9;20.5;2.40;2.40;1.5;93;53;31829.98;13.8;85;26.8;30.5;23.6;10.0;40839.01
2;2022-01-26;22.6;26.5;19.5;0.60;0.60;2.6;91;51;37124.34;18.1;103;25.9;30.9;22.6;4.0;40877.78
2;2022-01-27;22.5;26.7;18.2;0.00;0.00;3.9;89;3;38862.72;15.0;107;25.7;30.7;20.6;0.0;40917.55
2;2022-01-28;22.4;26.7;18.6;0.20;0.20;4.0;89;51;38579.02;13.2;111;25.5;30.4;20.5;2.0;40958.25
2;2022-01-29;22.9;27.0;18.9;0.00;0.00;4.3;88;1;37787.08;14.8;114;26.1;31.5;21.3;0.0;40999.83
2;2022-01-30;21.9;24.4;20.2;2.80;2.80;3.7;89;53;15950.75;20.7;286;24.1;27.2;21.9;9.0;41042.24
2;2022-01-31;19.8;21.6;18.0;0.70;0.70;5.4;86;51;172.25;21.7;295;20.6;23.6;18.1;5.0;41085.42
2;2022-02-01;18.8;20.6;17.6;0.60;0.60;7.4;85;51;1727.55;17.9;281;19.0;20.7;17.3;6.0;41129.30
2;2022-02-02;20.0;22.8;18.2;0.20;0.20;8.8;85;51;8617.06;19.4;289;20.8;24.2;18.5;2.0;41173.85
2;2022-02-03;19.2;20.5;18.5;4.70;4.70;9.0;91;55;0.00;19.7;290;20.1;21.4;18.9;17.0;41218.99
2;2022-02-04;19.3;20.9;18.2;15.10;15.10;7.5;92;61;109.24;20.1;323;20.3;21.3;19.1;24.0;41264.68
2;2022-02-05;19.7;20.8;18.2;24.60;24.60;1.4;94;63;0.00;13.0;24;22.0;23.4;19.5;24.0;41310.88
2;2022-02-06;20.1;23.3;17.1;7.60;7.60;1.1;89;61;12774.99;20.3;101;21.2;23.8;17.2;14.0;41357.52
2;2022-02-07;22.3;27.3;17.5;0.00;0.00;3.1;89;3;38774.32;11.0;112;25.7;32.8;19.4;0.0;41404.55
2;2022-02-08;22.8;26.2;19.7;1.00;1.00;1.8;93;51;25985.31;15.1;78;26.1;30.7;23.0;7.0;41451.93
2;2022-02-09;23.7;26.4;21.8;1.30;1.30;7.2;91;51;34431.50;18.5;84;26.9;30.5;25.2;10.0;41499.59
2;2022-02-10;22.5;24.6;20.8;1.40;1.40;2.6;93;51;17982.67;14.3;348;25.9;27.8;23.6;8.0;41547.51
2;2022-02-11;22.9;26.4;19.9;0.40;0.40;2.6;91;51;37015.83;22.0;98;25.8;29.7;23.0;3.0;41595.63
2;2022-02-12;23.3;25.5;21.8;0.30;0.30;11.6;87;51;35111.62;22.3;96;25.2;27.5;24.0;2.0;41643.91
2;2022-02-13;23.7;26.5;21.7;7.80;7.80;8.5;88;63;37090.26;21.4;91;26.5;29.5;24.3;8.0;41692.74
2;2022-02-14;19.9;22.6;18.9;23.30;23.30;5.4;94;63;0.00;20.7;289;20.9;26.4;19.5;21.0;41742.28
2;2022-02-15;19.6;21.1;17.9;0.80;0.80;5.2;89;51;0.00;15.3;282;20.8;22.4;18.3;7.0;41792.48
2;2022-02-16;21.1;23.7;19.3;0.10;0.10;0.8;91;51;3608.93;10.5;323;23.8;26.5;21.3;1.0;41843.29
2;2022-02-17;23.4;28.1;19.9;0.40;0.40;0.8;92;51;32608.20;9.0;84;27.8;33.8;23.1;4.0;41894.64
2;2022-02-18;25.0;28.7;21.5;1.00;1.00;3.2;91;53;38167.70;9.7;108;29.8;35.8;25.4;2.0;41946.50
2;2022-02-19;23.8;28.9;18.6;18.90;18.90;1.5;90;65;29706.79;28.7;309;27.3;36.3;18.6;9.0;41998.82
2;2022-02-20;17.8;18.7;16.1;7.50;7.50;9.0;88;53;0.00;22.2;312;17.6;19.0;15.8;23.0;42051.55
2;2022-02-21;15.0;16.3;13.9;2.30;2.30;10.2;88;51;0.00;21.2;272;13.6;16.3;11.9;19.0;42104.63
2;2022-02-22;17.1;18.7;15.0;11.80;11.80;8.7;91;61;292.91;20.0;305;16.9;18.5;14.1;24.0;42158.03
2;2022-02-23;17.0;17.8;16.0;9.90;9.90;6.5;85;55;0.00;22.4;338;16.0;17.1;15.0;24.0;42211.69
2;2022-02-24;17.5;19.2;16.3;9.10;9.10;4.8;89;53;0.00;16.2;338;18.0;19.3;16.6;22.0;42265.57
2;2022-02-25;18.2;19.8;16.4;6.60;6.60;2.6;94;53;0.00;12.4;310;19.7;21.6;17.0;22.0;42319.64
2;2022-02-26;19.6;22.2;17.6;3.60;3.60;0.7;92;53;528.08;14.8;70;21.8;23.0;19.6;14.0;42373.82
2;2022-02-27;20.5;22.4;19.0;6.80;6.80;0.8;90;55;7566.80;14.2;90;22.7;24.0;21.7;14.0;42428.09
2;2022-02-28;21.1;25.4;17.0;0.00;0.00;1.5;87;3;41614.36;18.3;96;23.3;28.7;18.1;0.0;42482.40
2;2022-03-01;22.1;26.5;18.1;0.50;0.50;0.8;89;51;40477.46;16.1;84;24.8;30.7;19.6;5.0;42536.72
2;2022-03-02;23.1;25.8;21.1;1.30;1.30;6.6;88;51;36140.58;16.1;83;25.8;28.9;24.1;9.0;42590.99
2;2022-03-03;22.7;25.6;19.6;0.80;0.80;4.4;87;51;39923.29;16.2;87;25.4;28.4;21.8;5.0;42645.16
2;2022-03-04;22.8;26.8;19.0;0.00;0.00;4.0;90;3;41828.66;15.8;95;26.3;32.3;21.5;0.0;42699.22
2;2022-03-05;23.5;26.7;20.7;0.70;0.70;1.6;91;51;34328.49;16.7;94;27.3;30.3;24.1;5.0;42753.52
2;2022-03-06;24.7;28.8;21.8;0.20;0.20;1.0;90;51;33045.87;12.4;81;29.4;35.3;26.1;2.0;42808.23
2;2022-03-07;24.0;26.5;22.3;14.20;14.20;3.3;91;65;23226.10;18.6;73;27.7;30.5;25.9;14.0;42863.30
2;2022-03-08;22.5;24.6;20.7;0.70;0.70;6.3;78;51;42494.38;20.0;93;23.8;26.0;21.5;5.0;42918.69
2;2022-03-09;21.7;24.5;18.5;0.00;0.00;5.6;77;3;42185.06;18.4;104;22.6;25.5;20.1;0.0;42974.36
2;2022-03-10;21.9;25.7;17.8;0.00;0.00;4.7;78;3;42605.96;16.0;102;23.6;27.2;19.2;0.0;43030.28
2;2022-03-11;22.1;26.0;18.0;0.20;0.20;4.0;86;51;41831.10;14.6;100;24.7;29.3;19.5;2.0;43086.39
2;2022-03-12;23.1;26.2;20.3;0.30;0.30;4.4;87;51;41020.99;18.4;103;25.9;29.5;23.4;3.0;43142.67
2;2022-03-13;22.8;27.2;18.2;0.00;0.00;3.0;88;3;41972.19;16.3;98;26.1;32.3;20.6;0.0;43199.08
2;2022-03-14;23.3;27.3;19.0;0.00;0.00;1.0;90;3;34799.60;14.6;89;27.1;33.1;21.4;0.0;43255.56
2;2022-03-15;24.7;27.8;23.1;0.40;0.40;1.6;88;51;32506.01;13.7;75;29.0;32.7;27.5;3.0;43312.10
2;2022-03-16;24.7;27.1;22.6;0.20;0.20;4.8;87;51;40201.68;14.7;91;28.3;30.8;26.7;2.0;43368.64
2;2022-03-17;25.2;29.4;21.5;0.00;0.00;0.7;89;3;34074.90;10.8;68;30.1;36.1;25.5;0.0;43425.16
2;2022-03-18;24.8;28.0;22.6;13.20;13.20;1.8;93;65;9389.21;19.0;329;29.9;33.9;26.9;11.0;43481.60
2;2022-03-19;26.0;29.0;23.9;0.00;0.00;1.3;87;3;24709.31;13.0;94;31.0;34.9;29.4;0.0;43537.94
2;2022-03-20;26.3;30.1;22.5;0.00;0.00;0.8;87;3;28277.01;10.8;85;31.6;36.7;27.0;0.0;43594.14
2;2022-03-21;27.4;31.8;23.1;0.90;0.90;2.5;85;53;36685.07;7.4;131;33.2;39.7;27.8;2.0;43650.14
2;2022-03-22;27.9;31.9;24.1;0.70;0.70;1.8;85;51;33467.63;9.5;115;34.3;39.8;29.6;5.0;43705.93
2;2022-03-23;26.5;30.5;24.1;13.00;13.00;1.0;89;63;33365.24;9.8;233;32.6;38.0;28.9;14.0;43761.45
2;2022-03-24;24.5;27.3;22.7;0.90;0.90;3.1;90;51;26957.88;13.5;327;28.8;33.0;25.6;6.0;43816.69
2;2022-03-25;26.9;32.5;22.6;4.30;4.30;2.9;88;63;42123.40;11.5;166;33.0;40.8;26.8;2.0;43871.97
2;2022-03-26;27.8;33.3;23.5;0.20;0.20;1.4;81;51;43087.23;12.2;174;33.5;41.7;27.7;2.0;43927.45
2;2022-03-27;27.3;33.4;23.4;4.30;4.30;0.4;83;61;34274.65;13.6;273;32.7;41.0;27.6;8.0;43983.09
2;2022-03-28;23.4;24.7;22.4;16.20;16.20;3.6;89;63;0.00;19.6;329;26.1;28.3;24.8;17.0;44038.85
2;2022-03-29;23.6;26.0;21.5;0.40;0.40;0.7;87;51;29826.24;14.9;330;27.1;29.5;24.3;3.0;44094.70
2;2022-03-30;24.5;27.3;21.9;5.10;5.10;2.6;89;61;34701.86;16.5;60;28.6;32.6;25.7;11.0;44150.60
2;2022-03-31;24.2;26.4;22.8;33.60;33.60;1.9;92;65;8778.98;20.0;83;27.9;30.1;26.7;21.0;44206.52
2;2022-04-01;23.8;24.5;23.2;103.20;103.20;13.0;91;65;0.00;31.4;48;25.8;27.5;23.7;24.0;44262.42
2;2022-04-02;20.6;22.8;19.4;179.50;179.50;21.6;91;65;0.00;33.4;345;20.0;22.8;18.5;24.0;44318.25
2;2022-04-03;19.8;20.9;18.6;18.60;18.60;4.3;84;63;0.00;22.7;348;20.0;21.9;18.6;15.0;44373.99
2;2022-04-04;20.7;23.9;18.6;1.50;1.50;3.1;84;51;617.89;14.0;308;22.6;25.0;18.8;8.0;44429.60
2;2022-04-05;22.7;25.5;20.3;1.40;1.40;1.8;85;53;28167.56;15.8;21;25.4;27.7;23.0;8.0;44485.04
2;2022-04-06;23.1;25.2;21.6;7.60;7.60;2.8;87;61;36271.89;18.4;360;26.0;27.9;24.6;12.0;44540.27
2;2022-04-07;22.9;25.8;20.1;4.00;4.00;1.1;87;55;42373.89;16.4;352;26.1;29.9;23.3;15.0;44595.25
2;2022-04-08;22.2;26.5;18.4;0.00;0.00;2.9;85;3;43200.00;12.2;94;25.2;31.0;20.5;0.0;44649.94
2;2022-04-09;22.0;26.2;18.4;0.00;0.00;4.3;83;3;43200.00;13.3;118;24.5;30.4;20.2;0.0;44704.31
2;2022-04-10;22.6;27.4;17.6;0.00;0.00;2.6;86;3;43200.00;13.6;104;25.6;32.5;19.1;0.0;44758.30
2;2022-04-11;24.1;28.1;19.9;0.00;0.00;2.7;88;3;43200.00;11.6;101;28.4;34.7;22.6;0.0;44811.89
2;2022-04-12;25.0;29.3;21.5;5.80;5.80;0.7;90;63;43200.00;13.0;111;30.0;37.1;25.4;2.0;44865.03
2;2022-04-13;25.7;30.5;22.1;10.70;10.70;1.0;93;65;43200.00;11.4;242;31.6;38.1;26.4;5.0;44917.69
2;2022-04-14;25.8;29.2;23.2;0.40;0.40;0.0;92;51;34594.45;13.0;72;31.5;36.8;28.4;3.0;44970.20
2;2022-04-15;26.9;30.6;23.4;1.20;1.20;2.1;89;53;37700.25;12.7;116;32.8;38.3;28.6;3.0;45022.69
2;2022-04-16;26.8;30.3;23.4;0.70;0.70;4.1;87;53;42628.60;19.9;104;31.6;36.5;28.2;1.0;45075.13
2;2022-04-17;26.2;29.0;24.1;0.20;0.20;9.1;84;51;43200.00;23.8;94;29.9;34.0;28.1;2.0;45127.47
2;2022-04-18;24.8;27.8;22.6;6.50;6.50;2.7;87;61;42577.27;15.3;33;28.9;32.6;25.9;13.0;45179.69
2;2022-04-19;23.3;24.9;21.8;20.60;20.60;13.0;90;63;28681.47;20.1;348;25.6;27.3;24.1;24.0;45231.74
2;2022-04-20;22.8;24.5;21.2;5.10;5.10;2.0;90;53;5739.20;16.8;303;25.8;28.2;22.7;14.0;45283.58
2;2022-04-21;24.5;27.3;21.5;3.70;3.70;1.1;90;61;41605.44;13.2;86;29.0;32.2;25.4;7.0;45335.18
2;2022-04-22;26.5;30.5;22.2;1.60;1.60;1.5;88;53;38448.59;8.4;130;32.5;38.8;26.1;4.0;45386.49
2;2022-04-23;27.2;30.8;23.1;0.60;0.60;1.5;88;51;37671.52;9.5;137;33.5;39.0;27.6;3.0;45437.48
2;2022-04-24;27.8;32.6;23.3;0.60;0.60;1.1;83;53;43200.00;11.1;153;33.8;41.1;28.1;1.0;45488.10
2;2022-04-25;28.3;33.5;23.5;1.70;1.70;3.3;81;61;43200.00;10.8;142;34.4;42.5;27.9;1.0;45538.31
2;2022-04-26;29.2;33.8;24.5;0.00;0.00;1.1;81;3;43200.00;9.6;135;35.8;43.7;28.8;0.0;45588.08
2;2022-04-27;29.0;33.2;25.1;0.00;0.00;0.8;83;3;43200.00;12.2;103;35.6;42.0;29.9;0.0;45637.35
2;2022-04-28;28.6;32.8;25.8;0.00;0.00;2.8;82;3;43294.99;20.1;101;34.2;41.1;30.5;0.0;45686.08
2;2022-04-29;27.5;31.6;23.1;0.30;0.30;2.2;85;51;43200.00;20.4;96;32.7;38.5;27.9;1.0;45734.24
2;2022-04-30;26.6;29.0;25.3;8.60;8.60;4.9;87;63;25065.02;18.4;94;31.3;34.4;30.1;16.0;45781.76
2;2022-05-01;24.9;27.5;21.7;56.00;56.00;1.5;93;65;6204.05;27.4;305;29.4;33.4;22.4;22.0;45828.61
2;2022-05-02;21.7;22.7;20.9;54.30;54.30;9.8;93;63;0.00;26.8;323;22.9;24.7;22.0;24.0;45874.75
2;2022-05-03;22.3;23.7;21.0;18.50;18.50;6.4;87;63;120.43;19.2;339;24.2;25.3;22.3;16.0;45920.12
2;2022-05-04;22.8;25.4;20.2;0.20;0.20;4.2;83;51;22584.19;15.9;302;25.1;27.6;21.4;2.0;45965.05
2;2022-05-05;24.5;26.8;22.2;0.00;0.00;2.8;83;3;39355.80;12.5;9;28.3;31.5;24.9;0.0;46009.64
2;2022-05-06;25.6;28.1;23.4;6.50;6.50;1.6;88;61;36826.35;12.1;59;30.6;34.5;28.1;11.0;46053.85
2;2022-05-07;26.0;28.9;23.2;1.30;1.30;0.5;89;51;40242.59;16.9;88;31.1;34.8;28.4;5.0;46097.67
2;2022-05-08;26.3;29.1;23.6;3.00;3.00;3.4;88;53;34999.21;17.0;105;31.1;34.7;28.4;10.0;46141.04
2;2022-05-09;26.8;29.9;24.2;7.10;7.10;2.7;89;63;40842.17;16.2;104;32.4;36.6;29.4;18.0;46183.93
2;2022-05-10;27.4;31.2;24.1;6.80;6.80;1.5;88;63;39405.09;12.0;164;33.8;39.8;29.6;8.0;46226.29
2;2022-05-11;27.9;32.4;24.0;7.20;7.20;1.6;85;63;43639.06;8.7;155;34.1;40.5;29.0;4.0;46268.08
2;2022-05-12;28.3;33.0;24.3;5.80;5.80;0.8;83;63;42724.00;10.7;159;34.8;41.7;29.2;3.0;46309.27
2;2022-05-13;28.3;31.7;25.1;0.00;0.00;2.8;85;3;31833.29;9.8;130;34.5;38.7;30.4;0.0;46349.80
2;2022-05-14;28.1;32.7;25.3;15.60;15.60;0.7;87;65;29510.79;9.9;135;34.8;41.8;30.6;8.0;46389.65
2;2022-05-15;28.1;33.6;25.6;32.10;32.10;0.7;87;65;32400.00;9.4;184;34.9;42.3;31.6;9.0;46428.76
2;2022-05-16;24.6;26.8;23.2;29.40;29.40;2.3;92;63;0.00;23.2;319;28.1;33.2;26.2;24.0;46467.09
2;2022-05-17;23.5;24.7;22.7;11.80;11.80;7.6;92;61;0.00;12.4;303;26.9;28.1;25.6;21.0;46504.60
2;2022-05-18;24.3;26.3;22.9;3.60;3.60;2.4;91;53;6702.17;10.5;319;28.7;30.7;26.8;13.0;46541.24
2;2022-05-19;25.6;28.6;22.3;1.70;1.70;1.6;89;51;43242.24;14.5;92;30.6;35.4;26.9;9.0;46576.97
2;2022-05-20;26.1;29.1;23.6;10.60;10.60;2.0;91;61;41341.36;12.5;138;31.8;36.0;29.0;16.0;46611.74
2;2022-05-21;26.4;29.1;24.1;15.70;15.70;1.5;89;63;35511.23;14.1;87;31.9;36.1;29.4;18.0;46645.51
2;2022-05-22;27.1;30.5;24.4;4.00;4.00;1.9;90;63;39425.76;13.9;93;33.4;38.2;30.3;7.0;46678.22
2;2022-05-23;27.4;30.7;24.6;6.60;6.60;2.7;89;61;40287.88;11.2;128;33.8;38.9;30.5;12.0;46709.85
2;2022-05-24;27.8;31.5;24.6;3.40;3.40;0.8;87;61;43561.01;9.2;170;34.2;39.5;29.8;6.0;46740.62
2;2022-05-25;27.8;31.4;24.6;3.00;3.00;1.6;90;61;39457.85;9.9;154;34.8;40.2;30.6;8.0;46770.61
2;2022-05-26;28.4;32.7;24.4;1.60;1.60;2.9;84;61;41654.78;8.4;174;34.8;40.8;29.2;2.0;46799.81
2;2022-05-27;27.9;32.7;24.2;10.90;10.90;2.6;83;63;36289.10;9.2;180;33.8;41.1;28.7;6.0;46828.19
2;2022-05-28;27.4;31.7;24.6;14.90;14.90;0.8;87;65;44067.71;10.2;147;33.8;40.0;29.8;7.0;46855.72
2;2022-05-29;27.9;32.2;24.0;7.00;7.00;1.1;83;63;44582.83;15.0;143;33.7;39.3;28.9;5.0;46882.37
2;2022-05-30;27.8;32.7;24.3;16.40;16.40;2.3;85;65;43045.72;9.4;183;34.1;40.6;29.3;9.0;46908.10
2;2022-05-31;27.7;31.7;24.7;2.30;2.30;1.8;88;53;44068.31;9.0;189;34.3;39.9;30.3;7.0;46932.90
2;2022-06-01;28.2;32.2;24.5;2.00;2.00;1.1;86;55;44586.30;12.3;173;34.9;40.4;30.2;7.0;46956.74
2;2022-06-02;28.1;32.6;24.7;7.30;7.30;3.1;86;63;44588.17;8.7;176;34.6;40.5;30.2;7.0;46979.57
2;2022-06-03;28.6;33.8;25.1;1.20;1.20;1.0;83;55;43212.62;11.5;144;35.0;42.4;30.7;2.0;47001.37
2;2022-06-04;29.2;34.0;24.3;1.90;1.90;0.8;77;61;44333.59;13.8;185;35.1;42.0;29.5;1.0;47022.13
2;2022-06-05;29.2;34.9;24.6;0.10;0.10;3.3;76;51;43817.16;12.7;184;34.8;42.6;28.8;1.0;47041.80
2;2022-06-06;29.3;33.9;24.7;1.30;1.30;2.3;77;61;44079.22;10.5;195;35.4;42.4;28.9;1.0;47060.35
2;2022-06-07;28.9;33.0;25.2;0.10;0.10;3.2;79;51;43200.00;11.5;187;34.7;39.9;29.9;1.0;47077.76
2;2022-06-08;28.9;32.4;25.4;0.00;0.00;3.3;78;3;35037.28;12.2;203;34.4;38.7;30.1;0.0;47094.01
2;2022-06-09;29.2;34.2;25.6;0.00;0.00;1.8;76;3;40245.61;12.3;147;34.7;40.4;30.7;0.0;47109.05
2;2022-06-10;30.0;34.9;25.6;0.00;0.00;4.5;71;3;43200.00;13.3;195;35.3;41.8;29.7;0.0;47122.86
2;2022-06-11;29.5;35.0;25.2;0.00;0.00;3.9;74;3;42752.74;16.4;178;35.0;42.8;29.2;0.0;47135.42
2;2022-06-12;29.5;33.9;25.2;0.00;0.00;1.0;75;3;43577.74;16.1;132;35.2;41.3;29.4;0.0;47146.70
2;2022-06-13;29.5;33.9;25.0;0.00;0.00;2.7;78;3;44364.17;13.0;132;35.8;41.7;29.9;0.0;47156.77
2;2022-06-14;29.3;34.6;26.0;5.00;5.00;0.8;78;63;43585.86;10.9;206;35.7;42.2;30.7;5.0;47165.67
2;2022-06-15;28.4;31.8;25.6;1.80;1.80;1.5;84;61;42231.87;11.8;170;34.9;39.3;32.2;4.0;47173.41
2;2022-06-16;29.3;33.2;25.3;1.50;1.50;0.7;78;55;43200.00;9.0;171;35.6;40.5;30.7;3.0;47179.99
2;2022-06-17;29.6;35.0;25.3;0.40;0.40;3.0;75;51;44123.75;12.5;182;35.4;42.3;30.0;2.0;47185.38
2;2022-06-18;30.4;36.6;25.4;0.30;0.30;2.7;70;51;44652.33;16.9;201;36.1;44.2;30.0;1.0;47189.62
2;2022-06-19;31.1;37.1;25.8;0.00;0.00;1.8;67;3;44658.68;10.1;187;36.6;44.8;30.1;0.0;47192.69
2;2022-06-20;31.0;36.4;26.1;0.00;0.00;2.6;69;3;44665.26;19.8;163;36.6;43.0;30.5;0.0;47194.59
2;2022-06-21;30.7;36.1;25.7;0.10;0.10;3.2;68;51;44672.04;18.5;138;35.8;43.0;30.4;1.0;47195.33
2;2022-06-22;29.8;34.8;26.2;1.70;1.70;1.3;68;55;44417.59;16.2;149;34.6;40.8;30.9;2.0;47194.90
2;2022-06-23;29.2;33.4;24.5;0.00;0.00;1.0;72;3;44424.63;15.9;109;34.3;39.1;29.3;0.0;47193.32
2;2022-06-24;28.5;33.1;25.0;2.10;2.10;1.6;77;61;44431.81;11.1;151;34.0;40.2;30.3;3.0;47190.58
2;2022-06-25;27.9;32.0;24.5;4.80;4.80;1.3;82;63;43393.83;10.1;166;33.8;39.1;30.2;7.0;47186.69
2;2022-06-26;28.4;33.2;24.4;5.70;5.70;2.5;79;63;44185.08;14.7;186;34.2;41.0;29.9;5.0;47181.64
2;2022-06-27;29.3;33.7;24.3;0.00;0.00;1.8;76;3;44192.45;13.3;140;35.1;41.0;29.6;0.0;47175.45
2;2022-06-28;30.9;36.8;26.1;0.00;0.00;0.7;71;3;44460.90;8.1;211;37.1;43.3;30.9;0.0;47168.11
2;2022-06-29;31.1;35.9;26.8;0.40;0.40;2.6;65;51;43200.00;17.9;238;36.1;43.1;31.4;2.0;47159.64
2;2022-06-30;29.5;32.8;26.6;7.90;7.90;1.3;77;63;43163.41;9.4;240;35.7;40.1;31.2;6.0;47150.03
2;2022-07-01;27.4;29.2;26.3;5.10;5.10;2.2;88;63;586.93;12.5;280;33.4;35.5;31.6;9.0;47139.30
2;2022-07-02;27.5;30.3;25.2;13.00;13.00;2.5;85;63;5366.12;11.2;216;33.2;36.5;30.5;11.0;47127.44
2;2022-07-03;30.4;34.2;27.1;0.10;0.10;5.1;66;51;36000.00;15.1;208;34.8;39.6;31.5;1.0;47114.34
2;2022-07-04;31.0;35.7;26.1;0.10;0.10;2.7;65;51;43200.00;12.2;203;35.9;41.4;30.7;1.0;47099.98
2;2022-07-05;30.7;35.7;26.2;1.50;1.50;1.1;69;53;43209.13;10.2;160;36.3;43.2;31.1;5.0;47084.37
2;2022-07-06;29.5;34.0;26.5;4.90;4.90;2.0;80;61;42798.47;11.5;145;35.9;41.5;31.9;8.0;47067.57
2;2022-07-07;28.7;32.9;25.6;2.70;2.70;1.3;84;53;38892.39;13.1;145;35.1;39.8;31.8;7.0;47049.58
2;2022-07-08;28.4;32.9;25.1;4.40;4.40;1.0;82;63;39918.57;15.3;159;34.4;40.5;31.1;2.0;47030.46
2;2022-07-09;27.1;30.1;24.5;30.20;30.20;0.4;87;65;33991.71;9.9;136;33.1;37.8;29.3;14.0;47010.23
2;2022-07-10;25.8;26.9;24.9;15.10;15.10;2.4;93;63;2146.74;7.9;318;31.5;32.4;30.7;15.0;46988.91
2;2022-07-11;26.2;28.6;24.8;15.40;15.40;4.1;90;63;25652.78;11.9;279;31.4;34.0;29.2;16.0;46966.55
2;2022-07-12;26.9;30.3;24.0;8.50;8.50;2.0;89;63;37886.63;16.7;93;32.8;37.1;29.4;10.0;46943.17
2;2022-07-13;27.0;30.8;24.4;6.00;6.00;0.8;88;61;43277.84;14.2;94;32.9;37.7;29.4;11.0;46918.82
2;2022-07-14;27.0;30.4;24.2;5.00;5.00;2.3;88;61;43200.00;11.0;5;33.0;37.7;29.2;12.0;46893.51
2;2022-07-15;27.6;31.0;24.6;1.60;1.60;1.3;87;51;43553.12;11.8;194;34.0;38.4;30.4;9.0;46867.28
2;2022-07-16;28.0;31.9;24.7;3.20;3.20;1.0;85;61;43561.45;11.4;193;34.5;40.9;30.2;6.0;46840.17
2;2022-07-17;28.7;32.2;24.9;0.80;0.80;1.8;82;53;43569.67;9.0;147;35.2;40.1;30.1;3.0;46812.20
2;2022-07-18;29.6;34.6;25.2;0.00;0.00;3.0;76;3;43577.79;10.7;173;35.5;42.8;29.8;0.0;46783.41
2;2022-07-19;28.9;33.8;25.3;1.50;1.50;0.8;79;61;43585.70;16.3;157;35.0;41.9;29.8;1.0;46753.82
2;2022-07-20;28.0;31.0;25.3;6.80;6.80;2.4;86;63;39600.00;11.4;124;34.3;38.7;31.8;8.0;46723.47
2;2022-07-21;27.5;31.4;24.8;11.50;11.50;0.8;87;63;40932.79;11.0;199;33.9;39.4;30.6;9.0;46692.39
2;2022-07-22;27.8;31.3;24.9;1.90;1.90;0.8;85;61;43608.29;13.6;141;34.1;38.5;31.0;5.0;46660.61
2;2022-07-23;28.0;32.2;24.1;0.00;0.00;2.1;80;3;43360.19;8.7;144;33.9;39.9;28.9;0.0;46627.87
2;2022-07-24;28.1;31.8;23.7;0.00;0.00;1.8;78;0;43622.51;14.2;99;33.3;39.3;27.7;0.0;46594.07
2;2022-07-25;28.1;32.2;23.9;0.00;0.00;1.3;79;3;43629.54;13.6;94;33.6;39.1;28.4;0.0;46559.29
2;2022-07-26;28.1;32.7;23.5;0.00;0.00;0.8;80;3;43636.51;14.9;99;33.6;40.0;28.5;0.0;46523.56
2;2022-07-27;28.6;33.3;23.8;0.00;0.00;1.5;77;3;43389.59;14.5;100;34.0;40.5;28.9;0.0;46486.92
2;2022-07-28;29.3;34.2;24.6;0.20;0.20;2.3;74;51;43396.75;12.9;77;34.8;40.8;30.0;2.0;46449.42
2;2022-07-29;29.7;34.4;25.2;0.30;0.30;1.3;74;51;43403.85;14.7;99;35.5;40.8;30.6;2.0;46411.12
2;2022-07-30;30.4;35.5;25.7;1.10;1.10;1.1;70;53;43200.00;11.4;72;36.1;41.0;30.8;4.0;46372.04
2;2022-07-31;29.2;33.7;26.0;8.90;8.90;0.8;75;63;43417.77;9.5;166;35.0;40.1;31.2;6.0;46332.24
2;2022-08-01;28.6;32.6;24.9;3.20;3.20;1.0;78;63;43200.00;9.2;157;34.4;39.5;30.3;3.0;46291.76
2;2022-08-02;28.7;33.0;25.0;0.10;0.10;2.1;80;51;43200.00;10.7;176;34.9;40.5;31.2;1.0;46250.64
2;2022-08-03;28.8;34.0;25.3;4.70;4.70;0.5;80;61;43200.00;12.6;224;35.0;40.6;31.1;4.0;46208.93
2;2022-08-04;28.8;34.6;25.3;2.00;2.00;5.0;77;61;43200.00;8.4;195;34.4;42.1;29.7;4.0;46166.67
2;2022-08-05;28.1;32.8;25.1;18.00;18.00;0.5;81;65;42816.06;10.5;192;33.8;38.4;30.2;6.0;46123.89
2;2022-08-06;27.6;32.3;24.6;21.20;21.20;1.1;84;65;39418.88;9.8;185;33.6;40.1;29.6;8.0;46080.65
2;2022-08-07;26.8;31.0;24.7;4.00;4.00;0.8;88;61;27375.71;11.0;249;32.7;36.9;29.8;7.0;46036.97
2;2022-08-08;25.6;28.3;24.2;13.00;13.00;5.4;91;63;0.00;20.4;303;30.0;32.5;27.7;18.0;45992.90
2;2022-08-09;25.2;27.6;23.7;18.70;18.70;4.1;90;63;0.00;17.9;298;29.6;31.9;28.2;16.0;45948.48
2;2022-08-10;27.6;32.1;24.0;0.20;0.20;1.1;83;51;24429.26;12.2;244;33.0;38.5;29.0;2.0;45903.74
2;2022-08-11;27.2;31.0;24.3;13.00;13.00;2.1;85;65;33225.90;12.2;133;33.1;38.5;28.9;4.0;45858.73
2;2022-08-12;27.6;31.4;24.8;3.40;3.40;1.1;86;63;31514.98;10.5;129;33.8;39.1;30.6;7.0;45813.11
2;2022-08-13;28.1;32.3;24.8;3.30;3.30;1.5;83;61;43200.00;13.9;186;34.3;40.1;30.3;6.0;45766.80
2;2022-08-14;28.4;32.7;24.7;5.00;5.00;3.1;82;63;43200.00;8.3;193;34.6;40.7;30.1;3.0;45719.82
2;2022-08-15;27.6;32.5;24.4;22.40;22.40;0.5;81;65;40038.46;14.2;184;33.4;40.4;29.0;5.0;45672.22
2;2022-08-16;27.9;32.0;24.2;1.30;1.30;2.9;82;53;41999.35;10.8;162;33.7;39.5;29.1;5.0;45624.06
2;2022-08-17;28.3;32.8;24.7;0.50;0.50;0.0;82;51;43200.00;10.6;148;34.6;41.0;29.7;5.0;45575.36
2;2022-08-18;28.3;32.5;25.0;5.60;5.60;1.5;82;63;43200.00;8.9;188;34.5;40.2;29.5;8.0;45526.18
2;2022-08-19;28.1;32.5;24.6;9.10;9.10;0.8;84;63;37094.10;11.5;226;34.5;40.7;30.2;8.0;45476.55
2;2022-08-20;26.6;29.4;24.8;26.40;26.40;1.1;90;65;15811.84;10.7;154;32.4;37.6;29.2;18.0;45426.52
2;2022-08-21;27.8;32.0;24.4;2.00;2.00;3.3;85;61;43200.00;8.6;129;33.9;39.5;29.8;3.0;45376.13
2;2022-08-22;28.2;32.5;24.5;1.20;1.20;0.8;81;53;43200.00;10.0;170;34.2;40.4;29.6;4.0;45325.41
2;2022-08-23;28.2;32.8;25.0;3.80;3.80;0.5;81;61;43200.00;13.6;194;34.1;40.8;30.4;6.0;45274.41
2;2022-08-24;28.3;33.6;24.4;0.40;0.40;2.9;80;51;39669.28;15.6;231;34.0;40.9;29.7;2.0;45223.16
2;2022-08-25;28.1;31.3;26.3;1.00;1.00;2.5;80;53;8271.11;12.3;159;33.6;37.2;30.8;2.0;45171.71
2;2022-08-26;28.3;32.6;25.5;1.00;1.00;1.5;81;53;36000.00;8.4;134;34.5;39.7;31.3;2.0;45120.08
2;2022-08-27;28.4;32.2;24.7;0.00;0.00;1.8;80;3;43200.00;11.3;104;34.4;39.5;29.7;0.0;45068.32
2;2022-08-28;28.4;32.5;23.9;0.00;0.00;1.1;79;3;43200.00;12.0;116;34.0;40.3;28.4;0.0;45016.47
2;2022-08-29;28.7;32.8;24.8;0.30;0.30;5.4;75;51;43200.00;19.8;110;33.4;38.7;29.1;2.0;44964.56
2;2022-08-30;28.6;32.9;25.0;0.50;0.50;0.8;79;51;43200.00;15.9;111;34.2;40.1;30.0;4.0;44912.62
2;2022-08-31;28.7;33.5;24.1;0.30;0.30;1.9;77;51;43200.00;11.4;94;34.5;40.4;29.5;2.0;44860.68
2;2022-09-01;28.4;32.7;24.8;1.20;1.20;1.8;79;51;43172.89;12.7;345;34.1;38.7;29.9;9.0;44808.42
2;2022-09-02;28.0;31.9;25.4;1.40;1.40;3.1;83;51;41607.72;15.4;309;33.6;38.3;30.2;9.0;44755.73
2;2022-09-03;28.6;33.8;25.4;3.70;3.70;1.8;81;63;37193.13;15.0;301;34.2;38.9;31.2;5.0;44702.64
2;2022-09-04;28.5;34.3;24.4;7.80;7.80;2.0;80;63;43035.76;15.9;251;34.3;41.4;29.5;5.0;44649.18
2;2022-09-05;28.1;33.2;24.9;3.10;3.10;2.4;79;53;42988.75;16.6;308;33.2;38.5;30.0;8.0;44595.40
2;2022-09-06;28.2;32.5;24.6;3.40;3.40;2.3;77;55;42941.21;17.6;22;33.1;37.9;29.0;8.0;44541.33
2;2022-09-07;25.3;27.9;24.1;20.70;20.70;1.3;91;63;4006.36;8.3;212;30.6;34.2;28.6;19.0;44487.02
2;2022-09-08;27.1;30.6;23.7;0.30;0.30;0.8;85;51;38098.39;22.0;104;32.1;37.2;28.9;3.0;44432.49
2;2022-09-09;26.9;29.3;25.0;11.40;11.40;2.1;88;63;20881.61;17.7;108;32.4;34.6;30.6;10.0;44377.78
2;2022-09-10;26.5;30.0;24.0;4.00;4.00;0.8;88;63;42115.37;18.2;72;32.0;36.5;29.1;6.0;44322.92
2;2022-09-11;27.2;30.7;23.7;0.90;0.90;1.8;84;51;42698.23;13.0;75;32.8;37.2;28.9;6.0;44267.97
2;2022-09-12;27.5;30.9;24.2;0.00;0.00;0.4;82;1;42649.08;12.7;94;33.1;37.8;29.8;0.0;44212.93
2;2022-09-13;27.7;31.4;24.3;2.20;2.20;0.7;80;61;42599.93;12.6;107;33.2;37.8;29.3;4.0;44157.86
2;2022-09-14;27.2;32.2;24.7;13.30;13.30;0.8;86;63;32449.75;10.5;198;33.0;39.7;30.4;8.0;44102.79
2;2022-09-15;27.1;32.3;24.3;15.10;15.10;0.0;85;65;31218.57;10.7;198;33.0;39.8;29.2;4.0;44047.74
2;2022-09-16;27.4;32.4;23.8;5.00;5.00;0.8;82;63;42011.94;11.6;167;32.8;40.3;28.8;4.0;43992.76
2;2022-09-17;27.3;32.5;23.8;4.00;4.00;3.7;81;63;42404.65;9.4;191;32.6;39.1;28.4;3.0;43937.87
2;2022-09-18;26.9;31.1;23.8;4.40;4.40;1.4;83;63;40224.76;9.0;182;32.3;38.2;28.9;2.0;43883.12
2;2022-09-19;27.5;32.2;23.9;1.50;1.50;2.2;80;53;40643.04;10.0;185;33.0;39.8;28.8;6.0;43828.53
2;2022-09-20;27.8;32.1;23.2;0.00;0.00;1.8;77;3;41625.26;13.2;107;32.9;38.8;28.0;0.0;43774.12
2;2022-09-21;26.2;29.4;23.7;5.50;5.50;1.5;86;55;28124.09;11.7;105;31.3;34.6;29.1;13.0;43719.58
2;2022-09-22;26.0;28.7;24.2;4.40;4.40;1.5;89;61;21252.40;9.5;59;31.4;34.0;29.4;16.0;43664.77
2;2022-09-23;25.1;27.6;23.4;34.80;34.80;2.9;92;63;5686.50;8.9;277;30.2;32.8;27.6;22.0;43609.73
2;2022-09-24;25.0;28.1;23.6;16.80;16.80;1.1;92;63;13671.23;8.2;152;30.3;34.8;28.6;22.0;43554.48
2;2022-09-25;25.1;28.4;23.5;17.80;17.80;1.3;91;63;19628.63;8.4;253;30.3;34.0;28.3;21.0;43499.08
2;2022-09-26;25.5;28.7;23.0;3.90;3.90;2.7;89;61;24183.65;11.5;287;30.2;33.8;27.4;6.0;43443.56
2;2022-09-27;24.6;25.9;23.6;82.70;82.70;11.0;91;65;0.00;37.4;301;27.1;29.5;24.7;18.0;43387.96
2;2022-09-28;26.9;29.5;25.0;56.80;56.80;5.5;83;65;11105.70;41.1;59;29.1;33.3;25.9;15.0;43332.31
2;2022-09-29;26.4;29.0;24.9;13.50;13.50;3.6;81;63;24734.31;17.3;138;30.4;32.7;27.5;9.0;43276.64
2;2022-09-30;26.9;31.4;23.2;11.20;11.20;2.4;85;63;39600.00;8.6;190;32.4;38.6;28.0;10.0;43221.00
2;2022-10-01;26.4;29.8;23.7;9.20;9.20;0.8;91;63;25200.00;9.7;140;32.6;37.7;28.8;9.0;43165.41
2;2022-10-02;26.8;29.9;24.3;0.60;0.60;1.8;87;51;32514.98;19.9;101;32.0;36.3;30.0;5.0;43109.93
2;2022-10-03;26.4;29.5;24.0;3.00;3.00;3.9;87;61;39784.42;18.0;104;31.5;35.5;28.9;8.0;43054.58
2;2022-10-04;25.4;28.0;23.4;3.50;3.50;1.8;90;61;29511.29;11.8;63;30.6;34.0;28.2;11.0;42999.39
2;2022-10-05;25.4;29.0;23.5;13.40;13.40;1.4;90;63;28800.00;12.0;107;30.6;35.4;28.4;15.0;42944.42
2;2022-10-06;25.4;28.3;23.0;7.70;7.70;1.3;91;63;26517.18;11.7;299;30.5;34.6;27.9;12.0;42889.69
2;2022-10-07;26.0;28.6;23.8;4.70;4.70;0.0;89;53;36000.00;14.7;36;31.4;34.4;29.0;19.0;42835.24
2;2022-10-08;25.3;27.7;23.8;11.80;11.80;1.5;91;63;32400.00;11.4;37;30.4;33.1;28.7;21.0;42781.12
2;2022-10-09;24.6;27.2;23.0;28.30;28.30;0.8;92;63;15238.77;14.6;66;29.2;31.8;27.3;18.0;42727.35
2;2022-10-10;24.6;25.9;23.6;61.80;61.80;2.9;88;65;5469.67;22.2;42;27.9;29.6;26.7;24.0;42673.98
2;2022-10-11;24.7;27.0;23.1;23.50;23.50;1.4;84;63;18981.84;19.1;8;27.9;29.2;26.8;23.0;42620.62
2;2022-10-12;24.1;26.5;22.3;4.40;4.40;2.2;83;53;9430.64;17.0;329;27.3;28.3;25.8;16.0;42567.16
2;2022-10-13;24.3;26.5;22.0;4.30;4.30;5.0;76;61;9316.21;19.1;331;26.3;28.2;24.2;9.0;42513.63
2;2022-10-14;23.7;25.3;22.8;218.60;218.60;9.5;88;65;0.00;39.6;340;25.0;27.3;22.4;21.0;42460.07
2;2022-10-15;25.4;27.0;24.1;31.10;31.10;1.8;89;63;2324.55;43.0;71;28.3;30.4;24.4;22.0;42406.52
2;2022-10-16;25.2;27.5;22.2;42.10;42.10;5.8;81;65;10912.07;18.5;11;28.2;30.1;23.6;13.0;42353.03
2;2022-10-17;24.4;28.2;21.2;0.40;0.40;9.7;72;51;39600.00;26.4;306;25.8;30.2;22.3;2.0;42299.64
2;2022-10-18;25.3;28.0;23.4;0.10;0.10;7.1;67;51;30360.03;26.9;322;26.1;29.5;24.4;1.0;42246.38
2;2022-10-19;23.0;25.3;21.5;21.60;21.60;13.8;84;63;0.00;27.1;329;23.9;26.1;22.7;20.0;42193.31
2;2022-10-20;21.9;23.9;20.1;0.80;0.80;12.1;80;53;3877.58;25.4;286;22.2;24.3;19.5;3.0;42140.47
2;2022-10-21;23.5;27.3;20.9;3.10;3.10;4.2;83;55;19605.32;20.5;291;25.9;30.7;22.7;9.0;42087.90
2;2022-10-22;23.8;25.2;22.4;95.70;95.70;1.5;95;65;0.00;25.7;45;27.8;29.4;26.7;23.0;42035.65
2;2022-10-23;24.7;28.2;22.0;0.70;0.70;3.1;88;51;32400.00;14.8;312;29.0;33.7;25.5;5.0;41983.76
2;2022-10-24;25.3;28.5;22.2;3.30;3.30;3.8;86;55;36000.00;15.0;328;29.6;34.2;25.9;6.0;41932.27
2;2022-10-25;24.2;26.3;23.0;30.10;30.10;0.7;94;65;1416.07;14.0;94;28.6;30.7;27.2;19.0;41881.25
2;2022-10-26;25.8;28.3;24.2;4.40;4.40;5.5;83;53;33859.74;20.2;86;29.2;31.7;27.6;16.0;41830.72
2;2022-10-27;25.0;27.7;23.0;2.70;2.70;3.7;86;53;32980.21;16.0;98;29.0;31.7;27.1;20.0;41780.74
2;2022-10-28;24.8;27.7;22.1;2.70;2.70;3.6;84;51;39570.91;20.6;83;28.2;31.0;26.1;17.0;41731.36
2;2022-10-29;24.6;26.9;22.6;3.20;3.20;1.3;81;61;34944.19;18.9;57;27.6;29.7;25.6;11.0;41682.63
2;2022-10-30;24.5;27.5;22.1;3.00;3.00;1.8;83;55;33661.89;17.9;330;27.5;30.3;25.4;13.0;41634.59
2;2022-10-31;24.4;27.1;22.3;5.40;5.40;6.9;77;53;39600.00;28.8;332;26.0;28.2;24.6;17.0;41586.85
2;2022-11-01;23.8;26.5;21.3;0.70;0.70;6.2;71;51;39600.00;23.2;326;24.6;26.6;22.5;4.0;41539.26
2;2022-11-02;22.9;26.8;19.7;0.00;0.00;5.4;71;3;37109.00;16.0;284;24.2;28.5;21.1;0.0;41491.88
2;2022-11-03;22.0;26.6;17.6;0.00;0.00;3.1;78;3;39600.00;13.7;278;24.0;29.8;19.0;0.0;41444.74
2;2022-11-04;22.3;26.5;18.3;7.10;7.10;3.3;85;61;37948.98;18.4;288;24.9;29.9;19.7;13.0;41397.90
2;2022-11-05;23.0;26.0;20.9;3.20;3.20;1.8;89;53;34637.62;12.1;310;26.2;29.2;23.7;14.0;41351.41
2;2022-11-06;23.3;26.2;21.2;1.50;1.50;5.2;87;53;37460.07;15.6;312;26.3;29.1;24.2;9.0;41305.31
2;2022-11-07;23.4;26.8;20.8;1.10;1.10;4.0;84;51;39600.00;14.9;315;26.2;29.8;23.5;6.0;41259.65
2;2022-11-08;23.7;26.7;20.0;0.80;0.80;5.0;83;51;39156.65;14.4;321;26.6;29.9;22.7;7.0;41214.49
2;2022-11-09;24.2;27.2;22.2;3.50;3.50;4.3;88;55;31909.77;12.7;321;28.0;31.6;25.5;11.0;41169.88
2;2022-11-10;24.3;27.6;22.1;1.00;1.00;1.0;91;51;22553.80;14.1;96;28.8;32.3;26.3;9.0;41125.87
2;2022-11-11;24.7;28.2;21.7;1.30;1.30;2.5;89;51;36604.49;15.5;97;29.0;32.5;26.0;10.0;41082.51
2;2022-11-12;24.5;27.0;22.0;2.60;2.60;1.4;90;51;34611.83;14.5;92;28.7;30.5;26.3;14.0;41039.86
2;2022-11-13;25.4;27.8;23.4;3.50;3.50;1.9;88;51;37829.23;18.1;94;29.7;31.8;28.3;18.0;40997.96
2;2022-11-14;25.4;28.1;23.3;1.70;1.70;3.6;89;51;33842.58;14.8;91;29.9;33.1;27.5;10.0;40956.89
2;2022-11-15;25.3;27.7;23.6;0.80;0.80;3.1;90;53;36000.00;11.4;88;30.1;32.3;28.3;4.0;40916.69
2;2022-11-16;25.2;28.6;22.0;2.50;2.50;3.1;89;53;39600.00;15.0;97;29.7;33.8;26.4;6.0;40877.42
2;2022-11-17;25.3;28.8;21.9;1.10;1.10;2.2;88;51;39600.00;15.3;112;29.9;33.1;25.9;6.0;40839.13
2;2022-11-18;25.5;28.5;22.3;1.40;1.40;4.0;87;53;39600.00;17.5;101;29.8;33.2;26.4;5.0;40801.90
2;2022-11-19;24.6;27.7;22.0;8.70;8.70;2.5;90;61;29743.68;17.4;73;28.9;32.0;26.3;19.0;40765.75
2;2022-11-20;24.2;25.8;23.3;23.40;23.40;2.3;93;61;2565.85;13.4;77;28.4;30.5;27.1;24.0;40730.35
2;2022-11-21;24.4;25.4;23.8;57.90;57.90;5.0;93;63;970.36;15.3;28;28.5;29.6;27.5;24.0;40695.57
2;2022-11-22;25.2;27.9;23.3;8.80;8.80;2.8;90;55;28632.09;12.4;41;29.9;32.7;27.3;22.0;40661.44
2;2022-11-23;25.2;26.9;23.1;7.70;7.70;2.5;91;61;20898.53;16.2;99;29.8;31.3;28.1;9.0;40628.01
2;2022-11-24;25.7;28.9;22.9;6.00;6.00;4.2;91;63;36908.97;16.2;108;30.5;34.8;27.5;9.0;40595.32
2;2022-11-25;25.9;29.3;23.1;0.40;0.40;3.1;88;51;39460.57;16.3;109;30.8;34.8;27.9;3.0;40563.41
2;2022-11-26;25.5;28.0;23.1;6.70;6.70;2.7;90;63;39434.34;12.6;104;30.3;32.8;28.0;7.0;40532.33
2;2022-11-27;25.8;29.3;22.6;3.10;3.10;3.1;89;61;32199.14;11.9;136;31.0;35.1;26.8;5.0;40502.12
2;2022-11-28;26.4;30.9;22.4;2.00;2.00;2.5;87;61;34606.11;8.2;157;31.9;37.5;26.7;2.0;40472.83
2;2022-11-29;26.4;30.5;22.5;1.00;1.00;2.5;86;53;39328.06;15.0;112;31.4;37.4;27.1;2.0;40444.49
2;2022-11-30;25.6;29.5;21.3;0.00;0.00;2.9;86;2;39292.32;18.8;103;29.6;34.4;25.2;0.0;40417.15
2;2022-12-01;23.9;26.8;22.3;62.20;62.20;2.5;92;65;16499.57;15.7;107;28.0;30.5;26.0;20.0;40390.87
2;2022-12-02;23.3;24.7;22.4;44.80;44.80;6.2;91;63;0.00;27.2;35;25.2;27.5;24.1;24.0;40365.68
2;2022-12-03;22.1;23.5;19.6;36.00;36.00;3.8;94;63;35.24;15.8;306;25.0;27.5;20.9;24.0;40341.64
2;2022-12-04;24.0;26.3;22.7;14.60;14.60;4.0;91;61;17030.93;15.4;65;27.7;29.1;26.8;24.0;40318.77
2;2022-12-05;23.1;24.1;21.7;44.30;44.30;9.4;91;63;0.00;26.1;17;25.0;27.3;23.0;24.0;40297.15
2;2022-12-06;22.1;23.4;21.6;27.10;27.10;1.0;91;63;0.00;11.5;23;25.4;26.9;24.0;21.0;40276.80
2;2022-12-07;22.9;25.0;21.1;6.90;6.90;1.1;89;61;15022.38;16.5;49;26.1;27.8;24.8;22.0;40257.77
2;2022-12-08;23.2;24.5;22.6;18.60;18.60;6.5;91;63;1539.85;18.4;60;26.2;27.2;25.5;24.0;40240.11
2;2022-12-09;22.7;23.9;22.2;19.50;19.50;2.6;93;61;342.33;15.5;73;26.2;27.0;25.0;24.0;40223.85
2;2022-12-10;22.5;25.1;20.7;13.60;13.60;1.4;89;63;24795.20;10.8;52;25.9;27.9;23.9;23.0;40208.84
2;2022-12-11;21.2;23.7;19.5;7.80;7.80;1.9;90;55;13274.68;11.0;320;23.8;26.1;21.6;20.0;40194.98
2;2022-12-12;21.2;23.6;19.6;2.70;2.70;5.7;79;53;26486.61;21.7;344;21.9;23.8;20.3;9.0;40182.30
2;2022-12-13;19.9;22.5;17.9;9.50;9.50;3.4;80;61;21600.00;18.3;1;20.7;21.9;18.6;9.0;40170.79
2;2022-12-14;20.0;22.6;17.9;5.40;5.40;4.5;76;61;2536.17;21.6;336;20.1;22.2;17.9;8.0;40160.47
2;2022-12-15;19.5;22.1;17.8;0.10;0.10;4.2;79;51;2616.43;12.3;270;20.3;23.5;17.3;1.0;40151.35
2;2022-12-16;20.1;23.6;16.7;3.30;3.30;3.8;89;53;1951.33;14.4;277;21.8;25.6;18.1;8.0;40143.43
2;2022-12-17;20.3;22.2;18.6;50.60;50.60;5.5;91;63;0.00;29.2;1;20.4;24.6;16.7;24.0;40136.74
2;2022-12-18;17.6;18.3;15.9;8.70;8.70;2.3;83;61;0.00;29.9;16;16.7;18.2;15.6;18.0;40131.28
2;2022-12-19;18.1;21.1;15.9;0.40;0.40;1.0;82;51;14693.35;11.5;148;19.0;22.0;16.3;3.0;40127.06
2;2022-12-20;19.8;22.8;17.7;0.20;0.20;1.9;83;51;13356.09;12.9;295;21.2;23.7;18.8;2.0;40124.08
2;2022-12-21;20.0;21.9;17.8;34.40;34.40;4.3;91;63;0.00;19.0;334;21.6;24.2;19.1;15.0;40122.35
2;2022-12-22;19.4;21.9;17.2;0.00;0.00;3.1;81;3;5593.02;13.0;292;20.1;22.1;17.0;0.0;40121.88
2;2022-12-23;19.1;22.6;15.8;0.60;0.60;2.3;86;51;36000.00;11.0;96;20.5;24.6;16.8;6.0;40122.68
2;2022-12-24;19.8;23.8;16.7;0.50;0.50;4.1;81;51;35921.34;17.5;107;20.7;24.3;17.8;3.0;40124.76
2;2022-12-25;20.1;24.2;16.4;0.80;0.80;3.2;80;51;36626.69;15.8;103;21.1;24.4;17.6;6.0;40128.12
2;2022-12-26;19.8;23.5;16.2;2.60;2.60;2.4;85;53;36374.35;12.2;103;21.4;25.2;17.4;15.0;40132.77
2;2022-12-27;20.6;23.6;18.4;1.50;1.50;2.3;84;51;35624.35;17.0;105;22.1;24.4;20.3;10.0;40138.70
2;2022-12-28;19.7;21.8;17.5;11.90;11.90;2.5;92;61;7816.16;11.4;112;21.8;24.7;18.9;24.0;40145.94
2;2022-12-29;20.4;22.4;19.1;33.70;33.70;3.6;90;63;1783.09;18.6;21;21.6;23.1;19.6;24.0;40154.48
2;2022-12-30;19.3;21.4;18.3;34.60;34.60;2.5;91;63;2266.87;14.6;18;20.8;22.1;18.9;23.0;40164.42
2;2022-12-31;19.3;20.9;17.6;13.90;13.90;1.8;87;61;10492.42;16.9;34;20.6;22.3;18.4;19.0;40175.77
2;2023-01-01;18.5;20.0;17.2;9.70;9.70;5.9;91;53;0.00;16.6;301;19.5;20.8;17.4;22.0;40188.51
2;2023-01-02;19.2;20.6;18.0;21.80;21.80;8.0;93;61;0.00;16.7;300;20.5;21.8;18.6;24.0;40202.59
2;2023-01-03;20.1;21.3;19.6;22.70;22.70;3.3;93;61;0.00;17.7;352;21.6;22.5;21.0;24.0;40217.98
2;2023-01-04;19.6;20.8;17.7;21.60;21.60;3.1;96;61;0.00;11.9;322;22.0;23.3;18.6;24.0;40234.65
2;2023-01-05;21.4;23.6;19.7;6.60;6.60;4.0;87;55;19621.49;19.3;58;22.9;24.3;21.8;18.0;40252.56
2;2023-01-06;21.0;23.0;19.6;6.60;6.60;6.9;83;61;24434.92;19.9;42;22.0;24.0;20.6;20.0;40271.69
2;2023-01-07;20.3;22.1;19.3;4.60;4.60;3.3;84;61;388.02;17.0;9;21.4;22.4;20.4;10.0;40291.99
2;2023-01-08;19.4;20.8;18.8;5.40;5.40;4.0;90;61;0.00;14.3;279;20.8;22.0;19.7;14.0;40313.42
2;2023-01-09;19.6;20.8;18.6;6.30;6.30;10.5;94;55;0.00;16.6;278;21.0;22.2;19.7;21.0;40335.96
2;2023-01-10;20.2;21.8;19.0;0.60;0.60;9.0;90;51;0.00;14.5;283;21.8;23.1;20.3;6.0;40359.57
2;2023-01-11;21.2;23.3;19.6;0.40;0.40;3.3;88;51;10912.90;16.4;304;23.3;25.4;21.0;4.0;40384.21
2;2023-01-12;21.8;24.9;19.2;5.50;5.50;1.5;93;61;16870.56;11.6;326;25.2;28.3;22.0;8.0;40409.85
2;2023-01-13;23.2;28.0;19.6;0.80;0.80;2.4;93;53;36355.80;12.9;111;27.3;34.5;22.4;3.0;40436.46
2;2023-01-14;24.0;31.2;18.1;0.00;0.00;1.0;79;3;38933.35;11.8;181;27.0;35.6;19.3;0.0;40463.99
2;2023-01-15;22.9;29.5;18.4;2.00;2.00;2.5;82;53;38392.69;14.7;1;25.7;34.2;19.1;4.0;40492.42
2;2023-01-16;19.8;21.3;17.9;16.50;16.50;10.0;91;61;0.00;20.5;349;20.6;23.0;18.8;24.0;40521.71
2;2023-01-17;18.4;20.4;17.0;20.00;20.00;6.9;91;63;0.00;20.6;293;19.1;21.9;16.8;24.0;40551.82
2;2023-01-18;18.8;19.8;17.0;29.70;29.70;1.3;92;63;0.00;14.9;3;20.0;21.5;16.9;22.0;40582.74
2;2023-01-19;18.7;21.6;16.8;1.20;1.20;2.2;87;51;18750.09;13.4;347;20.0;22.9;16.9;8.0;40614.76
2;2023-01-20;19.4;21.3;18.1;6.00;6.00;1.8;89;53;9931.29;13.8;13;21.2;22.7;19.9;17.0;40648.00
2;2023-01-21;19.5;21.9;17.9;0.30;0.30;2.7;91;51;0.00;7.6;291;21.6;23.8;19.4;3.0;40682.40
2;2023-01-22;21.0;24.9;16.9;0.00;0.00;1.8;91;3;37204.95;13.0;85;23.7;28.3;18.5;0.0;40717.89
2;2023-01-23;21.9;25.4;18.4;1.50;1.50;1.5;92;51;34637.30;13.6;63;25.0;29.1;20.8;8.0;40754.42
2;2023-01-24;19.5;21.8;17.4;39.10;39.10;5.2;91;63;0.00;28.1;2;19.6;25.4;16.0;24.0;40791.95
2;2023-01-25;18.2;21.1;15.5;8.80;8.80;4.2;83;61;11636.18;16.7;34;18.4;21.5;16.3;12.0;40830.39
2;2023-01-26;19.0;22.7;15.2;0.30;0.30;1.9;87;51;23584.46;15.3;110;20.3;24.5;15.9;3.0;40869.72
2;2023-01-27;19.5;21.4;17.5;20.00;20.00;1.8;90;61;1880.24;28.1;13;19.9;22.2;16.9;21.0;40909.85
2;2023-01-28;17.0;17.7;15.9;19.10;19.10;5.7;89;61;0.00;20.9;357;16.6;17.4;15.6;24.0;40950.76
2;2023-01-29;16.8;18.9;14.7;13.50;13.50;0.8;83;61;2692.84;18.7;33;16.8;18.0;13.9;15.0;40992.37
2;2023-01-30;16.0;19.5;12.1;0.80;0.80;2.6;81;51;5551.99;9.3;217;15.9;19.5;11.7;5.0;41034.64
2;2023-01-31;17.2;22.3;12.1;0.00;0.00;2.3;87;3;37339.63;13.0;107;18.0;24.1;11.9;0.0;41077.52
2;2023-02-01;19.9;24.6;14.9;0.00;0.00;1.8;90;3;38972.46;16.0;105;22.1;29.0;15.5;0.0;41120.95
2;2023-02-02;22.1;25.6;18.3;0.40;0.40;3.1;92;51;31126.65;18.2;84;24.8;29.2;19.9;4.0;41164.88
2;2023-02-03;23.4;26.3;21.3;0.30;0.30;6.9;90;51;37982.67;22.4;96;26.2;29.4;24.4;3.0;41209.26
2;2023-02-04;23.3;26.7;20.1;0.10;0.10;4.9;90;51;38879.01;19.5;100;26.3;30.5;23.0;1.0;41254.05
2;2023-02-05;23.6;27.9;21.3;0.00;0.00;4.1;89;2;38344.73;16.3;98;27.0;33.0;24.1;0.0;41299.20
2;2023-02-06;23.5;27.6;20.5;0.00;0.00;1.5;89;3;37811.75;13.9;87;27.5;33.4;23.7;0.0;41344.65
2;2023-02-07;23.7;27.5;20.9;0.00;0.00;2.2;92;3;36859.78;11.2;86;28.1;33.6;24.7;0.0;41390.37
2;2023-02-08;24.5;29.2;21.1;0.00;0.00;3.7;88;3;38502.56;17.9;102;28.2;34.9;24.4;0.0;41436.75
2;2023-02-09;24.4;29.3;21.1;0.00;0.00;3.3;89;3;38470.83;13.5;103;28.4;35.3;24.5;0.0;41483.95
2;2023-02-10;24.8;28.9;21.7;0.00;0.00;2.3;89;3;38438.70;11.2;92;29.3;35.1;25.4;0.0;41531.90
2;2023-02-11;25.0;29.6;21.3;0.00;0.00;3.1;87;0;39636.96;14.4;101;29.5;36.3;25.1;0.0;41580.55
2;2023-02-12;25.5;30.6;20.9;0.00;0.00;0.8;87;3;39645.83;14.5;105;30.2;37.7;23.9;0.0;41629.85
2;2023-02-13;25.9;31.2;21.8;0.00;0.00;3.3;86;3;40149.87;15.0;105;30.6;38.9;25.2;0.0;41679.74
2;2023-02-14;23.4;26.5;21.2;36.50;36.50;2.3;94;65;19085.59;17.9;343;27.2;31.4;22.7;15.0;41730.18
2;2023-02-15;21.4;22.2;20.5;50.00;50.00;5.5;92;65;0.00;25.9;55;22.9;24.9;21.6;24.0;41781.10
2;2023-02-16;21.3;23.5;19.8;22.30;22.30;6.5;86;63;37995.70;23.8;74;22.2;24.2;21.1;22.0;41832.47
2;2023-02-17;21.1;23.7;19.1;5.40;5.40;0.5;86;53;35673.63;16.0;86;23.1;25.5;21.2;19.0;41884.23
2;2023-02-18;21.8;25.0;18.0;1.30;1.30;0.8;88;51;36457.22;15.1;74;24.5;28.2;20.3;8.0;41936.33
2;2023-02-19;21.9;24.6;19.9;3.30;3.30;3.3;89;53;35086.73;14.8;36;24.7;28.4;22.6;13.0;41988.72
2;2023-02-20;21.7;24.1;19.8;1.90;1.90;1.3;88;53;31891.22;14.0;45;24.4;26.7;22.0;13.0;42041.36
2;2023-02-21;21.4;24.0;18.7;1.80;1.80;4.0;85;51;37918.31;20.5;99;23.1;25.9;20.7;12.0;42094.19
2;2023-02-22;21.3;23.3;18.6;3.40;3.40;5.4;83;53;37795.35;19.1;97;22.6;24.7;20.4;11.0;42147.17
2;2023-02-23;22.0;24.7;20.0;2.70;2.70;7.1;82;53;39075.87;16.8;96;23.6;26.2;21.8;8.0;42200.26
2;2023-02-24;20.5;24.5;16.3;1.20;1.20;2.2;86;51;41393.47;16.4;98;22.4;26.9;17.4;6.0;42253.41
2;2023-02-25;20.1;21.5;19.2;16.70;16.70;3.6;90;61;2239.67;19.5;30;21.4;23.3;19.3;23.0;42306.58
2;2023-02-26;20.0;21.9;18.8;9.40;9.40;4.7;82;55;25200.00;22.2;51;20.4;21.9;19.2;20.0;42359.71
2;2023-02-27;19.2;20.3;17.9;7.90;7.90;0.8;91;61;0.00;15.7;73;21.0;22.2;20.1;21.0;42412.78
2;2023-02-28;20.4;22.2;18.9;16.60;16.60;0.4;92;61;99.98;15.5;91;22.9;24.1;21.5;19.0;42466.16
2;2023-03-01;21.4;24.0;18.5;1.00;1.00;2.5;88;51;33458.97;18.5;88;23.4;25.1;20.5;8.0;42520.01
2;2023-03-02;21.3;24.4;18.3;1.90;1.90;3.6;84;53;40635.74;13.4;85;23.4;27.4;19.6;10.0;42574.29
2;2023-03-03;20.6;24.4;16.5;1.10;1.10;3.7;84;53;39415.70;17.1;100;22.1;26.4;17.6;5.0;42628.96
2;2023-03-04;21.1;23.9;19.5;2.80;2.80;4.9;87;53;35437.51;19.4;89;23.0;25.6;21.7;13.0;42683.96
2;2023-03-05;20.6;23.4;17.8;2.00;2.00;2.6;86;51;39108.04;17.0;100;22.3;24.8;19.4;12.0;42739.26
2;2023-03-06;20.3;24.3;16.3;1.00;1.00;3.6;84;53;40360.45;14.6;105;21.8;26.6;17.5;2.0;42794.82
2;2023-03-07;20.8;24.8;16.7;0.60;0.60;3.6;83;51;41801.34;19.8;108;22.0;26.7;18.0;4.0;42850.60
2;2023-03-08;21.0;25.5;15.5;0.00;0.00;5.8;84;3;42481.96;17.5;103;22.8;28.7;16.2;0.0;42906.56
2;2023-03-09;21.3;25.0;18.0;1.30;1.30;2.9;88;51;35621.68;12.8;85;23.9;28.6;20.2;6.0;42962.65
2;2023-03-10;21.5;25.8;17.2;0.00;0.00;2.6;85;3;42594.43;18.7;107;23.6;29.0;18.4;0.0;43018.84
2;2023-03-11;21.4;25.7;16.8;0.10;0.10;4.8;84;51;42650.77;16.3;107;23.3;28.6;18.1;1.0;43075.09
2;2023-03-12;21.8;25.7;17.6;0.80;0.80;2.8;88;51;38671.45;12.7;84;24.5;28.6;19.7;4.0;43131.35
2;2023-03-13;22.1;24.4;20.5;6.00;6.00;4.2;86;55;32882.70;19.4;76;24.3;26.2;23.3;22.0;43187.59
2;2023-03-14;20.9;23.5;18.4;6.80;6.80;3.1;90;61;31154.23;14.3;358;23.3;25.8;19.1;13.0;43243.76
2;2023-03-15;22.6;27.4;18.4;0.00;0.00;2.9;85;3;42157.07;21.0;101;25.1;32.5;20.2;0.0;43299.84
2;2023-03-16;23.4;26.8;19.7;0.00;0.00;5.2;86;3;42434.80;19.4;93;26.1;30.3;22.3;0.0;43355.78
2;2023-03-17;23.6;27.0;20.6;0.00;0.00;7.2;86;3;42712.46;17.2;93;26.5;31.1;23.1;0.0;43411.53
2;2023-03-18;23.6;26.9;20.4;0.00;0.00;4.7;86;3;42706.90;17.2;90;26.7;31.4;23.4;0.0;43467.06
2;2023-03-19;24.0;28.0;20.7;0.00;0.00;3.3;87;3;39376.14;16.0;99;27.6;33.4;23.7;0.0;43522.34
2;2023-03-20;25.1;30.0;20.9;0.00;0.00;1.5;89;3;38832.86;13.3;101;29.9;36.4;24.7;0.0;43577.73
2;2023-03-21;27.2;33.6;22.2;0.00;0.00;3.2;83;3;43034.10;14.7;109;32.6;41.8;26.1;0.0;43633.35
2;2023-03-22;27.8;33.6;22.9;0.00;0.00;1.5;79;3;43044.55;15.1;125;32.8;42.2;25.7;0.0;43689.19
2;2023-03-23;28.6;35.4;24.0;0.00;0.00;2.3;79;3;43054.72;15.2;126;34.3;43.2;27.4;0.0;43745.20
2;2023-03-24;28.0;33.1;23.7;0.00;0.00;2.3;83;3;43064.66;12.8;107;33.9;41.6;27.6;0.0;43801.34
2;2023-03-25;27.6;32.8;23.6;0.00;0.00;2.7;85;3;43074.40;15.2;97;33.4;41.6;27.9;0.0;43857.58
2;2023-03-26;26.2;29.8;24.2;0.10;0.10;2.3;88;51;41649.49;17.6;8;31.1;35.3;28.6;1.0;43913.89
2;2023-03-27;26.2;31.0;23.6;6.10;6.10;1.0;87;55;37745.51;11.6;30;31.5;38.8;28.3;10.0;43970.22
2;2023-03-28;24.4;27.4;23.0;8.80;8.80;5.4;90;61;13572.94;12.0;304;28.4;32.3;26.6;17.0;44026.55
2;2023-03-29;24.2;26.9;22.5;0.70;0.70;2.6;89;51;18985.89;17.3;319;28.0;30.3;25.5;5.0;44082.82
2;2023-03-30;24.7;27.6;23.1;1.80;1.80;3.7;90;51;23159.41;16.5;335;29.0;32.4;26.8;11.0;44139.01
2;2023-03-31;26.0;29.5;23.3;1.90;1.90;1.3;88;53;36657.08;12.5;106;31.1;36.1;28.1;6.0;44195.08
2;2023-04-01;26.5;30.1;23.1;0.00;0.00;1.3;88;3;41680.48;9.6;86;32.3;37.8;28.0;0.0;44250.99
2;2023-04-02;27.1;31.3;22.9;0.00;0.00;1.1;87;3;36348.18;10.2;110;33.1;39.3;27.7;0.0;44306.71
2;2023-04-03;27.4;32.5;23.1;2.10;2.10;1.0;84;61;37620.91;13.9;135;33.3;40.5;27.7;2.0;44362.19
2;2023-04-04;28.1;33.7;23.6;0.00;0.00;1.1;78;3;35481.85;10.6;142;33.5;41.6;27.2;0.0;44417.40
2;2023-04-05;29.3;35.4;24.5;0.50;0.50;1.5;75;53;43179.88;12.6;133;34.8;42.5;27.9;1.0;44472.29
2;2023-04-06;29.1;34.4;24.6;0.00;0.00;2.1;75;2;43190.30;11.2;117;34.7;43.2;28.4;0.0;44526.83
2;2023-04-07;26.9;29.5;25.1;1.40;1.40;4.6;87;51;32849.64;16.0;46;31.9;35.6;29.7;7.0;44580.98
2;2023-04-08;26.9;30.1;25.2;0.30;0.30;6.4;80;51;40608.04;18.0;77;30.9;34.4;29.3;3.0;44634.70
2;2023-04-09;25.2;27.7;23.0;1.60;1.60;0.5;85;51;34411.26;16.9;354;29.1;31.5;27.0;13.0;44688.34
2;2023-04-10;26.5;30.9;22.2;0.00;0.00;1.8;84;3;43200.00;17.5;96;31.4;38.2;26.4;0.0;44742.02
2;2023-04-11;27.6;33.1;23.2;0.00;0.00;3.2;83;3;43200.00;16.3;100;33.0;40.7;27.9;0.0;44795.71
2;2023-04-12;27.3;31.6;24.3;1.00;1.00;0.8;87;53;42916.27;16.8;90;32.8;38.0;30.1;2.0;44849.37
2;2023-04-13;27.8;31.8;24.6;0.40;0.40;0.5;85;51;39904.81;17.0;92;33.4;38.9;30.3;4.0;44902.97
2;2023-04-14;28.4;32.5;24.7;0.00;0.00;2.8;84;3;41755.43;17.3;93;34.4;39.9;30.7;0.0;44956.48
2;2023-04-15;27.6;31.4;25.4;2.30;2.30;0.8;87;53;42198.23;20.2;59;33.5;38.3;30.8;11.0;45009.83
2;2023-04-16;26.6;28.8;25.0;6.50;6.50;2.4;88;61;29407.94;11.5;61;32.1;34.3;30.5;18.0;45063.01
2;2023-04-17;28.5;33.3;24.3;0.00;0.00;2.2;84;3;42611.59;16.2;97;34.8;41.7;29.6;0.0;45115.98
2;2023-04-18;29.4;35.2;24.3;0.00;0.00;4.1;77;3;43200.00;16.0;119;35.2;43.0;28.7;0.0;45168.69
2;2023-04-19;30.3;37.9;24.4;0.00;0.00;2.0;71;1;43200.00;17.7;146;35.8;46.2;28.1;0.0;45221.11
2;2023-04-20;31.1;36.6;26.1;0.00;0.00;0.8;69;3;37747.85;10.5;153;36.9;44.6;30.1;0.0;45273.19
2;2023-04-21;31.3;39.1;26.8;0.00;0.00;0.5;66;3;43200.00;13.0;193;36.4;46.0;30.2;0.0;45324.89
2;2023-04-22;29.9;35.3;25.2;0.00;0.00;1.5;74;2;43200.00;13.5;99;35.5;42.5;29.4;0.0;45376.17
2;2023-04-23;29.9;35.3;25.7;0.00;0.00;0.5;76;3;37147.96;12.3;92;36.2;43.1;30.8;0.0;45426.99
2;2023-04-24;28.8;33.4;25.7;0.00;0.00;0.7;79;3;42057.67;15.7;88;34.4;39.6;31.5;0.0;45477.30
2;2023-04-25;28.0;31.6;25.0;0.60;0.60;1.5;80;51;43170.67;20.2;78;32.9;36.9;30.4;3.0;45527.06
2;2023-04-26;26.5;28.8;24.7;3.60;3.60;4.6;82;53;43200.00;17.0;73;30.5;33.1;29.1;12.0;45576.23
2;2023-04-27;27.0;30.7;23.8;0.50;0.50;3.4;79;51;43200.00;22.0;98;30.8;35.2;28.6;4.0;45624.76
2;2023-04-28;28.0;32.6;24.4;0.60;0.60;4.6;78;53;42329.21;17.0;100;32.6;39.6;28.5;1.0;45672.61
2;2023-04-29;27.9;31.9;24.2;0.00;0.00;1.3;80;3;43284.23;18.4;83;32.8;38.4;29.4;0.0;45720.10
2;2023-04-30;26.1;28.1;24.3;2.20;2.20;1.8;83;53;26895.88;13.7;40;30.4;31.9;29.0;9.0;45767.35
2;2023-05-01;26.2;29.0;24.1;2.80;2.80;1.8;81;51;39600.00;14.8;56;30.6;34.1;28.8;13.0;45814.32
2;2023-05-02;27.4;31.4;23.9;0.00;0.00;6.5;77;3;43242.74;22.7;101;31.1;35.7;27.6;0.0;45860.99
2;2023-05-03;28.9;33.8;24.5;0.00;0.00;3.4;76;3;43477.91;16.3;99;34.0;40.5;29.0;0.0;45907.30
2;2023-05-04;30.6;35.9;26.1;0.00;0.00;2.3;70;3;43465.46;16.9;99;36.0;43.0;31.2;0.0;45953.23
2;2023-05-05;31.8;38.0;26.4;0.00;0.00;1.1;62;3;43453.36;14.8;121;36.8;45.0;29.6;0.0;45998.72
2;2023-05-06;33.1;38.5;27.6;0.00;0.00;2.3;61;3;43691.11;17.1;135;38.5;45.9;31.8;0.0;46043.73
2;2023-05-07;33.5;38.7;28.4;1.80;1.80;1.3;59;61;43680.17;13.6;148;39.0;46.2;32.5;1.0;46088.24
2;2023-05-08;29.6;33.3;27.0;0.00;0.00;2.8;73;3;43669.62;16.0;359;34.8;38.6;30.6;0.0;46132.19
2;2023-05-09;27.9;30.4;26.4;3.50;3.50;0.8;83;61;38739.54;13.5;60;33.5;36.6;32.2;9.0;46175.54
2;2023-05-10;28.0;31.8;25.3;6.50;6.50;1.0;84;61;39422.50;14.4;93;33.9;38.7;31.2;8.0;46218.24
2;2023-05-11;27.4;31.1;24.8;5.50;5.50;2.2;86;55;33142.31;11.5;50;33.4;38.0;30.6;16.0;46260.26
2;2023-05-12;26.0;28.8;24.7;47.90;47.90;1.6;91;65;16922.52;13.6;319;31.4;34.1;29.4;20.0;46301.55
2;2023-05-13;25.8;28.1;24.1;1.10;1.10;3.2;84;51;25797.42;17.3;317;29.8;32.9;28.5;7.0;46342.06
2;2023-05-14;25.9;27.8;24.4;0.90;0.90;1.0;85;51;20035.18;18.1;321;30.2;31.8;28.3;5.0;46381.74
2;2023-05-15;27.2;31.4;24.0;0.20;0.20;1.9;85;51;39546.95;15.4;111;32.8;37.8;29.0;1.0;46420.55
2;2023-05-16;29.3;34.9;23.9;0.60;0.60;2.4;78;53;44107.17;12.8;151;35.5;43.5;28.9;1.0;46458.45
2;2023-05-17;30.2;36.8;25.1;0.00;0.00;4.0;73;3;44101.37;12.7;182;36.0;43.4;29.2;0.0;46495.37
2;2023-05-18;31.1;37.7;26.1;0.00;0.00;4.2;67;3;44096.06;10.4;209;36.4;43.5;29.8;0.0;46531.30
2;2023-05-19;31.1;36.7;25.9;0.70;0.70;1.1;64;53;44599.88;10.0;172;36.1;44.5;29.2;1.0;46566.47
2;2023-05-20;31.4;37.4;26.7;0.10;0.10;1.3;65;51;44596.27;15.1;168;36.5;45.1;30.9;1.0;46600.99
2;2023-05-21;31.1;36.6;26.3;3.30;3.30;1.5;68;63;44593.17;18.5;141;36.4;43.5;31.1;3.0;46634.84
2;2023-05-22;31.4;37.2;26.5;0.00;0.00;2.1;66;3;44079.81;14.3;165;36.8;44.6;30.9;0.0;46667.98
2;2023-05-23;31.3;38.5;27.4;0.00;0.00;2.6;66;3;44588.34;14.3;181;36.4;45.6;31.8;0.0;46700.37
2;2023-05-24;29.9;35.2;25.2;1.50;1.50;1.8;71;55;41004.04;14.2;171;35.1;41.6;30.4;3.0;46731.98
2;2023-05-25;28.4;33.5;25.9;17.70;17.70;2.2;80;65;32751.42;11.3;175;34.1;40.6;31.2;6.0;46762.79
2;2023-05-26;28.2;32.8;24.4;9.40;9.40;0.5;79;63;41077.94;12.0;152;33.8;39.6;29.8;7.0;46792.74
2;2023-05-27;28.4;33.0;24.6;1.00;1.00;1.5;81;53;44326.81;13.5;110;34.4;40.3;30.3;3.0;46821.82
2;2023-05-28;28.4;31.8;25.4;5.30;5.30;1.1;80;61;44326.33;16.6;94;33.8;37.9;31.1;8.0;46849.99
2;2023-05-29;27.9;31.3;24.7;2.30;2.30;1.8;84;53;44326.23;14.3;53;33.9;37.6;30.4;10.0;46877.20
2;2023-05-30;28.7;32.8;25.1;2.20;2.20;2.4;81;53;44326.49;10.5;85;34.9;40.7;31.1;8.0;46903.43
2;2023-05-31;30.1;35.5;24.8;0.40;0.40;3.6;70;51;44843.44;12.7;168;35.3;41.7;29.2;3.0;46928.65
2;2023-06-01;31.5;37.9;26.4;0.20;0.20;3.6;64;51;44844.87;12.4;190;36.5;43.9;30.3;1.0;46952.80
2;2023-06-02;31.8;38.6;26.6;1.40;1.40;3.8;64;55;44846.59;12.6;179;36.8;44.7;31.0;2.0;46975.88
2;2023-06-03;31.6;38.0;26.7;2.40;2.40;1.8;63;61;44848.58;11.1;189;36.7;44.3;30.9;4.0;46997.83
2;2023-06-04;30.3;36.8;27.1;6.00;6.00;1.8;70;63;44591.58;12.8;166;35.9;44.4;32.0;5.0;47018.61
2;2023-06-05;29.6;35.6;25.8;1.90;1.90;0.8;76;55;44334.38;10.0;347;35.7;42.1;32.0;4.0;47038.21
2;2023-06-06;28.2;34.2;25.0;16.70;16.70;0.8;81;63;40961.44;14.7;253;34.0;39.7;30.2;10.0;47056.58
2;2023-06-07;27.4;32.0;25.0;13.60;13.60;1.4;87;63;28158.97;9.1;159;33.5;39.3;31.0;9.0;47073.69
2;2023-06-08;28.4;32.2;24.7;0.40;0.40;1.3;83;51;41826.81;8.2;149;34.9;39.5;30.5;4.0;47089.66
2;2023-06-09;29.7;34.7;25.7;1.50;1.50;2.3;74;53;41769.77;12.9;224;35.3;39.6;30.8;4.0;47104.55
2;2023-06-10;29.5;33.5;26.2;1.30;1.30;1.4;75;53;41421.26;15.1;278;34.7;38.2;32.1;3.0;47118.35
2;2023-06-11;30.9;35.5;26.2;0.30;0.30;1.5;64;51;43571.43;17.8;245;35.5;40.0;31.0;2.0;47131.05
2;2023-06-12;30.8;36.7;26.5;3.20;3.20;2.6;69;61;42632.31;12.6;233;36.2;42.3;31.9;8.0;47142.64
2;2023-06-13;31.8;36.8;27.3;0.30;0.30;3.6;61;51;44101.73;13.1;222;36.4;41.8;32.3;1.0;47153.11
2;2023-06-14;31.5;36.6;28.2;1.50;1.50;2.1;61;61;39493.79;13.7;226;36.1;41.4;32.6;1.0;47162.46
2;2023-06-15;32.0;36.9;27.1;0.30;0.30;2.6;58;51;40397.20;14.8;213;36.2;41.4;31.6;1.0;47170.68
2;2023-06-16;30.9;36.4;27.1;3.00;3.00;3.3;67;53;42764.76;15.6;162;35.9;43.0;31.3;8.0;47177.75
2;2023-06-17;29.2;35.2;25.9;11.30;11.30;2.3;79;63;43182.19;15.1;190;35.0;42.9;31.0;7.0;47183.68
2;2023-06-18;29.4;34.7;25.8;0.10;0.10;1.1;77;51;43868.74;12.6;170;35.2;41.3;31.6;1.0;47188.45
2;2023-06-19;30.2;36.3;25.9;1.10;1.10;2.0;72;53;43875.01;15.0;185;35.8;42.9;30.9;2.0;47192.06
2;2023-06-20;30.1;35.8;25.5;1.80;1.80;2.6;71;53;44665.50;10.2;170;35.7;42.6;30.3;4.0;47194.50
2;2023-06-21;30.4;35.9;26.0;0.20;0.20;1.5;71;51;44672.11;6.0;195;36.4;42.9;31.1;2.0;47195.78
2;2023-06-22;31.3;37.8;26.4;2.70;2.70;4.0;65;61;44678.78;10.8;196;36.5;43.7;30.7;3.0;47195.87
2;2023-06-23;31.2;38.1;26.2;1.10;1.10;2.6;65;53;44685.47;10.6;189;36.2;44.3;30.5;5.0;47194.77
2;2023-06-24;29.9;35.8;26.0;2.20;2.20;0.0;76;55;43200.00;14.6;168;35.9;42.2;31.6;2.0;47192.49
2;2023-06-25;29.1;34.3;26.0;3.50;3.50;1.5;77;61;41760.09;11.2;179;34.8;40.7;31.5;5.0;47189.02
2;2023-06-26;28.4;32.9;25.3;13.70;13.70;1.1;82;65;43921.43;11.5;219;34.5;40.0;31.0;7.0;47184.35
2;2023-06-27;29.1;33.9;25.4;1.00;1.00;0.8;78;51;43200.00;12.0;134;35.1;41.0;30.9;5.0;47178.48
2;2023-06-28;29.1;33.9;25.0;3.30;3.30;2.1;77;63;44195.88;9.4;143;35.1;41.2;30.1;2.0;47171.34
2;2023-06-29;29.4;34.8;25.6;9.20;9.20;1.8;77;65;44042.85;11.2;158;35.5;42.5;31.4;5.0;47162.92
2;2023-06-30;30.1;35.5;25.6;1.60;1.60;0.8;73;61;44209.90;13.0;189;35.8;43.3;31.1;1.0;47153.25
2;2023-07-01;30.5;36.6;25.9;1.60;1.60;3.6;70;61;44217.24;11.9;191;35.9;43.2;30.6;3.0;47142.35
2;2023-07-02;29.7;35.3;25.8;5.50;5.50;2.5;73;63;39998.97;10.8;177;35.0;40.9;29.9;1.0;47130.24
2;2023-07-03;29.6;34.4;25.3;0.00;0.00;3.3;75;3;28464.31;18.6;157;34.9;39.0;30.5;0.0;47116.96
2;2023-07-04;29.6;34.0;26.3;4.40;4.40;2.2;74;63;40458.26;13.5;190;35.3;41.3;31.4;4.0;47102.51
2;2023-07-05;29.6;34.5;25.1;0.00;0.00;5.4;70;3;43727.64;17.3;149;34.4;40.7;29.4;0.0;47086.93
2;2023-07-06;30.2;35.3;24.9;0.00;0.00;1.8;70;3;43995.96;16.3;127;35.4;41.5;29.8;0.0;47070.25
2;2023-07-07;31.1;35.8;26.1;0.00;0.00;2.0;68;3;44004.14;13.6;117;36.5;42.0;31.2;0.0;47052.48
2;2023-07-08;31.6;36.6;26.7;0.60;0.60;1.1;64;53;44012.32;13.2;138;36.8;43.0;31.7;2.0;47033.67
2;2023-07-09;30.6;36.1;26.2;0.70;0.70;1.8;69;53;44020.48;10.0;173;36.0;41.9;31.5;2.0;47013.82
2;2023-07-10;29.9;34.3;25.6;1.40;1.40;1.3;72;53;43769.46;11.8;133;35.4;40.3;30.7;5.0;46992.97
2;2023-07-11;31.2;36.0;26.3;0.60;0.60;1.1;67;53;42209.96;15.5;138;36.6;41.9;31.4;1.0;46971.15
2;2023-07-12;31.2;37.2;26.8;0.00;0.00;1.9;68;3;43189.01;16.8;174;36.8;43.8;32.0;0.0;46948.37
2;2023-07-13;31.7;38.3;26.1;0.50;0.50;0.0;64;53;43794.10;17.3;169;36.9;45.3;30.6;1.0;46924.67
2;2023-07-14;32.1;39.2;27.1;0.50;0.50;3.1;61;51;43543.93;10.6;222;37.0;44.3;31.7;2.0;46900.07
2;2023-07-15;31.7;38.3;27.5;4.10;4.10;2.9;62;63;43551.98;21.5;252;36.2;42.4;31.9;3.0;46874.60
2;2023-07-16;31.3;36.3;27.7;0.70;0.70;3.1;60;53;37248.90;20.9;278;35.0;39.1;32.2;3.0;46848.28
2;2023-07-17;29.0;30.3;28.2;5.90;5.90;4.8;74;55;0.00;12.9;260;33.9;35.7;31.8;8.0;46821.14
2;2023-07-18;31.9;37.8;27.7;0.10;0.10;3.1;61;51;43200.00;13.3;167;36.5;43.5;31.7;1.0;46792.94
2;2023-07-19;29.7;34.6;27.0;5.10;5.10;0.4;74;63;43200.00;11.8;149;35.7;41.1;31.6;8.0;46763.62
2;2023-07-20;29.3;33.5;26.3;0.60;0.60;0.8;80;51;43333.69;12.8;32;35.7;40.7;32.9;6.0;46733.23
2;2023-07-21;29.3;33.0;26.3;1.10;1.10;2.3;77;51;43200.00;20.3;91;34.7;39.4;32.4;9.0;46701.80
2;2023-07-22;29.2;33.5;25.9;1.10;1.10;2.9;76;55;43349.33;20.9;97;34.6;39.2;32.0;2.0;46669.39
2;2023-07-23;29.2;33.8;25.4;1.30;1.30;2.0;75;51;43357.13;15.0;104;34.6;39.6;30.9;7.0;46636.03
2;2023-07-24;28.9;33.0;25.4;4.40;4.40;1.5;73;61;43364.86;14.8;110;33.7;38.7;30.3;8.0;46601.76
2;2023-07-25;28.8;33.0;24.7;2.00;2.00;2.4;75;53;43372.55;16.5;65;34.0;38.8;29.9;5.0;46566.64
2;2023-07-26;30.0;35.5;25.7;0.50;0.50;1.6;71;51;43380.15;13.0;33;35.4;41.0;31.1;3.0;46530.70
2;2023-07-27;32.4;38.4;26.4;0.00;0.00;3.3;59;3;37821.36;20.7;257;36.4;41.5;30.3;0.0;46493.99
2;2023-07-28;32.9;38.8;28.7;0.70;0.70;3.3;58;53;43200.00;14.0;214;37.3;43.4;32.9;2.0;46456.56
2;2023-07-29;31.3;38.2;27.6;4.80;4.80;1.4;65;61;43402.47;16.9;177;36.1;44.5;31.9;5.0;46418.42
2;2023-07-30;29.8;33.8;26.8;0.60;0.60;2.3;76;53;43200.00;12.2;156;35.8;40.4;33.2;1.0;46379.64
2;2023-07-31;30.6;35.3;25.9;1.50;1.50;3.3;67;53;37018.88;18.0;210;35.2;39.9;30.0;6.0;46340.26
2;2023-08-01;29.8;33.7;27.2;0.90;0.90;0.7;69;53;13688.57;10.3;215;34.6;38.0;32.0;2.0;46300.30
2;2023-08-02;29.3;34.1;27.0;1.50;1.50;0.5;69;53;12377.95;8.8;236;34.0;36.9;32.2;2.0;46259.81
2;2023-08-03;28.4;31.9;25.6;9.00;9.00;2.1;81;61;12631.55;7.9;179;34.3;37.4;31.2;14.0;46218.84
2;2023-08-04;28.2;30.2;26.4;6.80;6.80;1.8;81;61;12458.01;9.8;176;33.8;36.1;31.6;13.0;46177.41
2;2023-08-05;30.5;35.7;26.9;0.00;0.00;1.9;64;3;36206.62;19.8;231;34.5;39.0;31.4;0.0;46135.57
2;2023-08-06;31.4;36.5;27.5;0.00;0.00;5.4;57;3;39076.49;20.8;229;34.4;39.4;30.5;0.0;46093.35
2;2023-08-07;32.3;37.0;29.4;0.00;0.00;7.4;52;3;41241.93;26.2;235;34.5;39.0;32.0;0.0;46050.43
2;2023-08-08;32.7;38.6;27.8;0.00;0.00;3.3;52;3;43217.49;18.5;218;36.0;42.1;30.4;0.0;46006.73
2;2023-08-09;33.0;39.4;27.8;0.00;0.00;3.1;51;3;43200.00;16.3;229;36.6;42.3;31.4;0.0;45962.28
2;2023-08-10;33.7;40.2;28.4;0.30;0.30;3.1;50;51;43200.00;11.6;224;37.2;44.5;31.7;2.0;45917.13
2;2023-08-11;32.7;39.2;27.9;0.80;0.80;2.8;57;53;43200.00;18.5;224;36.8;43.5;32.4;2.0;45871.32
2;2023-08-12;33.1;38.2;29.1;0.10;0.10;4.0;53;51;31786.63;15.1;217;36.6;41.9;32.7;1.0;45824.90
2;2023-08-13;32.2;38.8;28.9;4.00;4.00;2.3;58;61;43200.00;13.3;210;36.6;43.6;32.9;5.0;45777.92
2;2023-08-14;31.6;38.5;28.0;4.50;4.50;4.3;63;63;43200.00;15.8;177;36.4;44.3;31.5;5.0;45730.42
2;2023-08-15;30.9;37.2;26.9;7.70;7.70;0.8;67;63;43200.00;17.4;178;36.0;43.3;31.1;4.0;45682.43
2;2023-08-16;30.5;35.5;26.7;1.80;1.80;2.3;70;53;43200.00;16.0;137;35.8;42.1;31.8;3.0;45634.01
2;2023-08-17;30.6;36.8;26.2;2.40;2.40;0.7;72;61;43200.00;11.7;166;36.6;43.2;32.2;2.0;45585.19
2;2023-08-18;30.7;36.8;26.4;1.30;1.30;3.1;70;53;43200.00;17.0;168;36.1;42.8;30.3;4.0;45536.02
2;2023-08-19;31.0;36.5;26.0;0.70;0.70;2.9;66;53;43200.00;16.3;124;36.0;42.2;30.6;2.0;45486.53
2;2023-08-20;30.6;36.6;26.1;1.10;1.10;1.5;68;55;43200.00;19.2;85;35.6;42.1;31.5;2.0;45436.76
2;2023-08-21;29.0;35.8;25.9;15.00;15.00;2.9;79;65;40456.45;14.0;254;34.7;41.5;31.2;10.0;45386.76
2;2023-08-22;29.2;32.9;25.8;1.20;1.20;2.3;81;53;41372.71;9.7;196;35.8;40.9;31.5;4.0;45336.56
2;2023-08-23;30.2;35.3;26.7;1.50;1.50;3.0;72;55;43200.00;12.4;185;35.9;42.9;30.9;3.0;45286.20
2;2023-08-24;29.3;34.1;26.1;5.10;5.10;1.6;76;63;42939.30;11.4;163;35.1;40.9;31.2;5.0;45235.72
2;2023-08-25;29.8;34.2;25.8;5.00;5.00;1.3;75;63;41970.21;12.6;148;35.9;41.9;30.5;3.0;45185.14
2;2023-08-26;30.7;36.8;26.3;0.40;0.40;2.6;72;51;42987.33;14.2;208;36.4;42.7;31.5;3.0;45134.51
2;2023-08-27;32.0;37.8;28.0;1.30;1.30;3.6;60;53;43200.00;11.9;226;36.9;43.7;31.9;3.0;45083.50
2;2023-08-28;31.8;37.8;27.0;2.50;2.50;3.6;60;61;43200.00;21.3;276;35.7;41.3;31.9;5.0;45032.00
2;2023-08-29;29.1;35.7;26.5;12.70;12.70;2.4;77;63;24850.69;22.7;305;34.0;37.8;31.6;13.0;44980.03
2;2023-08-30;27.1;30.7;25.0;28.50;28.50;0.7;86;63;31925.94;22.2;306;32.1;34.9;29.2;21.0;44927.65
2;2023-08-31;25.7;26.7;24.5;20.30;20.30;2.7;92;61;0.00;14.8;290;30.7;32.3;29.0;24.0;44874.89
2;2023-09-01;28.0;32.0;24.5;0.20;0.20;4.3;78;51;43183.35;17.0;304;32.7;36.6;29.6;2.0;44821.78
2;2023-09-02;28.9;33.9;24.6;0.30;0.30;4.3;73;51;43137.17;20.2;281;33.5;39.2;28.5;3.0;44768.38
2;2023-09-03;29.1;35.2;24.8;9.10;9.10;3.5;72;63;43090.51;16.4;295;33.6;39.5;29.2;7.0;44714.71
2;2023-09-04;27.7;31.3;24.5;6.30;6.30;2.7;81;61;39600.00;16.2;325;32.8;37.5;29.7;12.0;44660.81
2;2023-09-05;28.2;32.0;25.4;11.20;11.20;1.1;82;63;36326.84;11.6;334;34.4;39.2;31.4;12.0;44606.72
2;2023-09-06;27.7;30.6;25.6;14.10;14.10;0.0;89;63;13101.66;7.1;243;34.5;38.5;32.0;13.0;44552.47
2;2023-09-07;27.5;31.6;25.0;19.20;19.20;1.4;87;63;34704.65;8.1;181;33.8;38.7;31.0;9.0;44498.10
2;2023-09-08;27.6;31.0;25.3;1.00;1.00;2.0;87;53;30838.16;12.7;154;33.7;37.6;31.6;4.0;44443.65
2;2023-09-09;28.1;32.2;25.4;13.30;13.30;1.8;87;65;38126.11;9.8;152;34.6;40.7;31.6;9.0;44389.15
2;2023-09-10;28.3;32.1;25.4;3.20;3.20;0.8;85;63;39600.00;13.6;136;34.7;40.1;31.6;3.0;44334.63
2;2023-09-11;28.8;32.7;25.5;0.00;0.00;2.3;78;3;26099.62;11.0;214;34.5;38.5;31.8;0.0;44280.12
2;2023-09-12;29.1;33.0;26.0;4.40;4.40;3.4;73;63;30874.48;10.5;192;34.1;38.7;31.1;2.0;44225.67
2;2023-09-13;29.1;32.6;26.8;1.20;1.20;1.4;75;53;35663.29;12.3;244;34.5;38.5;31.6;7.0;44171.31
2;2023-09-14;27.1;31.3;25.3;21.00;21.00;1.3;87;63;25608.53;8.4;16;33.0;39.0;30.6;11.0;44117.06
2;2023-09-15;26.6;29.4;24.7;13.00;13.00;2.2;90;63;27637.41;9.1;117;32.5;36.3;30.1;15.0;44062.96
2;2023-09-16;26.7;30.1;24.1;13.10;13.10;2.7;89;63;35369.36;11.9;342;32.6;36.8;29.3;10.0;44008.67
2;2023-09-17;26.7;29.7;24.6;5.30;5.30;2.4;91;55;27338.25;9.2;303;33.0;36.5;30.7;14.0;43954.09
2;2023-09-18;27.7;30.9;25.1;3.20;3.20;1.5;86;61;39889.03;10.6;110;34.0;38.8;31.3;8.0;43899.23
2;2023-09-19;28.2;32.1;25.0;0.00;0.00;1.5;84;3;42324.65;10.7;83;34.6;40.2;30.9;0.0;43844.14
2;2023-09-20;28.2;32.4;24.5;0.10;0.10;0.0;81;51;42097.86;14.0;114;34.1;40.1;29.8;1.0;43788.85
2;2023-09-21;28.2;31.7;24.7;0.50;0.50;2.1;82;51;41882.47;14.3;101;33.9;38.7;29.8;5.0;43733.39
2;2023-09-22;28.1;31.7;25.0;0.80;0.80;2.5;84;53;41907.06;11.7;82;34.3;39.6;30.6;2.0;43677.81
2;2023-09-23;27.9;32.2;24.3;0.20;0.20;0.4;83;51;41931.84;14.3;39;33.8;39.7;29.7;2.0;43622.15
2;2023-09-24;27.0;30.2;24.8;16.20;16.20;1.4;86;63;30696.74;7.9;294;32.7;36.7;30.4;12.0;43566.42
2;2023-09-25;25.4;26.3;23.5;96.60;96.60;1.5;94;65;0.00;18.7;359;30.2;32.0;27.3;24.0;43510.68
2;2023-09-26;26.6;30.6;24.1;26.40;26.40;1.1;89;65;29513.83;11.2;253;32.3;36.9;28.4;19.0;43454.96
2;2023-09-27;27.1;30.6;24.2;0.80;0.80;0.8;88;53;27576.81;11.2;7;33.0;36.1;29.6;1.0;43399.28
2;2023-09-28;26.6;29.1;24.9;6.30;6.30;0.5;91;61;21353.99;9.1;171;32.7;35.7;30.4;15.0;43343.69
2;2023-09-29;27.0;30.1;24.3;3.70;3.70;1.1;87;61;38116.65;8.0;309;33.0;37.1;29.9;10.0;43288.23
2;2023-09-30;27.1;30.9;24.8;1.60;1.60;0.5;87;53;40187.51;12.8;285;33.2;38.4;30.3;7.0;43232.92
2;2023-10-01;27.5;31.1;24.4;0.40;0.40;1.8;85;51;40451.82;13.0;72;33.4;38.3;30.0;3.0;43177.80
2;2023-10-02;27.8;30.7;24.6;1.20;1.20;0.5;84;51;40235.71;13.0;85;33.6;37.2;29.7;6.0;43122.91
2;2023-10-03;27.2;29.4;25.4;7.30;7.30;0.8;88;63;32369.02;10.8;59;33.0;36.2;31.9;15.0;43068.28
2;2023-10-04;26.8;29.7;24.8;9.90;9.90;0.0;89;63;22731.95;8.9;59;32.9;36.5;30.5;14.0;43013.96
2;2023-10-05;28.1;31.6;25.0;0.60;0.60;0.5;85;51;39824.61;10.1;189;34.7;40.5;31.1;6.0;42959.96
2;2023-10-06;27.7;32.3;25.0;6.90;6.90;1.5;85;63;38711.38;13.7;200;33.8;40.5;29.7;8.0;42905.94
2;2023-10-07;27.0;32.0;24.3;14.40;14.40;0.5;86;65;33966.34;11.9;219;32.8;39.3;29.6;8.0;42851.76
2;2023-10-08;26.3;29.9;23.8;10.20;10.20;2.9;88;63;39025.16;18.8;293;30.9;35.3;27.6;15.0;42797.46
2;2023-10-09;25.5;27.4;23.6;28.70;28.70;2.6;90;63;13472.19;14.8;321;30.5;31.9;27.7;24.0;42743.08
2;2023-10-10;25.4;27.7;23.9;20.70;20.70;2.3;91;65;4957.10;11.5;292;30.2;33.2;27.5;23.0;42688.67
2;2023-10-11;25.2;27.9;23.3;10.30;10.30;1.0;89;61;30057.78;16.6;309;29.5;32.5;27.4;21.0;42634.25
2;2023-10-12;24.5;25.9;23.0;61.20;61.20;1.3;95;65;0.00;16.1;359;29.3;30.9;27.4;24.0;42579.88
2;2023-10-13;24.4;25.4;23.4;59.80;59.80;1.3;94;63;0.00;17.0;341;28.5;29.9;27.2;24.0;42525.58
2;2023-10-14;24.4;25.0;23.5;97.80;97.80;3.1;92;65;0.00;15.8;5;28.6;29.8;27.0;24.0;42471.42
2;2023-10-15;24.9;28.4;23.4;10.30;10.30;1.6;90;61;8102.57;20.9;308;29.2;32.2;27.1;19.0;42417.41
2;2023-10-16;25.0;28.1;23.3;17.40;17.40;5.1;90;63;13086.62;17.7;302;29.1;32.6;27.3;24.0;42363.62
2;2023-10-17;25.0;26.2;23.7;79.10;79.10;10.4;92;65;0.00;21.6;339;28.6;30.4;27.4;24.0;42310.07
2;2023-10-18;24.3;25.1;23.4;97.10;97.10;9.7;93;65;0.00;26.7;278;27.3;28.9;26.0;22.0;42256.81
2;2023-10-19;26.4;30.1;23.5;13.20;13.20;3.0;84;65;34342.42;10.0;247;31.4;36.1;27.8;7.0;42203.89
2;2023-10-20;26.1;30.8;22.9;8.70;8.70;1.0;86;63;37620.22;12.6;299;31.1;36.8;27.6;12.0;42151.35
2;2023-10-21;24.5;26.1;23.2;20.40;20.40;8.2;89;63;16232.74;22.3;306;27.7;28.7;26.2;22.0;42099.23
2;2023-10-22;24.1;26.2;22.8;6.60;6.60;8.6;88;61;6313.38;21.9;283;27.0;29.1;25.3;11.0;42047.58
2;2023-10-23;24.3;26.2;22.9;34.40;34.40;4.4;94;63;1678.13;13.7;333;28.8;30.5;26.8;23.0;41996.45
2;2023-10-24;24.8;26.8;23.5;30.80;30.80;1.9;93;63;12592.63;12.5;61;29.6;32.2;27.9;24.0;41945.87
2;2023-10-25;25.3;29.0;22.8;3.50;3.50;2.1;91;53;37689.97;10.8;322;30.5;35.5;26.9;10.0;41895.89
2;2023-10-26;25.8;28.9;23.5;6.00;6.00;1.0;91;63;34480.63;7.9;308;31.4;35.2;28.7;10.0;41846.13
2;2023-10-27;25.8;29.4;23.4;8.50;8.50;1.3;92;63;30610.16;10.1;306;31.6;37.0;28.6;12.0;41796.43
2;2023-10-28;26.1;29.9;23.4;6.80;6.80;0.4;90;63;36873.29;12.3;281;31.6;36.4;28.3;12.0;41746.85
2;2023-10-29;25.9;28.4;24.0;10.50;10.50;0.5;90;61;37165.38;14.0;80;31.1;34.9;29.3;21.0;41697.43
2;2023-10-30;24.3;25.9;23.3;49.50;49.50;2.3;93;63;0.00;17.7;107;28.8;30.1;27.6;24.0;41648.21
2;2023-10-31;24.9;27.7;23.4;15.80;15.80;1.3;89;63;27302.01;16.9;83;29.3;32.4;27.8;21.0;41599.24
2;2023-11-01;24.9;28.5;23.0;17.30;17.30;0.5;90;63;21713.64;14.2;63;29.6;34.0;27.4;20.0;41550.58
2;2023-11-02;25.2;27.3;23.7;11.10;11.10;2.4;92;63;22937.24;12.4;23;30.0;32.0;28.4;22.0;41502.28
2;2023-11-03;25.8;29.1;22.7;0.30;0.30;1.1;88;51;37724.69;15.0;89;30.7;34.7;27.4;3.0;41454.36
2;2023-11-04;26.2;29.5;23.0;0.40;0.40;3.2;88;51;39600.00;16.0;99;31.3;34.9;27.9;4.0;41406.90
2;2023-11-05;26.2;30.1;23.0;3.80;3.80;2.3;89;61;39600.00;12.5;102;31.7;36.3;27.8;9.0;41359.95
2;2023-11-06;25.8;29.3;23.5;7.00;7.00;0.5;90;61;39580.16;11.8;67;31.3;35.6;28.0;12.0;41313.54
2;2023-11-07;24.6;27.9;23.3;20.00;20.00;1.1;92;63;20837.31;15.0;60;29.3;33.3;27.8;18.0;41267.75
2;2023-11-08;25.4;28.0;23.5;9.50;9.50;0.5;89;61;29694.55;13.0;328;30.3;32.2;28.1;21.0;41222.61
2;2023-11-09;25.7;29.4;23.2;9.20;9.20;0.7;91;63;35138.92;10.7;116;31.2;35.2;28.0;7.0;41178.18
2;2023-11-10;26.4;30.3;23.2;2.60;2.60;2.4;88;53;39600.00;13.7;102;31.8;36.3;28.0;10.0;41134.52
2;2023-11-11;26.3;29.6;23.5;1.60;1.60;2.4;90;53;39600.00;13.2;95;31.9;36.3;28.7;5.0;41091.69
2;2023-11-12;25.4;28.4;23.8;13.60;13.60;1.5;91;63;34740.57;14.6;94;30.5;33.8;28.0;18.0;41049.74
2;2023-11-13;24.4;26.5;23.1;49.80;49.80;4.0;93;63;7704.65;19.1;96;28.2;30.7;26.5;24.0;41008.72
2;2023-11-14;24.2;24.9;23.5;53.20;53.20;10.7;92;65;0.00;21.2;65;27.2;28.0;26.5;24.0;40968.68
2;2023-11-15;24.6;26.2;23.7;28.50;28.50;1.8;91;63;10599.70;19.2;77;28.3;29.8;26.7;24.0;40929.27
2;2023-11-16;24.5;27.8;23.4;19.60;19.60;2.3;87;63;29483.95;32.7;32;27.2;31.5;23.1;22.0;40890.33
2;2023-11-17;22.4;24.2;20.8;13.60;13.60;2.1;76;61;14400.00;27.7;2;22.5;23.5;21.4;14.0;40851.91
2;2023-11-18;21.6;24.5;18.2;0.20;0.20;2.3;74;51;31308.24;14.1;86;22.9;26.0;19.9;2.0;40814.06
2;2023-11-19;22.1;25.8;19.5;1.30;1.30;3.1;79;51;31850.50;14.1;81;24.1;26.8;21.5;6.0;40776.81
2;2023-11-20;22.6;25.8;19.2;1.70;1.70;2.8;84;53;36912.16;10.5;85;25.3;27.7;21.4;6.0;40740.23
2;2023-11-21;22.8;26.4;19.5;0.20;0.20;2.1;81;51;38846.51;12.8;114;25.3;28.4;21.9;2.0;40704.35
2;2023-11-22;22.3;25.0;18.9;1.10;1.10;2.3;88;51;5438.31;8.4;185;25.7;29.2;21.1;9.0;40669.24
2;2023-11-23;24.2;27.7;21.4;1.50;1.50;1.0;85;51;36830.58;19.3;100;27.5;30.6;25.2;8.0;40634.92
2;2023-11-24;23.5;26.8;21.0;1.10;1.10;3.7;80;51;38414.26;16.4;109;26.0;28.7;24.0;5.0;40601.45
2;2023-11-25;23.1;24.4;21.1;23.40;23.40;2.7;88;63;4902.11;19.1;44;26.1;28.3;23.4;15.0;40568.88
2;2023-11-26;24.5;25.9;23.7;27.80;27.80;9.1;87;63;7228.69;23.1;85;27.3;29.0;26.0;23.0;40537.27
2;2023-11-27;23.3;26.2;20.1;0.70;0.70;3.6;80;51;30123.54;16.6;86;26.0;28.7;21.8;6.0;40506.67
2;2023-11-28;22.6;26.1;19.5;1.50;1.50;4.8;80;53;39368.86;16.9;112;24.7;27.7;21.0;3.0;40477.11
2;2023-11-29;23.3;25.7;20.8;2.90;2.90;1.4;90;53;322.21;7.9;254;27.4;30.0;23.6;13.0;40448.65
2;2023-11-30;24.6;27.8;22.6;11.70;11.70;3.2;90;63;35414.43;16.9;84;28.9;32.8;26.8;19.0;40421.35
2;2023-12-01;23.7;25.5;22.6;71.80;71.80;5.0;93;65;9393.75;15.5;91;27.4;29.1;26.0;24.0;40395.26
2;2023-12-02;24.3;26.1;23.6;13.30;13.30;11.9;89;61;25331.43;20.5;84;27.2;29.1;26.3;24.0;40370.42
2;2023-12-03;24.3;26.0;23.2;28.20;28.20;5.1;89;65;20120.56;20.7;76;27.5;28.8;26.4;24.0;40346.90
2;2023-12-04;24.4;26.8;23.3;13.40;13.40;5.2;90;61;21416.93;15.1;62;28.2;30.1;26.8;24.0;40324.74
2;2023-12-05;24.6;26.9;22.8;3.70;3.70;2.6;88;53;34571.26;15.2;93;28.6;31.0;27.0;14.0;40303.69
2;2023-12-06;24.1;27.4;20.9;1.90;1.90;3.8;88;53;37620.89;14.4;89;28.0;31.1;24.3;7.0;40283.67
2;2023-12-07;22.5;23.1;21.5;36.50;36.50;1.8;91;63;0.00;23.2;343;24.7;26.0;24.0;20.0;40264.70
2;2023-12-08;22.9;26.1;20.7;0.20;0.20;0.8;85;51;38718.41;12.2;122;26.0;29.6;23.6;2.0;40246.80
2;2023-12-09;23.3;27.3;19.3;0.00;0.00;1.3;89;3;37853.37;12.7;122;27.0;32.4;22.0;0.0;40229.99
2;2023-12-10;24.2;28.3;21.0;0.00;0.00;2.3;90;3;36000.00;11.6;113;28.7;33.9;24.8;0.0;40214.29
2;2023-12-11;24.6;28.5;22.2;0.00;0.00;1.3;91;3;32400.00;12.4;90;29.4;34.3;26.8;0.0;40199.72
2;2023-12-12;24.2;27.1;21.3;1.60;1.60;2.9;88;53;34390.96;14.5;94;28.1;31.4;25.1;6.0;40186.31
2;2023-12-13;23.9;27.5;21.0;0.20;0.20;2.5;87;51;38553.71;11.2;115;27.7;31.4;24.6;2.0;40174.07
2;2023-12-14;24.4;28.1;20.6;0.30;0.30;3.7;89;51;38572.80;14.2;107;28.5;32.5;23.6;2.0;40163.03
2;2023-12-15;24.9;29.3;22.3;0.10;0.10;1.8;90;51;30776.25;14.4;105;29.5;34.0;26.6;1.0;40153.20
2;2023-12-16;24.4;28.0;22.1;6.40;6.40;2.8;90;61;33937.61;15.6;74;28.7;33.0;26.6;9.0;40144.61
2;2023-12-17;23.3;24.6;22.7;36.10;36.10;4.2;90;63;8857.51;26.5;65;25.0;27.1;23.4;24.0;40137.27
2;2023-12-18;22.9;25.3;20.9;23.60;23.60;5.8;92;61;25080.24;17.7;46;25.8;28.9;23.4;21.0;40131.21
2;2023-12-19;22.5;26.1;20.6;15.00;15.00;2.4;92;63;27161.43;11.6;344;25.9;29.7;23.5;22.0;40126.44
2;2023-12-20;21.1;22.6;19.5;43.40;43.40;1.3;92;63;0.00;25.2;3;22.6;26.2;19.9;24.0;40122.98
2;2023-12-21;19.2;20.6;17.7;33.50;33.50;11.4;89;63;0.00;23.7;356;19.3;20.6;17.6;24.0;40120.85
2;2023-12-22;17.6;18.4;16.6;20.10;20.10;6.4;89;61;0.00;23.5;349;17.4;18.8;16.5;24.0;40120.07
2;2023-12-23;18.6;19.1;17.6;14.80;14.80;6.6;88;61;0.00;21.1;7;18.6;20.0;17.8;24.0;40120.66
2;2023-12-24;19.3;20.3;18.8;7.70;7.70;9.0;82;53;0.00;23.9;7;19.1;20.0;18.2;19.0;40122.62
2;2023-12-25;18.5;19.7;16.9;12.40;12.40;3.4;86;61;1035.95;12.6;316;19.2;20.7;16.9;19.0;40125.99
2;2023-12-26;18.8;20.9;17.4;3.70;3.70;5.1;91;51;663.69;10.9;275;20.2;22.3;18.3;18.0;40130.75
2;2023-12-27;20.0;21.8;18.4;5.10;5.10;1.1;94;53;0.00;15.1;287;22.1;24.5;19.4;21.0;40136.88
2;2023-12-28;21.1;23.3;19.4;21.40;21.40;3.3;94;63;0.00;14.5;309;23.8;25.4;22.1;18.0;40144.37
2;2023-12-29;21.7;23.7;20.6;16.50;16.50;3.5;94;63;8977.83;20.0;288;23.9;25.4;21.9;17.0;40153.17
2;2023-12-30;22.8;25.6;21.1;8.70;8.70;1.1;93;61;15673.79;12.1;79;26.6;29.4;25.0;18.0;40163.28
2;2023-12-31;22.9;25.0;21.0;4.50;4.50;2.7;92;55;24242.32;14.9;94;26.5;28.7;24.4;12.0;40174.67
2;2024-01-01;22.8;25.8;19.9;1.20;1.20;3.3;89;51;34936.30;17.2;99;25.6;28.8;23.2;7.0;40187.30
2;2024-01-02;22.5;26.1;19.1;0.40;0.40;1.5;90;51;34439.33;15.4;103;25.5;29.7;21.9;3.0;40201.16
2;2024-01-03;22.7;25.7;20.0;1.10;1.10;5.0;86;53;36191.13;21.0;103;24.8;28.0;22.6;5.0;40216.22
2;2024-01-04;22.7;25.9;20.2;0.00;0.00;6.4;80;3;36738.11;18.8;106;24.2;27.4;22.1;0.0;40232.47
2;2024-01-05;21.8;25.1;18.4;0.50;0.50;4.6;83;51;36998.65;20.2;113;23.3;26.7;19.9;3.0;40249.86
2;2024-01-06;22.3;25.3;18.5;1.00;1.00;3.4;83;51;31214.78;17.4;102;24.3;26.9;20.7;5.0;40268.38
2;2024-01-07;22.4;24.9;18.7;0.80;0.80;4.1;84;51;35567.70;16.9;103;24.5;26.8;21.1;5.0;40288.00
2;2024-01-08;22.8;25.6;19.9;0.30;0.30;5.4;84;51;36951.26;15.6;101;25.1;28.4;22.6;3.0;40308.69
2;2024-01-09;22.3;26.1;18.1;0.00;0.00;2.5;86;3;36675.01;14.9;101;24.9;29.3;20.4;0.0;40330.42
2;2024-01-10;23.3;25.9;20.0;0.50;0.50;4.8;85;51;36660.69;21.7;104;25.5;28.5;22.5;3.0;40353.18
2;2024-01-11;23.7;26.3;21.9;0.10;0.10;14.5;80;51;36399.47;25.6;101;24.7;27.4;23.5;1.0;40376.94
2;2024-01-12;23.1;26.0;20.3;0.00;0.00;7.0;80;2;36891.07;21.6;104;24.5;27.8;22.8;0.0;40401.67
2;2024-01-13;22.2;25.2;19.2;1.30;1.30;4.4;80;53;36613.76;21.6;111;23.6;26.7;21.4;6.0;40427.35
2;2024-01-14;21.9;25.7;18.6;0.90;0.90;3.7;83;51;33043.36;17.5;101;23.7;27.3;20.7;5.0;40454.23
2;2024-01-15;22.0;25.6;18.8;0.70;0.70;3.3;82;51;36583.08;19.9;105;23.8;27.0;21.2;5.0;40482.42
2;2024-01-16;22.1;25.9;18.1;0.60;0.60;4.3;81;53;36820.30;20.2;105;23.5;26.7;20.1;2.0;40511.86
2;2024-01-17;22.3;25.6;18.1;0.00;0.00;3.6;81;3;36516.72;20.2;110;23.8;26.6;20.2;0.0;40542.49
2;2024-01-18;22.3;26.1;18.1;0.30;0.30;4.4;84;51;37298.60;15.7;106;24.7;29.0;20.2;3.0;40574.25
2;2024-01-19;22.3;26.8;18.1;0.00;0.00;3.7;84;3;37794.22;13.8;109;24.8;30.1;19.8;0.0;40607.10
2;2024-01-20;21.8;26.2;17.6;0.00;0.00;4.0;85;3;35674.90;15.7;114;24.1;29.7;19.1;0.0;40640.98
2;2024-01-21;22.3;26.3;18.4;0.00;0.00;5.7;79;3;38778.90;24.6;112;23.5;27.8;19.7;0.0;40675.83
2;2024-01-22;22.7;26.8;19.0;3.20;3.20;4.6;81;61;37208.88;18.2;87;24.6;29.1;20.9;5.0;40711.61
2;2024-01-23;19.0;21.0;17.8;48.50;48.50;6.4;92;63;0.00;24.1;342;19.5;22.3;18.3;24.0;40748.26
2;2024-01-24;18.0;19.6;15.6;10.00;10.00;0.8;91;55;75.19;16.3;287;19.0;22.0;15.2;24.0;40785.72
2;2024-01-25;17.3;19.5;15.5;10.00;10.00;4.5;93;55;0.00;16.6;283;17.8;21.0;15.1;22.0;40823.96
2;2024-01-26;18.8;22.9;16.7;1.80;1.80;2.9;88;53;7965.11;15.1;289;19.5;26.1;16.5;4.0;40862.92
2;2024-01-27;18.9;21.1;17.4;0.10;0.10;10.4;84;51;2616.70;18.2;281;19.0;21.6;16.4;1.0;40902.54
2;2024-01-28;19.3;21.7;17.9;0.10;0.10;10.1;85;51;15818.85;15.5;280;19.7;22.6;17.8;1.0;40942.79
2;2024-01-29;19.3;22.5;17.2;0.00;0.00;5.9;85;3;18687.32;14.4;307;20.3;24.2;17.2;0.0;40983.61
2;2024-01-30;21.0;24.3;17.3;0.20;0.20;1.8;88;51;35351.73;12.4;24;23.4;27.1;19.1;2.0;41024.95
2;2024-01-31;22.2;26.5;18.1;0.00;0.00;2.5;90;3;37742.60;10.1;103;25.6;31.6;20.4;0.0;41066.77
2;2024-02-01;22.9;26.7;19.8;0.00;0.00;2.2;92;3;35552.49;11.2;94;26.9;32.6;23.1;0.0;41109.01
2;2024-02-02;23.6;27.6;20.6;0.00;0.00;2.3;91;3;34700.90;12.6;99;27.8;33.6;24.0;0.0;41151.65
2;2024-02-03;23.9;27.9;20.5;0.00;0.00;2.1;89;3;38668.13;15.5;102;27.7;33.7;24.1;0.0;41195.07
2;2024-02-04;24.4;28.5;21.2;0.00;0.00;1.1;90;3;37463.84;11.8;94;28.8;34.7;24.5;0.0;41239.41
2;2024-02-05;25.1;29.6;21.2;0.00;0.00;2.9;88;3;38857.67;14.3;106;29.7;35.5;25.1;0.0;41284.60
2;2024-02-06;25.1;29.3;21.5;0.40;0.40;1.5;89;51;37569.80;11.6;96;29.7;35.0;25.6;3.0;41330.61
2;2024-02-07;24.8;28.6;21.8;0.00;0.00;2.1;90;3;38543.45;11.5;88;29.5;34.0;26.2;0.0;41377.35
2;2024-02-08;23.9;27.0;21.2;3.70;3.70;1.8;89;61;22650.29;20.1;315;27.5;32.2;22.7;10.0;41424.79
2;2024-02-09;20.5;21.2;19.2;10.30;10.30;11.5;90;53;0.00;21.4;309;21.6;22.5;20.4;23.0;41472.86
2;2024-02-10;19.0;20.3;18.2;16.50;16.50;10.0;92;61;0.00;20.3;316;19.7;20.3;19.2;24.0;41521.52
2;2024-02-11;18.9;20.8;16.7;20.20;20.20;2.5;91;61;0.00;14.8;307;20.0;22.2;16.5;24.0;41570.71
2;2024-02-12;21.0;24.2;18.8;1.30;1.30;2.6;84;53;34716.76;16.6;99;22.8;25.8;21.2;4.0;41620.37
2;2024-02-13;21.3;24.5;16.6;0.50;0.50;4.4;83;51;31745.33;18.8;107;22.6;26.0;17.3;3.0;41670.46
2;2024-02-14;22.3;25.7;18.1;0.00;0.00;4.6;87;3;40297.12;18.6;102;24.6;29.0;19.7;0.0;41720.93
2;2024-02-15;22.7;25.9;20.0;0.70;0.70;2.0;89;51;35421.70;17.0;89;25.8;29.1;23.2;4.0;41771.72
2;2024-02-16;22.7;25.4;20.6;1.50;1.50;2.7;88;51;34790.74;14.7;83;25.4;28.7;23.1;9.0;41822.79
2;2024-02-17;21.9;26.1;17.5;0.00;0.00;3.3;89;3;40168.37;17.0;117;24.7;29.2;19.2;0.0;41874.09
2;2024-02-18;23.6;28.2;19.4;0.00;0.00;1.4;91;3;40171.95;13.1;108;27.6;35.4;21.8;0.0;41925.56
2;2024-02-19;24.6;29.4;21.2;0.00;0.00;2.3;91;3;28193.20;14.4;104;29.3;36.2;24.8;0.0;41977.17
2;2024-02-20;25.7;30.3;21.6;0.00;0.00;2.6;90;3;38925.77;14.4;105;31.0;38.2;25.8;0.0;42028.86
2;2024-02-21;26.1;31.3;21.9;0.00;0.00;3.4;88;3;40423.82;15.5;106;31.3;39.2;25.8;0.0;42080.59
2;2024-02-22;25.8;30.3;22.7;0.00;0.00;1.1;90;3;40424.36;12.2;86;31.3;38.1;27.7;0.0;42132.33
2;2024-02-23;24.8;27.9;22.7;0.40;0.40;1.4;91;51;31200.87;22.8;89;28.7;32.9;26.1;3.0;42184.46
2;2024-02-24;24.1;26.7;22.2;0.40;0.40;6.5;85;51;40422.35;22.0;92;26.7;29.2;25.4;2.0;42237.13
2;2024-02-25;23.0;25.8;21.0;3.30;3.30;3.0;88;53;37147.78;16.1;87;26.2;29.1;24.8;17.0;42290.30
2;2024-02-26;23.2;26.4;20.3;1.00;1.00;4.4;85;51;35505.91;18.0;94;25.8;29.6;23.0;7.0;42343.93
2;2024-02-27;23.0;24.5;21.9;11.40;11.40;4.0;91;61;12504.23;15.2;74;26.0;27.1;24.9;21.0;42397.97
2;2024-02-28;23.0;26.3;20.5;0.30;0.30;3.9;89;51;38341.77;15.4;62;26.5;30.3;24.0;3.0;42452.38
2;2024-02-29;23.1;26.5;19.1;1.60;1.60;1.1;88;53;34338.69;13.9;48;26.5;30.8;21.2;8.0;42507.10
2;2024-03-01;21.6;22.9;20.0;10.30;10.30;6.6;93;61;0.00;17.9;345;23.6;26.8;21.6;23.0;42562.11
2;2024-03-02;19.9;21.2;18.8;5.90;5.90;8.0;91;53;0.00;17.7;310;21.2;22.1;19.8;20.0;42617.35
2;2024-03-03;21.2;25.2;17.5;0.00;0.00;0.4;89;3;33193.72;15.5;70;23.9;28.7;19.2;0.0;42672.78
2;2024-03-04;24.8;30.2;19.4;0.00;0.00;3.2;89;3;42303.46;13.0;120;29.5;38.0;21.8;0.0;42728.36
2;2024-03-05;27.4;35.2;21.1;0.00;0.00;2.9;78;3;42359.31;15.2;162;32.2;42.8;23.1;0.0;42784.06
2;2024-03-06;27.7;34.7;23.3;0.00;0.00;1.1;76;3;42415.24;20.0;206;32.2;43.5;25.4;0.0;42839.81
2;2024-03-07;23.8;25.3;22.8;2.00;2.00;10.0;88;51;3600.00;15.1;326;26.8;28.5;25.3;16.0;42895.59
2;2024-03-08;23.5;25.4;22.4;3.10;3.10;1.5;90;53;27348.01;12.1;339;27.2;29.2;25.3;9.0;42951.36
2;2024-03-09;23.4;26.2;21.6;1.60;1.60;3.4;90;53;25928.46;12.4;333;26.9;30.0;25.0;7.0;43007.07
2;2024-03-10;22.7;24.9;21.0;1.70;1.70;6.5;90;53;4381.59;15.8;316;25.5;27.5;23.7;8.0;43062.68
2;2024-03-11;21.8;23.1;20.6;9.30;9.30;5.4;92;61;963.60;21.2;303;24.0;24.9;23.3;13.0;43118.16
2;2024-03-12;21.9;24.7;19.8;0.20;0.20;0.8;88;51;35601.67;14.8;330;24.7;28.6;21.7;2.0;43173.45
2;2024-03-13;23.7;28.1;19.2;0.20;0.20;2.3;89;51;41966.13;15.4;105;27.6;33.2;21.8;1.0;43228.54
2;2024-03-14;25.4;30.0;21.8;1.40;1.40;1.9;88;53;39791.43;12.3;88;30.4;37.1;26.3;6.0;43283.77
2;2024-03-15;25.2;28.9;23.3;15.60;15.60;1.1;90;63;22213.38;13.0;118;29.8;34.5;26.8;15.0;43339.30
2;2024-03-16;25.7;29.0;23.3;0.00;0.00;1.1;88;3;39390.20;10.0;72;30.9;34.8;27.6;0.0;43395.08
2;2024-03-17;25.2;28.9;22.5;0.00;0.00;1.8;90;3;39972.72;15.1;91;30.1;35.3;27.2;0.0;43451.09
2;2024-03-18;25.4;29.0;22.3;0.00;0.00;0.4;89;3;42932.88;14.5;92;30.3;35.8;26.6;0.0;43507.28
2;2024-03-19;24.9;27.9;22.2;2.10;2.10;0.4;88;53;40200.88;23.2;91;28.7;31.5;26.3;11.0;43563.62
2;2024-03-20;22.9;24.3;21.1;32.20;32.20;3.5;92;63;14557.24;16.6;32;26.2;27.6;23.9;24.0;43620.06
2;2024-03-21;22.4;25.8;19.5;11.30;11.30;3.8;89;61;28627.26;16.3;310;25.1;30.0;20.3;14.0;43676.58
2;2024-03-22;24.7;29.1;19.8;0.10;0.10;3.6;87;51;42148.56;13.7;112;28.9;35.7;22.8;1.0;43733.14
2;2024-03-23;26.8;31.7;22.8;0.00;0.00;3.4;85;3;43060.90;13.0;108;32.1;40.6;26.7;0.0;43789.70
2;2024-03-24;26.6;31.0;23.2;0.00;0.00;2.3;88;3;39952.43;8.7;89;32.5;39.4;27.9;0.0;43846.21
2;2024-03-25;26.8;30.7;23.3;0.70;0.70;1.9;90;53;43079.80;9.1;95;33.0;39.6;28.1;1.0;43902.66
2;2024-03-26;26.2;29.8;24.1;0.00;0.00;0.7;88;3;35178.06;22.0;94;30.8;36.3;27.9;0.0;43958.99
2;2024-03-27;26.0;29.6;23.1;0.00;0.00;3.5;86;3;43098.72;17.0;99;30.6;36.5;27.1;0.0;44015.17
2;2024-03-28;26.2;29.8;22.7;0.50;0.50;0.7;88;53;34033.78;12.1;126;31.7;37.3;27.0;1.0;44071.16
2;2024-03-29;26.1;29.3;23.8;7.70;7.70;1.1;90;63;24043.93;11.2;345;31.6;36.4;28.7;5.0;44126.93
2;2024-03-30;27.2;31.0;23.7;3.50;3.50;0.4;89;63;40258.70;10.5;133;33.5;40.0;29.1;2.0;44182.44
2;2024-03-31;28.7;34.0;23.3;0.00;0.00;3.5;81;3;43137.93;10.1;163;34.7;42.5;27.6;0.0;44237.64
2;2024-04-01;29.5;35.5;25.1;0.00;0.00;1.6;74;2;43148.25;15.9;147;34.8;44.2;28.2;0.0;44292.50
2;2024-04-02;29.9;36.3;25.6;0.00;0.00;2.3;73;0;43158.82;16.9;143;35.4;44.3;28.9;0.0;44346.99
2;2024-04-03;29.7;35.5;25.4;0.00;0.00;1.5;76;1;43169.35;14.4;137;35.5;43.9;29.0;0.0;44401.44
2;2024-04-04;29.6;34.7;25.2;0.00;0.00;4.0;79;3;43179.80;13.4;115;35.9;44.2;30.4;0.0;44456.00
2;2024-04-05;29.0;33.7;24.9;0.00;0.00;3.6;80;3;43190.21;16.2;100;34.8;41.8;29.5;0.0;44510.62
2;2024-04-06;28.5;32.8;25.2;0.00;0.00;1.3;83;3;43200.00;14.4;79;34.7;41.7;31.3;0.0;44565.28
2;2024-04-07;28.4;32.9;24.6;0.00;0.00;1.5;84;3;43200.00;15.9;78;34.9;42.2;30.6;0.0;44619.92
2;2024-04-08;28.6;33.3;25.6;0.00;0.00;0.0;85;3;43200.00;13.2;62;35.3;41.9;30.9;0.0;44674.53
2;2024-04-09;27.2;30.2;25.2;0.10;0.10;1.9;85;51;38955.66;19.9;77;32.2;34.9;30.7;1.0;44729.05
2;2024-04-10;27.1;30.6;24.5;0.00;0.00;2.9;82;3;43200.00;19.9;93;31.5;36.2;28.9;0.0;44783.46
2;2024-04-11;27.0;31.6;23.5;0.00;0.00;4.0;81;3;43200.00;21.3;101;31.2;37.7;28.5;0.0;44837.71
2;2024-04-12;26.9;31.3;23.3;0.00;0.00;4.1;82;3;43188.95;21.0;100;31.5;37.8;27.1;0.0;44891.78
2;2024-04-13;27.5;32.0;23.0;0.00;0.00;2.3;83;3;43200.00;15.3;95;32.9;39.1;27.6;0.0;44945.60
2;2024-04-14;28.2;33.9;23.2;0.00;0.00;1.8;81;3;43200.00;14.8;95;33.9;41.4;28.3;0.0;44999.16
2;2024-04-15;28.4;34.2;23.9;0.00;0.00;1.5;81;3;43200.00;13.8;86;34.2;41.1;29.5;0.0;45052.40
2;2024-04-16;28.1;32.7;24.2;0.00;0.00;1.8;83;3;43200.00;13.4;76;34.1;41.2;29.8;0.0;45105.30
2;2024-04-17;29.7;34.9;25.5;0.00;0.00;2.5;78;3;43200.00;14.0;88;35.9;43.5;31.3;0.0;45157.80
2;2024-04-18;29.8;33.8;26.1;0.00;0.00;2.6;74;2;43200.00;21.1;106;35.1;39.9;31.2;0.0;45209.86
2;2024-04-19;30.1;35.4;26.1;0.00;0.00;2.1;70;3;43200.00;15.3;112;35.3;42.6;30.3;0.0;45261.44
2;2024-04-20;30.9;37.1;25.9;1.50;1.50;1.5;72;61;43200.00;8.3;151;37.1;44.4;31.1;2.0;45312.50
2;2024-04-21;31.2;36.3;26.7;0.40;0.40;2.3;69;51;43200.00;11.3;164;36.9;41.9;31.4;1.0;45363.00
2;2024-04-22;30.8;36.1;26.3;0.00;0.00;2.9;71;3;43200.00;16.3;104;36.7;44.2;30.4;0.0;45412.90
2;2024-04-23;31.0;36.5;26.2;0.00;0.00;0.4;71;3;41999.72;14.1;104;37.1;45.3;30.1;0.0;45462.51
2;2024-04-24;29.8;35.2;27.4;0.00;0.00;1.9;79;3;40437.04;16.1;69;36.3;43.5;32.9;0.0;45511.98
2;2024-04-25;31.1;36.5;26.6;0.00;0.00;1.0;76;3;43200.00;15.5;99;37.8;45.1;32.2;0.0;45561.27
2;2024-04-26;32.7;39.3;27.8;0.20;0.20;2.9;63;51;43318.99;9.7;175;38.4;46.2;31.1;1.0;45610.32
2;2024-04-27;32.7;40.0;27.9;0.00;0.00;3.7;62;3;43303.74;15.0;157;37.9;46.1;31.4;0.0;45659.12
2;2024-04-28;32.7;38.7;28.0;0.00;0.00;3.1;63;1;43535.58;19.2;130;38.1;46.5;31.1;0.0;45707.61
2;2024-04-29;32.8;38.3;28.5;0.00;0.00;3.1;61;0;43274.15;20.2;128;38.0;46.0;32.2;0.0;45755.76
2;2024-04-30;33.2;41.5;29.0;0.10;0.10;4.2;58;51;43507.36;18.2;168;37.8;46.4;32.1;1.0;45803.53
2;2024-05-01;32.5;39.8;28.6;0.00;0.00;3.3;61;3;43360.73;14.1;192;37.6;46.5;31.2;0.0;45850.86
2;2024-05-02;29.8;33.6;27.1;4.40;4.40;2.2;80;63;41677.68;18.5;49;36.1;41.2;33.3;2.0;45897.73
2;2024-05-03;29.7;32.8;27.1;4.40;4.40;2.2;76;63;28586.43;12.0;113;35.3;39.3;32.2;5.0;45944.10
2;2024-05-04;28.1;32.8;25.9;12.80;12.80;3.4;83;63;27050.31;20.7;144;33.6;40.5;29.6;5.0;45989.90
2;2024-05-05;30.3;34.8;26.3;0.00;0.00;0.7;75;3;37833.98;12.8;84;36.5;42.1;31.2;0.0;46035.11
2;2024-05-06;28.9;32.6;26.5;4.70;4.70;1.8;83;63;36037.50;12.2;38;35.2;40.0;32.2;8.0;46079.67
2;2024-05-07;28.5;32.6;26.2;0.00;0.00;2.6;81;3;33078.33;15.7;89;33.9;39.2;32.0;0.0;46123.54
2;2024-05-08;28.3;32.3;24.5;0.00;0.00;2.2;79;3;43040.74;18.1;90;33.2;38.1;30.2;0.0;46166.68
2;2024-05-09;28.4;32.2;24.8;0.00;0.00;5.2;78;3;42456.37;18.6;94;33.2;37.5;29.6;0.0;46209.03
2;2024-05-10;28.6;32.3;24.8;0.30;0.30;4.0;79;51;43200.00;18.2;94;33.7;38.2;29.7;2.0;46250.56
2;2024-05-11;29.3;33.9;25.6;1.50;1.50;0.7;79;61;33126.11;13.3;95;35.4;40.9;31.5;1.0;46291.20
2;2024-05-12;30.2;34.3;26.5;2.80;2.80;1.6;78;61;37514.55;13.5;91;36.9;41.8;33.7;3.0;46330.93
2;2024-05-13;28.7;32.6;26.9;7.20;7.20;1.1;83;61;33916.73;13.4;75;35.1;39.9;33.2;13.0;46370.01
2;2024-05-14;28.2;31.0;25.8;3.20;3.20;0.8;82;55;32992.73;12.2;74;34.2;37.2;32.1;14.0;46408.57
2;2024-05-15;28.2;32.5;25.9;16.80;16.80;0.5;84;63;39738.35;13.0;111;34.3;39.2;31.4;9.0;46446.56
2;2024-05-16;27.9;31.7;25.3;5.30;5.30;1.1;84;61;43596.14;13.4;80;33.6;38.6;30.8;14.0;46483.96
2;2024-05-17;27.9;31.0;24.9;4.40;4.40;1.5;84;63;42544.09;10.7;83;34.1;37.9;31.0;9.0;46520.72
2;2024-05-18;28.8;32.8;25.5;3.00;3.00;1.1;81;61;31492.60;10.9;139;35.0;40.5;32.0;9.0;46556.80
2;2024-05-19;31.0;36.7;25.9;0.20;0.20;2.1;69;51;43834.31;13.1;158;36.6;43.5;31.1;2.0;46592.17
2;2024-05-20;28.8;33.2;26.2;6.50;6.50;2.5;82;61;23508.87;16.9;315;34.5;39.4;31.9;10.0;46626.81
2;2024-05-21;26.9;29.5;25.4;9.50;9.50;2.7;91;55;2565.06;11.2;271;32.9;35.3;30.6;17.0;46660.65
2;2024-05-22;26.5;29.4;24.5;15.70;15.70;0.5;91;63;12675.54;8.4;256;32.5;35.4;29.0;18.0;46693.67
2;2024-05-23;27.1;30.0;25.1;9.60;9.60;0.7;90;63;23263.68;6.4;128;33.5;37.0;31.1;13.0;46725.83
2;2024-05-24;27.8;31.3;24.9;1.70;1.70;1.1;88;51;42315.84;11.9;99;34.3;39.4;30.7;9.0;46757.09
2;2024-05-25;28.5;33.0;25.2;2.10;2.10;1.5;86;61;43558.32;10.4;147;35.5;41.9;30.7;3.0;46787.41
2;2024-05-26;29.9;34.2;26.4;0.00;0.00;0.0;82;3;43556.14;12.0;116;37.1;42.6;33.6;0.0;46816.75
2;2024-05-27;31.4;36.3;26.9;0.30;0.30;2.8;73;51;44326.10;9.8;189;37.9;44.1;31.8;1.0;46845.07
2;2024-05-28;31.8;35.7;28.2;0.10;0.10;2.5;66;51;17771.61;13.2;209;37.2;43.6;33.3;1.0;46872.34
2;2024-05-29;32.2;37.0;27.7;0.50;0.50;1.0;64;53;42187.21;10.8;207;37.6;43.0;32.4;1.0;46898.50
2;2024-05-30;31.7;35.7;28.7;0.40;0.40;2.2;68;51;18966.08;14.4;148;37.3;42.0;33.4;2.0;46923.52
2;2024-05-31;29.6;32.5;26.6;3.40;3.40;2.7;76;61;3822.96;16.1;153;35.2;38.3;33.1;7.0;46947.37
2;2024-06-01;28.2;32.0;26.1;21.80;21.80;0.7;88;65;23702.35;7.6;145;35.1;39.3;32.7;13.0;46970.00
2;2024-06-02;29.9;34.4;25.9;0.10;0.10;1.9;80;51;43292.23;13.3;149;36.7;41.5;32.3;1.0;46991.58
2;2024-06-03;30.8;35.1;27.1;0.20;0.20;0.8;71;51;41664.22;11.0;191;36.8;42.9;31.5;1.0;47012.18
2;2024-06-04;31.3;36.3;26.8;3.50;3.50;4.0;71;55;44072.29;13.2;163;37.5;44.5;31.6;4.0;47031.79
2;2024-06-05;30.0;35.8;27.3;22.90;22.90;2.3;78;65;33015.08;8.9;196;36.7;44.0;32.2;3.0;47050.39
2;2024-06-06;30.2;34.7;26.7;0.10;0.10;0.4;77;51;28021.50;8.4;181;36.7;40.6;33.6;1.0;47067.95
2;2024-06-07;29.5;34.4;26.5;12.10;12.10;1.5;80;65;35693.33;8.2;186;36.0;41.2;32.2;9.0;47084.47
2;2024-06-08;29.0;32.3;26.5;3.40;3.40;1.5;84;61;26083.98;11.2;128;35.7;39.4;32.4;8.0;47099.92
2;2024-06-09;29.0;34.1;26.1;19.30;19.30;1.1;80;63;37160.97;13.0;178;35.2;42.5;31.8;11.0;47114.30
2;2024-06-10;28.8;33.4;25.2;18.60;18.60;1.6;83;65;43654.23;9.2;171;35.5;41.9;30.9;5.0;47127.58
2;2024-06-11;29.6;33.9;26.0;0.20;0.20;0.8;78;51;43315.17;12.4;141;36.0;41.9;31.4;2.0;47139.75
2;2024-06-12;30.7;35.9;26.1;0.00;0.00;1.6;73;3;44362.77;13.0;190;36.7;42.7;31.1;0.0;47150.79
2;2024-06-13;32.0;37.8;26.9;0.00;0.00;4.1;64;3;44367.94;11.2;224;37.5;44.7;31.1;0.0;47160.68
2;2024-06-14;32.6;38.2;27.1;0.00;0.00;1.4;63;3;44373.31;14.0;174;38.4;46.3;31.4;0.0;47169.42
2;2024-06-15;32.6;37.5;28.7;0.00;0.00;2.6;66;3;44378.83;15.9;170;38.7;45.4;33.3;0.0;47176.99
2;2024-06-16;31.4;37.5;27.0;9.70;9.70;1.9;69;65;44123.28;17.0;149;37.1;44.9;32.4;3.0;47183.37
2;2024-06-17;31.2;36.7;26.4;0.00;0.00;3.6;70;3;44128.96;15.7;156;37.0;43.6;32.0;0.0;47188.56
2;2024-06-18;31.0;36.6;27.1;7.50;7.50;1.8;71;63;44134.71;10.7;204;37.3;44.4;32.2;2.0;47192.52
2;2024-06-19;31.1;36.4;26.8;0.50;0.50;2.4;70;53;43879.17;16.2;176;36.8;44.0;31.7;1.0;47195.26
2;2024-06-20;31.8;37.2;26.9;0.70;0.70;3.6;64;51;44407.77;12.7;164;37.1;44.3;31.8;3.0;47196.76
2;2024-06-21;31.6;35.8;27.6;0.30;0.30;1.3;65;51;44152.21;11.5;119;36.9;42.3;32.2;3.0;47197.00
2;2024-06-22;29.8;34.1;26.5;7.30;7.30;1.5;74;61;44158.20;13.3;73;35.5;40.5;32.0;7.0;47195.98
2;2024-06-23;27.9;30.4;25.8;33.50;33.50;0.4;87;65;15967.56;6.2;248;34.3;37.2;32.0;17.0;47193.69
2;2024-06-24;28.4;31.9;25.7;4.30;4.30;0.8;82;63;24865.97;8.2;162;34.5;38.3;31.9;6.0;47190.16
2;2024-06-25;28.4;32.2;25.7;37.60;37.60;1.3;84;65;39600.00;8.0;202;34.9;39.8;31.7;8.0;47185.39
2;2024-06-26;28.3;31.8;26.1;7.80;7.80;0.4;86;63;41073.42;10.7;292;35.0;39.6;32.4;11.0;47179.42
2;2024-06-27;28.4;32.7;25.0;10.10;10.10;1.1;83;63;40505.54;16.4;152;34.8;40.4;30.5;7.0;47172.24
2;2024-06-28;29.0;33.3;25.5;3.60;3.60;1.0;81;63;43939.14;10.6;151;35.6;41.3;31.6;4.0;47163.88
2;2024-06-29;29.9;34.7;25.6;0.60;0.60;0.8;78;51;43946.96;12.4;165;36.5;43.1;31.2;2.0;47154.35
2;2024-06-30;30.9;36.3;26.6;0.20;0.20;1.1;69;51;43694.08;14.1;194;36.4;42.8;31.5;2.0;47143.68
2;2024-07-01;31.4;35.6;27.1;0.10;0.10;4.6;63;51;42352.73;13.5;216;35.9;39.8;32.1;1.0;47131.89
2;2024-07-02;30.6;35.5;26.4;4.20;4.20;1.5;68;61;43971.08;13.4;161;35.8;42.5;30.5;5.0;47118.98
2;2024-07-03;29.5;33.7;25.8;2.90;2.90;1.8;78;55;40167.92;13.7;149;35.7;40.7;32.2;6.0;47104.98
2;2024-07-04;27.8;33.1;24.9;15.60;15.60;1.9;82;65;43149.96;12.7;176;33.5;40.7;30.3;7.0;47089.90
2;2024-07-05;28.2;31.6;24.9;3.70;3.70;2.7;83;61;43735.48;10.8;131;34.4;39.5;30.8;7.0;47073.77
2;2024-07-06;29.1;33.0;25.2;0.60;0.60;1.6;77;51;44003.60;14.4;112;34.8;40.0;31.2;3.0;47056.61
2;2024-07-07;28.8;33.6;25.1;7.00;7.00;1.8;77;63;44011.58;15.2;142;34.6;41.4;30.4;7.0;47038.43
2;2024-07-08;28.5;33.7;24.8;5.80;5.80;1.5;81;63;44019.44;9.8;199;34.7;40.8;30.6;7.0;47019.26
2;2024-07-09;29.2;33.4;25.5;0.90;0.90;1.1;79;53;37390.30;11.5;166;35.2;40.1;31.6;1.0;46999.10
2;2024-07-10;29.8;35.8;25.9;0.50;0.50;3.6;72;51;42748.01;18.2;154;35.1;42.5;31.0;2.0;46977.99
2;2024-07-11;29.7;35.0;26.2;8.80;8.80;1.6;75;63;43265.73;13.1;171;35.5;43.0;30.7;6.0;46955.94
2;2024-07-12;30.0;35.0;25.7;0.60;0.60;1.9;72;53;43273.67;9.9;192;35.8;41.8;31.2;2.0;46932.76
2;2024-07-13;29.3;33.4;25.9;7.60;7.60;2.3;75;63;43539.96;14.6;152;35.1;41.4;31.3;7.0;46908.38
2;2024-07-14;26.7;29.2;25.1;20.60;20.60;1.6;88;63;6595.16;8.0;288;32.4;35.1;30.4;17.0;46882.86
2;2024-07-15;26.3;29.6;24.1;55.40;55.40;1.8;92;65;24008.04;20.4;292;31.9;37.6;27.1;20.0;46856.23
2;2024-07-16;27.6;31.2;24.7;3.30;3.30;0.5;88;53;42127.37;13.0;121;34.1;40.0;30.3;14.0;46828.53
2;2024-07-17;27.0;30.0;25.2;19.10;19.10;1.6;90;63;35072.04;10.9;288;33.4;39.4;30.6;14.0;46799.80
2;2024-07-18;27.2;30.3;25.2;38.70;38.70;0.8;89;65;23045.83;7.1;150;33.5;37.9;31.2;18.0;46770.09
2;2024-07-19;27.6;30.9;25.6;12.20;12.20;0.8;88;63;43200.00;9.0;133;34.2;38.7;31.7;17.0;46739.44
2;2024-07-20;28.3;32.0;25.3;5.80;5.80;2.6;85;63;43339.23;14.8;200;34.8;40.2;29.8;8.0;46707.88
2;2024-07-21;27.7;31.6;25.2;9.80;9.80;2.9;87;63;37706.91;19.6;292;33.6;39.3;30.4;11.0;46675.46
2;2024-07-22;28.3;31.4;25.1;5.40;5.40;1.1;85;61;39600.00;9.6;203;34.8;39.0;31.2;7.0;46642.21
2;2024-07-23;29.8;33.7;26.0;0.00;0.00;1.9;74;3;34215.24;14.9;221;35.4;40.1;31.5;0.0;46608.17
2;2024-07-24;30.0;34.4;26.8;0.10;0.10;3.3;72;51;43371.33;10.2;195;35.6;39.8;31.4;1.0;46573.39
2;2024-07-25;30.2;34.2;26.9;0.00;0.00;3.5;71;3;40043.54;17.5;226;35.6;39.9;31.7;0.0;46537.90
2;2024-07-26;29.7;33.7;25.9;0.00;0.00;2.4;74;3;41294.61;15.5;253;35.0;39.2;32.0;0.0;46501.74
2;2024-07-27;30.2;34.6;27.0;0.00;0.00;2.9;75;3;43200.00;8.9;157;36.5;43.0;31.7;0.0;46464.94
2;2024-07-28;29.9;33.0;27.8;0.20;0.20;1.3;74;51;39843.16;10.2;201;35.8;39.4;32.3;2.0;46427.56
2;2024-07-29;28.6;30.9;26.7;0.80;0.80;2.4;81;51;7127.73;9.4;156;34.6;37.4;31.7;4.0;46389.61
2;2024-07-30;28.2;30.9;26.2;3.00;3.00;1.5;83;53;18474.15;7.6;159;34.3;37.8;31.3;8.0;46351.15
2;2024-07-31;28.9;33.1;25.6;0.00;0.00;3.0;78;3;28332.73;7.4;173;34.4;39.9;30.1;0.0;46312.18
2;2024-08-01;28.9;32.3;25.4;0.00;0.00;3.3;77;3;29894.45;11.5;197;34.3;37.6;29.9;0.0;46272.44
2;2024-08-02;28.9;34.0;25.2;0.00;0.00;1.3;77;3;42092.89;13.8;155;34.6;42.0;29.2;0.0;46231.81
2;2024-08-03;29.0;33.5;24.9;0.00;0.00;0.5;78;3;43200.00;12.5;130;35.0;41.2;29.8;0.0;46190.35
2;2024-08-04;28.7;32.8;25.1;0.00;0.00;1.1;80;3;43200.00;15.8;126;34.7;40.3;30.5;0.0;46148.11
2;2024-08-05;29.3;34.3;24.5;0.00;0.00;1.5;78;3;43202.73;12.7;130;35.5;42.2;30.0;0.0;46105.12
2;2024-08-06;29.8;34.7;25.3;0.60;0.60;1.8;73;53;43208.90;14.2;157;35.6;42.4;30.9;1.0;46061.44
2;2024-08-07;30.2;34.6;25.3;0.00;0.00;1.8;71;3;43214.92;13.3;143;35.9;41.9;30.8;0.0;46017.10
2;2024-08-08;30.9;35.2;26.7;0.00;0.00;1.5;72;3;43220.81;11.2;150;37.1;43.0;31.9;0.0;45972.17
2;2024-08-09;31.6;36.6;26.6;0.10;0.10;2.2;65;51;43200.00;9.9;189;37.0;43.6;31.2;1.0;45926.67
2;2024-08-10;32.0;37.6;27.1;1.80;1.80;3.6;64;61;43232.24;12.2;205;37.3;44.7;31.8;1.0;45880.65
2;2024-08-11;31.4;38.0;28.2;3.00;3.00;2.6;66;61;43200.00;15.4;196;36.6;45.5;31.9;3.0;45834.15
2;2024-08-12;30.4;37.2;26.3;5.90;5.90;3.3;74;63;43200.00;13.4;199;36.4;44.2;31.3;6.0;45787.21
2;2024-08-13;30.3;35.4;26.0;1.50;1.50;2.5;77;61;43200.00;12.6;197;36.8;43.0;31.5;1.0;45739.89
2;2024-08-14;30.6;34.5;26.6;0.80;0.80;1.9;72;51;40849.98;11.2;141;36.5;41.1;31.8;4.0;45692.21
2;2024-08-15;30.2;35.1;26.9;10.30;10.30;2.3;76;63;43200.00;11.8;178;36.6;43.7;32.8;3.0;45644.22
2;2024-08-16;29.8;35.3;26.5;6.90;6.90;1.9;78;63;39600.00;12.5;194;36.2;43.4;31.5;6.0;45595.96
2;2024-08-17;29.7;34.0;26.4;6.60;6.60;0.7;81;63;41388.09;10.7;160;36.6;41.3;32.8;6.0;45547.46
2;2024-08-18;30.5;35.1;26.5;0.00;0.00;0.4;76;3;43200.00;17.0;130;36.9;44.1;32.5;0.0;45498.76
2;2024-08-19;30.9;36.6;26.5;0.50;0.50;0.4;71;51;43200.00;11.7;194;36.9;45.1;31.5;2.0;45449.90
2;2024-08-20;30.4;35.4;26.7;1.40;1.40;3.1;73;53;40405.34;9.5;184;36.4;41.5;31.8;3.0;45400.90
2;2024-08-21;30.5;35.8;26.5;0.90;0.90;3.3;70;53;43200.00;13.6;162;36.1;42.9;31.4;1.0;45351.47
2;2024-08-22;30.6;35.4;25.6;0.00;0.00;1.1;69;3;43200.00;12.6;113;36.2;41.7;31.0;0.0;45301.46
2;2024-08-23;30.4;35.9;26.4;0.90;0.90;0.4;71;53;41292.80;9.8;200;36.4;42.6;31.7;1.0;45250.94
2;2024-08-24;30.0;34.6;26.2;0.50;0.50;1.6;73;51;42256.20;12.2;140;35.8;41.8;31.9;3.0;45199.92
2;2024-08-25;29.5;34.8;25.5;0.30;0.30;1.4;74;51;43200.00;12.3;154;35.2;41.1;31.4;2.0;45148.47
2;2024-08-26;29.5;35.5;25.3;1.60;1.60;3.2;75;53;42370.90;12.7;178;35.1;42.0;31.4;3.0;45096.61
2;2024-08-27;29.4;36.7;24.7;4.30;4.30;0.0;74;61;43200.00;10.9;204;34.8;42.5;30.4;5.0;45044.40
2;2024-08-28;30.7;37.9;26.5;2.00;2.00;4.7;68;61;43200.00;17.0;213;35.7;43.5;29.8;4.0;44991.85
2;2024-08-29;30.3;36.9;25.7;1.00;1.00;3.6;68;53;43200.00;15.8;211;35.1;43.0;29.6;3.0;44939.03
2;2024-08-30;30.2;37.0;25.5;4.00;4.00;5.0;68;63;40209.15;10.2;232;34.9;42.6;29.7;5.0;44885.96
2;2024-08-31;29.3;33.8;25.9;3.30;3.30;1.1;75;61;39280.22;9.9;110;34.8;39.4;31.5;8.0;44832.67
2;2024-09-01;29.7;34.1;25.9;0.70;0.70;0.4;73;51;43144.02;15.3;70;35.2;40.0;32.0;5.0;44779.22
2;2024-09-02;29.1;33.9;25.3;4.30;4.30;0.8;76;53;41720.30;16.8;89;34.4;39.8;30.2;12.0;44725.63
2;2024-09-03;27.9;33.6;24.3;9.20;9.20;1.6;84;63;39666.14;12.0;290;33.9;40.7;29.8;8.0;44671.93
2;2024-09-04;28.8;35.2;25.5;2.80;2.80;1.8;79;63;42726.09;14.1;267;34.7;41.5;31.5;3.0;44618.17
2;2024-09-05;30.4;36.2;25.5;0.30;0.30;1.1;69;51;35518.49;19.5;298;35.2;39.4;31.3;2.0;44564.39
2;2024-09-06;29.1;31.8;27.3;5.90;5.90;4.6;74;61;56.98;15.2;262;33.5;36.2;31.8;8.0;44510.60
2;2024-09-07;31.1;35.1;27.5;1.20;1.20;4.7;61;53;22778.05;14.3;213;35.0;39.6;31.6;3.0;44456.86
2;2024-09-08;31.2;37.2;26.0;0.00;0.00;2.1;65;3;42818.35;11.5;163;36.3;44.2;30.3;0.0;44403.19
2;2024-09-09;30.0;36.5;27.0;16.90;16.90;2.8;73;63;36946.47;10.8;178;35.3;42.9;31.5;9.0;44349.62
2;2024-09-10;28.2;30.7;26.3;0.10;0.10;1.1;86;51;3855.91;11.2;139;34.7;36.9;33.3;1.0;44295.82
2;2024-09-11;27.8;30.9;25.6;0.00;0.00;1.8;86;3;14598.64;9.4;122;33.9;36.6;31.2;0.0;44241.67
2;2024-09-12;27.8;32.5;25.5;18.50;18.50;1.9;86;63;39766.94;11.6;294;34.0;39.9;31.0;11.0;44187.22
2;2024-09-13;27.4;31.8;24.8;16.40;16.40;0.4;88;65;42162.64;14.5;265;33.9;39.9;30.5;8.0;44132.49
2;2024-09-14;27.1;31.4;24.6;25.90;25.90;0.5;89;65;39600.00;14.5;264;33.5;39.5;30.1;12.0;44077.53
2;2024-09-15;27.0;31.2;25.2;11.30;11.30;1.9;89;63;23658.61;12.5;261;33.2;38.4;30.0;12.0;44022.35
2;2024-09-16;27.2;31.0;24.7;5.90;5.90;1.8;88;63;42021.64;11.8;349;33.5;38.9;30.0;7.0;43967.02
2;2024-09-17;26.7;30.0;24.4;2.80;2.80;2.6;89;53;40606.67;15.5;312;32.2;36.9;29.5;13.0;43911.55
2;2024-09-18;24.8;25.9;23.8;57.80;57.80;2.7;94;65;0.00;21.4;290;29.3;31.8;26.4;24.0;43855.99
2;2024-09-19;25.7;27.5;24.0;83.40;83.40;4.3;92;65;0.00;26.2;243;29.5;32.8;26.3;24.0;43800.36
2;2024-09-20;27.0;30.9;24.8;58.80;58.80;1.1;90;65;35137.95;8.8;133;33.4;38.9;30.3;18.0;43744.71
2;2024-09-21;27.2;31.3;25.2;19.00;19.00;1.5;89;63;30644.80;13.1;259;33.4;38.9;29.9;14.0;43689.06
2;2024-09-22;26.6;29.5;24.7;20.60;20.60;0.5;90;63;9722.39;7.9;169;32.8;36.4;30.4;14.0;43633.46
2;2024-09-23;26.4;28.3;24.8;12.30;12.30;1.1;91;61;2665.28;9.3;104;32.2;34.3;29.7;24.0;43577.93
2;2024-09-24;25.6;28.4;24.2;3.00;3.00;1.6;90;51;7670.51;12.3;307;30.6;33.8;28.7;16.0;43522.52
2;2024-09-25;26.5;30.1;24.1;4.00;4.00;1.3;89;55;39770.62;9.4;138;32.6;37.9;29.7;8.0;43467.25
2;2024-09-26;27.0;30.6;23.7;0.60;0.60;2.2;87;51;40827.78;14.4;102;32.6;37.3;29.1;4.0;43412.16
2;2024-09-27;27.2;31.0;23.5;0.00;0.00;2.3;87;3;40372.25;15.9;119;33.0;38.4;28.3;0.0;43357.28
2;2024-09-28;28.1;31.8;24.3;0.20;0.20;1.4;84;51;40875.86;8.5;128;34.5;39.9;29.7;1.0;43302.65
2;2024-09-29;28.8;32.4;25.7;4.10;4.10;1.7;84;61;39939.63;7.4;151;35.7;41.0;31.7;8.0;43248.30
2;2024-09-30;28.7;33.3;25.6;3.30;3.30;0.9;83;61;40443.29;9.2;172;35.3;41.2;31.1;4.0;43193.89
2;2024-10-01;28.0;32.5;25.0;5.50;5.50;1.5;84;63;40226.96;16.6;271;34.2;40.3;29.8;7.0;43139.26
2;2024-10-02;24.8;26.6;23.1;49.10;49.10;7.7;91;65;10291.94;24.2;304;28.2;29.9;25.5;22.0;43084.49
2;2024-10-03;25.6;28.0;24.0;8.00;8.00;3.5;79;61;20732.75;19.5;323;28.7;30.0;26.6;11.0;43029.59
2;2024-10-04;25.3;27.4;23.9;1.90;1.90;0.2;77;53;18218.82;15.0;306;28.4;30.7;25.2;7.0;42974.60
2;2024-10-05;25.4;28.7;22.2;2.50;2.50;3.1;82;53;33055.21;13.3;289;29.3;32.6;25.8;7.0;42919.58
2;2024-10-06;25.9;28.7;23.4;2.30;2.30;4.0;81;51;33658.70;19.8;310;29.7;32.1;27.5;9.0;42864.54
2;2024-10-07;24.6;26.6;23.1;31.20;31.20;2.1;93;63;13664.59;14.0;320;29.2;31.6;27.6;24.0;42809.53
2;2024-10-08;25.0;28.8;23.2;10.30;10.30;1.5;90;61;27369.19;9.7;191;29.9;35.1;27.4;19.0;42754.60
2;2024-10-09;25.4;28.6;22.6;1.90;1.90;1.3;87;53;39027.55;11.4;314;30.1;34.4;26.9;8.0;42699.78
2;2024-10-10;25.8;28.2;23.8;2.40;2.40;4.1;83;55;39499.71;17.5;325;29.8;31.9;27.8;6.0;42645.10
2;2024-10-11;25.5;28.6;24.0;20.90;20.90;1.5;89;63;31440.35;10.7;84;30.6;34.3;28.7;23.0;42590.62
2;2024-10-12;26.0;29.0;23.4;0.50;0.50;2.3;88;51;39600.00;14.4;97;31.2;35.1;28.3;5.0;42536.36
2;2024-10-13;26.0;28.5;24.2;1.30;1.30;2.4;89;51;37487.26;14.5;79;31.4;34.6;29.3;10.0;42482.38
2;2024-10-14;25.9;29.0;23.8;7.10;7.10;1.0;89;61;30093.15;10.2;33;31.5;35.4;28.9;22.0;42428.71
2;2024-10-15;25.9;29.4;24.0;17.40;17.40;1.0;89;63;36671.58;12.7;64;31.2;35.7;29.0;17.0;42375.38
2;2024-10-16;25.6;28.7;23.2;2.70;2.70;1.7;90;53;25268.93;9.9;40;30.9;34.6;28.2;12.0;42322.45
2;2024-10-17;26.0;29.5;23.3;4.10;4.10;2.3;91;61;39600.00;11.4;65;31.7;36.0;28.5;6.0;42269.96
2;2024-10-18;26.5;29.7;23.7;4.00;4.00;2.3;87;53;34665.09;10.7;104;32.1;36.5;29.0;11.0;42217.94
2;2024-10-19;26.4;30.1;23.7;2.90;2.90;1.4;88;53;39600.00;15.7;105;31.6;35.8;28.6;14.0;42166.44
2;2024-10-20;25.4;28.8;23.7;20.60;20.60;0.4;91;63;15248.62;18.4;70;30.4;33.6;28.1;18.0;42115.08
2;2024-10-21;24.6;26.4;23.4;38.70;38.70;0.5;94;65;9341.71;12.6;85;29.5;31.6;28.1;22.0;42063.71
2;2024-10-22;25.5;27.7;23.7;13.10;13.10;1.3;90;61;32699.00;15.8;77;30.3;33.5;28.1;23.0;42012.37
2;2024-10-23;25.0;29.6;22.2;15.00;15.00;2.7;88;61;38677.70;16.4;309;29.4;35.7;25.3;19.0;41961.12
2;2024-10-24;24.9;28.1;22.4;2.20;2.20;8.1;78;53;31884.40;21.7;308;27.3;30.4;24.1;9.0;41910.00
2;2024-10-25;24.3;28.2;21.3;0.00;0.00;8.5;72;3;39600.00;19.8;289;26.0;30.6;22.5;0.0;41859.04
2;2024-10-26;22.9;25.3;21.2;30.00;30.00;9.3;76;63;541.74;29.8;291;23.4;27.0;20.3;14.0;41808.31
2;2024-10-27;22.9;24.5;21.3;269.50;269.50;0.9;90;65;0.00;43.6;310;24.2;27.9;19.4;24.0;41757.84
2;2024-10-28;23.9;27.2;21.5;3.60;3.60;1.8;89;53;28321.03;13.2;291;27.8;30.4;25.1;15.0;41707.69
2;2024-10-29;22.4;23.8;21.0;111.30;111.30;7.2;93;65;0.00;30.8;283;23.3;27.5;20.3;24.0;41657.90
2;2024-10-30;24.2;25.8;22.4;67.70;67.70;15.8;88;65;13864.07;23.7;307;26.2;28.6;23.5;17.0;41608.51
2;2024-10-31;24.3;27.7;22.0;14.10;14.10;5.6;85;63;30177.10;21.6;300;27.0;30.4;24.5;11.0;41559.60
2;2024-11-01;24.1;28.5;20.1;0.00;0.00;3.7;81;3;39600.00;17.0;306;27.0;32.3;22.7;0.0;41511.19
2;2024-11-02;24.1;27.3;21.1;1.50;1.50;3.6;82;53;37141.12;13.9;326;27.4;31.2;23.6;9.0;41463.35
2;2024-11-03;23.5;24.6;22.8;37.20;37.20;2.1;93;63;0.00;15.1;320;27.2;28.5;26.4;22.0;41416.12
2;2024-11-04;23.9;26.1;22.2;45.60;45.60;2.6;93;65;9313.05;10.9;3;28.3;30.4;26.6;23.0;41369.56
2;2024-11-05;23.8;24.9;23.2;66.30;66.30;2.6;93;65;0.00;21.6;45;27.4;28.7;25.6;24.0;41323.71
2;2024-11-06;24.3;26.4;23.0;22.10;22.10;5.3;87;63;22406.04;18.6;59;27.4;29.1;26.0;24.0;41278.65
2;2024-11-07;23.9;26.4;22.3;11.90;11.90;2.9;86;61;36344.90;17.6;83;27.0;29.1;25.7;22.0;41234.41
2;2024-11-08;23.8;26.8;21.6;5.40;5.40;2.4;85;53;30405.13;15.4;68;27.1;29.7;24.8;15.0;41191.05
2;2024-11-09;23.2;26.2;20.6;0.00;0.00;4.1;80;3;39600.00;11.8;297;25.7;29.1;22.7;0.0;41148.18
2;2024-11-10;23.8;27.5;20.4;0.00;0.00;4.8;79;3;39600.00;15.6;299;26.3;30.6;22.4;0.0;41105.67
2;2024-11-11;24.8;27.6;22.4;6.20;6.20;8.3;84;55;34457.63;20.9;316;27.8;30.9;24.5;18.0;41063.56
2;2024-11-12;24.8;26.8;23.7;52.50;52.50;0.8;92;65;8322.04;20.0;12;28.9;30.3;27.5;24.0;41021.88
2;2024-11-13;25.4;28.2;23.5;4.10;4.10;2.0;88;53;30049.85;12.3;85;30.1;32.4;28.6;15.0;40980.69
2;2024-11-14;25.7;29.6;22.3;0.00;0.00;1.7;87;3;39600.00;13.8;78;30.6;34.8;26.4;0.0;40940.04
2;2024-11-15;26.0;30.3;23.2;0.00;0.00;2.1;87;3;39600.00;11.3;86;31.2;35.6;28.0;0.0;40899.99
2;2024-11-16;25.8;29.9;22.3;0.00;0.00;1.5;87;3;39600.00;13.6;87;30.8;36.3;27.1;0.0;40860.57
2;2024-11-17;25.1;29.0;21.3;0.90;0.90;1.6;85;51;39600.00;12.1;77;29.4;33.5;25.3;6.0;40821.85
2;2024-11-18;23.9;27.5;21.5;16.30;16.30;1.6;90;63;28073.68;14.6;98;27.7;30.9;25.0;24.0;40783.86
2;2024-11-19;24.0;26.4;22.9;31.40;31.40;3.2;91;63;22353.75;17.1;79;27.9;30.1;26.6;24.0;40746.67
2;2024-11-20;24.0;27.2;22.0;7.60;7.60;2.4;88;63;32916.24;12.1;351;28.1;30.9;26.0;23.0;40710.33
2;2024-11-21;23.9;26.8;22.1;10.00;10.00;2.3;89;55;25663.98;14.7;7;27.7;29.9;26.3;22.0;40674.88
2;2024-11-22;24.0;26.0;23.1;34.20;34.20;5.2;90;63;16933.55;17.1;64;27.4;28.9;26.8;24.0;40640.38
2;2024-11-23;24.2;26.3;23.1;22.60;22.60;6.0;88;63;8327.48;19.6;54;27.2;28.9;26.0;24.0;40606.90
2;2024-11-24;24.4;27.0;23.2;28.90;28.90;8.2;90;63;17171.15;21.4;61;27.6;28.9;26.6;24.0;40574.48
2;2024-11-25;24.0;25.1;23.6;17.40;17.40;1.7;93;61;8105.74;17.2;63;28.1;29.1;26.9;23.0;40543.18
2;2024-11-26;24.1;27.0;22.9;14.00;14.00;6.7;90;61;31103.38;19.4;95;27.3;29.3;25.8;24.0;40513.05
2;2024-11-27;24.2;27.2;22.3;6.20;6.20;1.7;81;53;36142.10;22.5;81;26.5;28.8;25.3;22.0;40484.14
2;2024-11-28;23.2;25.4;20.1;0.70;0.70;0.9;73;51;34657.78;22.0;63;24.5;26.0;23.3;6.0;40456.52
2;2024-11-29;21.6;24.4;19.8;2.10;2.10;2.8;76;53;18909.51;15.4;86;22.8;24.5;20.7;6.0;40429.89
2;2024-11-30;22.0;25.0;18.9;0.00;0.00;1.3;70;3;15853.86;12.6;129;22.9;25.3;19.5;0.0;40404.14
2;2024-12-01;23.1;26.8;20.5;0.00;0.00;1.3;77;3;37007.09;13.3;116;25.3;29.1;22.5;0.0;40379.31
2;2024-12-02;23.2;26.7;18.7;0.60;0.60;3.8;84;51;39210.17;13.8;99;25.9;29.4;20.8;6.0;40355.42
2;2024-12-03;23.9;27.3;20.9;2.90;2.90;2.3;85;53;37047.73;16.4;103;27.1;30.0;24.6;7.0;40332.50
2;2024-12-04;23.3;27.5;20.0;1.40;1.40;4.0;85;53;25200.00;15.6;113;26.3;30.4;22.8;6.0;40310.59
2;2024-12-05;23.0;26.7;19.9;5.40;5.40;1.0;88;53;33793.36;15.1;100;26.1;29.2;22.9;17.0;40289.71
2;2024-12-06;24.1;26.7;22.1;4.10;4.10;4.0;86;53;21916.15;20.8;101;27.0;28.7;26.1;19.0;40269.90
2;2024-12-07;25.0;27.9;23.3;0.40;0.40;7.2;75;51;28800.00;16.7;91;27.3;30.1;26.2;4.0;40251.19
2;2024-12-08;23.4;25.9;21.2;4.10;4.10;4.8;82;53;36188.64;17.9;81;25.6;27.3;24.3;18.0;40233.60
2;2024-12-09;22.4;25.1;20.8;5.50;5.50;0.6;88;53;2461.71;16.8;93;25.2;26.5;23.9;19.0;40217.18
2;2024-12-10;23.7;26.2;21.2;4.40;4.40;3.5;85;53;19235.20;18.0;105;26.4;27.9;24.8;13.0;40201.95
2;2024-12-11;23.3;24.0;22.7;30.40;30.40;4.2;93;63;0.00;17.1;53;26.5;27.4;25.4;21.0;40187.93
2;2024-12-12;23.3;23.6;23.1;53.70;53.70;14.2;94;63;0.00;26.2;56;25.6;26.6;24.5;24.0;40175.17
2;2024-12-13;22.9;23.5;22.0;64.50;64.50;14.1;94;63;0.00;22.6;46;25.0;25.6;24.2;24.0;40163.68
2;2024-12-14;21.3;22.2;20.2;43.30;43.30;10.4;92;63;0.00;20.9;44;22.8;24.4;21.5;24.0;40153.50
2;2024-12-15;20.2;21.7;19.3;11.60;11.60;0.3;87;61;0.00;18.7;49;21.4;22.3;20.1;19.0;40144.67
2;2024-12-16;19.3;20.8;17.7;14.60;14.60;0.6;92;61;0.00;12.4;357;21.3;22.2;18.9;19.0;40137.20
2;2024-12-17;20.4;23.9;18.0;1.80;1.80;4.0;86;51;13186.34;10.2;311;22.3;26.7;18.9;10.0;40131.13
2;2024-12-18;21.1;24.4;19.3;5.70;5.70;0.8;89;55;27881.45;12.7;33;23.7;26.5;22.3;17.0;40126.48
2;2024-12-19;20.2;21.4;19.2;17.50;17.50;0.4;92;63;2558.72;19.9;55;22.2;23.7;21.3;23.0;40123.21
2;2024-12-20;20.0;22.4;18.8;8.90;8.90;0.4;87;61;14096.50;18.4;73;21.7;22.8;20.8;22.0;40121.27
2;2024-12-21;19.9;22.7;17.3;1.20;1.20;0.6;84;51;35117.73;14.2;49;21.4;23.4;18.8;8.0;40120.67
2;2024-12-22;20.8;23.9;18.3;1.60;1.60;2.9;76;53;23666.84;17.9;56;21.7;23.3;19.7;7.0;40121.37
2;2024-12-23;20.1;22.5;18.4;4.20;4.20;2.8;86;53;1326.47;10.3;296;21.9;23.8;19.3;17.0;40123.39
2;2024-12-24;20.5;21.9;19.8;7.90;7.90;2.4;83;55;125.00;18.1;343;21.7;22.6;20.8;17.0;40126.69
2;2024-12-25;20.4;21.8;19.5;8.50;8.50;1.2;89;55;0.00;13.2;299;22.4;24.1;20.5;20.0;40131.27
2;2024-12-26;21.3;22.8;20.1;12.30;12.30;3.2;95;55;0.00;12.4;326;24.4;25.6;22.9;24.0;40137.13
2;2024-12-27;21.9;23.1;21.3;24.70;24.70;5.8;94;61;0.00;17.5;25;24.7;25.9;23.2;24.0;40144.23
2;2024-12-28;20.2;21.2;18.8;50.20;50.20;2.2;95;63;0.00;20.4;11;21.8;23.6;20.5;24.0;40152.58
2;2024-12-29;20.5;23.6;18.6;3.50;3.50;1.4;85;53;18265.13;13.8;97;22.1;24.3;20.5;14.0;40162.15
2;2024-12-30;20.9;23.5;18.6;3.10;3.10;0.6;86;51;21958.18;14.7;82;22.9;24.4;21.2;15.0;40172.94
2;2024-12-31;20.7;23.6;19.6;5.80;5.80;0.8;88;61;0.00;10.8;340;23.0;24.1;22.2;18.0;40184.92
2;2025-01-01;20.8;23.5;18.3;0.20;0.20;0.6;79;51;8915.22;11.7;308;21.9;24.1;18.7;1.0;40198.09
2;2025-01-02;20.8;22.8;19.4;0.90;0.90;1.3;86;51;0.00;12.0;311;23.1;24.7;21.7;8.0;40212.42
2;2025-01-03;20.6;22.6;18.8;16.60;16.60;1.1;88;63;8264.53;17.9;315;22.7;24.4;20.5;15.0;40227.90
2;2025-01-04;20.7;24.1;18.3;1.20;1.20;0.2;80;53;36000.00;15.0;93;22.1;24.4;20.0;6.0;40244.52
2;2025-01-05;19.9;24.3;17.5;0.90;0.90;1.4;78;51;33279.56;17.3;334;20.9;24.9;18.9;7.0;40262.26
2;2025-01-06;20.2;23.6;16.7;0.00;0.00;2.6;77;3;36222.81;13.6;105;21.1;24.3;17.3;0.0;40281.10
2;2025-01-07;20.7;24.7;16.6;0.40;0.40;3.1;83;51;36491.34;15.5;99;22.3;26.7;17.6;4.0;40301.04
2;2025-01-08;21.2;24.7;17.6;1.20;1.20;4.5;85;51;36496.26;15.0;102;23.0;26.3;19.4;7.0;40322.28
2;2025-01-09;21.3;23.9;19.8;10.70;10.70;4.0;89;61;20137.31;17.9;91;23.3;25.3;22.1;23.0;40344.89
2;2025-01-10;20.5;21.8;19.5;8.00;8.00;6.3;79;55;1861.71;22.7;61;20.6;22.6;19.7;15.0;40368.81
2;2025-01-11;19.6;22.2;17.4;4.20;4.20;8.9;74;55;36246.37;23.0;42;18.8;21.1;17.3;18.0;40394.01
2;2025-01-12;18.1;19.9;16.1;8.40;8.40;1.0;72;61;9022.26;20.8;29;17.1;18.6;16.1;9.0;40420.42
2;2025-01-13;18.5;21.9;15.0;0.00;0.00;2.3;75;3;23322.68;15.4;114;18.6;21.4;15.4;0.0;40448.00
2;2025-01-14;20.0;22.5;18.2;0.90;0.90;1.4;81;51;7931.91;15.3;304;21.2;23.6;18.9;5.0;40476.70
2;2025-01-15;20.0;21.1;19.2;32.80;32.80;4.5;94;63;0.00;19.9;344;21.6;23.0;20.6;24.0;40506.48
2;2025-01-16;20.9;23.2;18.8;1.20;1.20;1.1;75;51;30822.38;19.5;56;21.2;22.5;20.2;7.0;40537.29
2;2025-01-17;20.1;22.8;18.1;1.90;1.90;0.9;79;51;32855.52;16.8;90;20.9;22.6;19.0;9.0;40569.06
2;2025-01-18;19.8;23.6;16.5;0.10;0.10;3.2;80;51;36763.24;14.7;100;20.7;23.6;17.7;1.0;40601.77
2;2025-01-19;19.7;24.3;16.2;0.20;0.20;2.1;86;51;36486.72;12.6;88;21.4;25.8;17.4;2.0;40635.35
2;2025-01-20;20.0;23.8;17.0;0.70;0.70;0.2;80;51;37240.03;11.1;36;21.4;24.6;19.1;5.0;40669.77
2;2025-01-21;19.8;23.7;16.3;0.10;0.10;1.4;77;51;37476.33;12.8;90;20.7;24.0;17.6;1.0;40704.99
2;2025-01-22;20.0;24.3;16.7;0.00;0.00;1.8;79;3;37960.93;12.9;117;21.2;25.5;17.1;0.0;40740.93
2;2025-01-23;19.9;25.5;15.0;0.00;0.00;1.0;86;3;38449.42;12.1;93;21.9;28.1;16.1;0.0;40777.58
2;2025-01-24;21.1;26.5;17.1;0.00;0.00;0.6;87;3;37925.60;14.4;103;23.5;29.9;18.7;0.0;40814.88
2;2025-01-25;20.9;25.8;17.3;0.00;0.00;1.2;88;3;31547.39;17.7;104;23.1;29.4;19.2;0.0;40852.79
2;2025-01-26;20.5;25.8;17.0;12.00;12.00;0.8;87;63;32400.00;28.4;6;21.8;28.5;15.5;13.0;40891.26
2;2025-01-27;17.3;18.7;16.1;12.30;12.30;4.6;85;61;211.95;20.3;347;16.8;18.1;15.7;22.0;40930.26
2;2025-01-28;17.6;20.3;16.0;7.90;7.90;2.4;89;55;11475.64;9.7;287;18.6;21.3;16.1;17.0;40970.15
2;2025-01-29;19.3;22.5;17.4;6.80;6.80;3.5;84;53;26004.45;15.4;66;20.5;23.6;18.7;15.0;41011.07
2;2025-01-30;19.5;23.8;15.5;0.10;0.10;1.0;86;51;36243.50;13.3;106;20.9;25.7;16.6;1.0;41052.95
2;2025-01-31;19.8;25.5;15.0;0.00;0.00;2.4;85;3;39730.02;14.0;127;21.4;28.6;15.3;0.0;41095.74
2;2025-02-01;20.1;26.0;15.2;0.00;0.00;0.4;88;3;38051.99;13.3;104;22.4;29.8;16.3;0.0;41139.39
2;2025-02-02;20.7;26.4;15.2;0.00;0.00;1.4;89;3;37928.18;13.5;87;23.2;30.4;16.4;0.0;41183.83
2;2025-02-03;21.7;25.2;19.6;5.20;5.20;1.7;88;61;34515.96;17.9;51;24.2;28.0;21.0;12.0;41229.00
2;2025-02-04;19.6;21.5;17.3;7.00;7.00;5.1;88;61;827.69;20.8;27;20.4;21.7;18.4;15.0;41274.86
2;2025-02-05;20.1;23.1;17.0;0.10;0.10;1.8;85;51;38437.16;16.2;98;21.4;24.2;18.8;1.0;41321.34
2;2025-02-06;21.2;24.9;17.7;0.10;0.10;5.0;82;51;39328.86;17.7;103;22.6;26.4;19.3;1.0;41368.40
2;2025-02-07;20.6;24.7;16.1;4.00;4.00;2.7;87;53;36620.64;17.2;71;22.3;26.7;17.4;14.0;41415.98
2;2025-02-08;19.6;20.5;18.5;20.70;20.70;9.5;92;61;0.00;22.5;48;20.2;21.3;19.1;24.0;41464.02
2;2025-02-09;19.4;20.9;18.2;4.70;4.70;4.6;83;53;14022.17;18.9;70;19.5;20.3;18.4;16.0;41512.49
2;2025-02-10;19.3;21.2;17.0;3.80;3.80;1.4;85;55;309.99;14.4;102;20.4;21.7;18.5;10.0;41561.31
2;2025-02-11;20.7;23.5;17.8;0.50;0.50;1.0;85;51;24534.54;12.3;102;22.7;25.3;19.2;2.0;41610.46
2;2025-02-12;21.3;23.8;17.6;0.90;0.90;1.4;92;51;11124.48;14.0;55;24.2;26.8;19.6;7.0;41659.87
2;2025-02-13;22.0;24.3;21.1;9.50;9.50;0.4;92;55;1703.56;10.0;46;25.4;28.6;23.3;18.0;41709.50
2;2025-02-14;22.3;24.9;21.0;2.40;2.40;4.1;89;53;24284.98;14.4;85;25.1;27.9;23.9;12.0;41759.29
2;2025-02-15;22.8;27.2;19.2;0.20;0.20;3.0;90;51;31867.48;14.4;99;26.1;32.1;22.1;2.0;41809.22
2;2025-02-16;23.3;26.7;21.5;0.20;0.20;8.4;89;51;38311.97;19.7;95;25.9;29.7;23.9;2.0;41859.23
2;2025-02-17;22.6;25.5;20.6;0.20;0.20;9.7;86;51;38967.43;18.0;94;24.5;27.8;23.1;2.0;41909.72
2;2025-02-18;22.3;24.6;20.3;2.60;2.60;6.0;88;53;36230.17;18.3;92;24.5;26.6;23.1;13.0;41960.84
2;2025-02-19;22.3;24.2;20.6;3.10;3.10;8.7;86;53;30292.30;20.7;95;23.8;25.5;22.8;9.0;42012.55
2;2025-02-20;22.6;24.7;20.8;2.10;2.10;10.0;85;53;34265.36;19.3;95;24.2;26.1;22.7;6.0;42064.79
2;2025-02-21;22.4;24.5;21.0;6.10;6.10;5.5;89;53;34525.73;19.9;89;24.5;26.5;23.2;20.0;42117.52
2;2025-02-22;22.7;24.5;21.3;6.00;6.00;11.5;89;53;34760.72;21.5;92;24.6;26.2;23.1;19.0;42170.69
2;2025-02-23;22.4;23.9;21.5;11.20;11.20;9.6;91;55;857.23;22.6;78;24.1;25.7;22.2;22.0;42224.25
2;2025-02-24;21.0;22.1;20.4;12.70;12.70;14.7;90;61;0.00;24.1;69;21.6;22.6;21.1;24.0;42278.16
2;2025-02-25;20.6;21.9;18.8;25.70;25.70;1.0;94;63;0.00;16.6;47;22.6;24.4;20.0;24.0;42332.37
2;2025-02-26;20.6;25.3;18.3;5.50;5.50;1.0;90;61;19294.21;17.5;312;22.6;28.9;19.2;11.0;42386.83
2;2025-02-27;21.2;24.2;18.3;0.10;0.10;0.6;88;51;16648.63;11.5;66;23.5;26.5;20.3;1.0;42441.52
2;2025-02-28;22.2;26.2;18.5;0.10;0.10;2.2;87;51;39171.64;16.1;105;24.8;29.5;21.0;1.0;42496.36
2;2025-03-01;23.1;27.1;19.7;0.00;0.00;1.3;90;3;31987.51;16.6;96;26.6;33.0;22.6;0.0;42551.33
2;2025-03-02;24.3;29.6;19.9;0.00;0.00;2.3;89;3;39306.05;10.8;101;28.8;36.4;23.0;0.0;42606.37
2;2025-03-03;25.4;29.6;21.4;0.00;0.00;0.6;90;3;38383.40;11.6;89;30.8;37.2;25.4;0.0;42661.45
2;2025-03-04;26.5;31.3;22.2;0.80;0.80;0.0;89;53;41337.36;10.9;104;32.4;39.7;26.6;1.0;42716.53
2;2025-03-05;26.7;31.4;23.1;0.10;0.10;3.9;87;51;42054.92;11.5;96;32.2;40.1;26.9;1.0;42771.55
2;2025-03-06;23.3;27.6;19.6;44.00;44.00;1.0;94;65;16147.65;25.1;326;26.6;31.8;19.6;17.0;42826.48
2;2025-03-07;19.6;21.6;17.8;13.20;13.20;11.5;92;61;0.00;17.7;307;20.6;22.3;18.0;20.0;42881.28
2;2025-03-08;19.4;21.3;17.9;0.90;0.90;6.8;88;51;0.00;15.4;286;20.4;22.5;18.4;9.0;42935.92
2;2025-03-09;21.7;25.2;19.0;0.90;0.90;2.2;87;51;31711.11;12.5;51;24.3;28.3;20.8;8.0;42990.76
2;2025-03-10;22.7;25.3;20.9;4.50;4.50;2.1;91;53;21373.12;15.5;89;26.0;28.0;24.2;19.0;43045.94
2;2025-03-11;23.9;26.7;21.6;1.80;1.80;2.0;92;53;28436.35;16.6;97;27.8;30.6;25.9;6.0;43101.44
2;2025-03-12;24.7;28.2;21.7;0.00;0.00;0.5;90;3;34836.28;13.7;89;29.1;33.3;25.9;0.0;43157.22
2;2025-03-13;25.7;29.3;23.8;0.50;0.50;1.1;88;51;26440.68;12.3;98;30.6;35.1;28.0;2.0;43213.23
2;2025-03-14;25.6;29.1;22.2;0.00;0.00;0.6;90;3;40560.52;10.7;94;30.9;36.5;26.3;0.0;43269.42
2;2025-03-15;26.3;30.9;22.4;0.00;0.00;2.5;89;3;42901.59;11.3;76;31.9;39.4;27.0;0.0;43325.79
2;2025-03-16;22.0;23.9;19.2;17.20;17.20;8.2;94;63;2858.80;22.0;338;24.3;28.4;21.0;22.0;43382.28
2;2025-03-17;20.4;22.5;19.3;9.00;9.00;4.6;92;61;0.00;11.7;296;22.5;25.3;20.9;20.0;43438.84
2;2025-03-18;19.9;21.3;18.5;8.60;8.60;5.4;89;55;0.00;19.3;347;20.9;22.4;18.7;19.0;43495.46
2;2025-03-19;19.5;21.6;18.2;7.20;7.20;4.0;85;53;2161.55;15.5;341;20.3;21.6;18.6;19.0;43552.07
2;2025-03-20;20.0;22.7;18.1;1.40;1.40;1.7;83;51;20589.22;11.0;3;21.5;24.6;19.0;9.0;43608.67
2;2025-03-21;20.2;23.9;17.0;0.40;0.40;1.5;82;51;28985.18;14.0;104;21.7;25.9;18.2;3.0;43665.19
2;2025-03-22;21.3;24.9;16.2;0.00;0.00;4.2;79;3;40964.71;13.3;94;22.8;27.7;16.6;0.0;43721.61
2;2025-03-23;22.5;25.8;19.1;0.00;0.00;4.3;81;2;43056.42;15.5;96;24.8;28.8;21.4;0.0;43777.89
2;2025-03-24;21.8;26.3;17.5;0.00;0.00;3.2;86;3;43066.34;13.9;92;24.5;30.0;19.3;0.0;43833.98
2;2025-03-25;22.3;27.1;18.4;0.00;0.00;0.8;89;3;36671.25;11.3;78;25.8;32.4;20.9;0.0;43889.85
2;2025-03-26;23.8;29.0;19.4;0.00;0.00;0.7;89;3;35716.80;9.3;85;28.2;35.2;22.6;0.0;43945.47
2;2025-03-27;26.6;31.7;22.1;0.00;0.00;0.9;85;3;43096.82;12.9;101;31.9;40.3;25.3;0.0;44000.78
2;2025-03-28;27.2;32.1;23.1;0.00;0.00;1.0;84;3;42894.20;10.9;94;32.8;40.6;27.2;0.0;44055.78
2;2025-03-29;25.6;29.3;23.2;2.10;2.10;0.2;91;55;32162.47;19.5;78;30.2;35.0;26.8;5.0;44110.78
2;2025-03-30;21.9;23.8;19.4;15.10;15.10;4.0;94;61;0.00;20.1;337;24.3;28.0;21.0;24.0;44165.94
2;2025-03-31;20.2;21.6;19.2;6.40;6.40;8.8;92;55;0.00;15.3;306;21.7;23.1;20.3;24.0;44221.21
2;2025-04-01;19.9;21.4;19.1;7.40;7.40;6.8;90;55;0.00;19.8;314;21.2;21.9;20.4;17.0;44276.56
2;2025-04-02;20.4;22.3;18.5;1.10;1.10;0.9;85;51;720.90;10.5;311;22.4;24.4;19.8;5.0;44331.96
2;2025-04-03;22.0;25.0;19.4;0.50;0.50;1.8;85;51;15789.09;13.2;94;24.6;27.3;22.4;4.0;44387.38
2;2025-04-04;22.6;26.1;18.4;0.30;0.30;1.3;87;51;43177.05;18.8;106;25.4;28.8;21.0;2.0;44442.76
2;2025-04-05;23.7;28.5;19.9;0.00;0.00;1.5;90;3;43138.39;14.3;36;27.8;34.5;23.4;0.0;44498.08
2;2025-04-06;24.2;26.5;22.4;0.10;0.10;1.9;90;51;29365.49;12.1;56;28.4;30.7;26.7;1.0;44553.30
2;2025-04-07;24.7;27.9;22.1;0.50;0.50;2.7;90;51;39639.99;15.4;85;29.0;33.1;26.6;5.0;44608.39
2;2025-04-08;24.9;29.0;21.9;0.00;0.00;2.6;88;3;41360.20;17.4;98;29.1;33.7;26.0;0.0;44663.29
2;2025-04-09;25.1;29.1;22.0;0.20;0.20;1.1;88;51;42220.83;15.5;83;29.8;35.4;26.4;2.0;44717.98
2;2025-04-10;26.0;30.8;22.6;0.30;0.30;2.3;89;51;26298.46;10.8;109;31.4;37.6;27.1;2.0;44772.43
2;2025-04-11;27.4;31.7;22.7;0.00;0.00;0.4;84;3;42521.94;11.3;124;33.1;39.7;26.8;0.0;44826.58
2;2025-04-12;28.5;34.6;24.0;9.20;9.20;1.3;78;63;39575.16;20.0;172;34.1;42.5;28.1;2.0;44880.40
2;2025-04-13;22.5;24.0;21.3;15.40;15.40;6.5;84;63;0.00;23.0;314;24.1;28.3;22.5;15.0;44933.84
2;2025-04-14;22.5;26.0;19.6;0.00;0.00;2.8;78;3;43200.00;13.7;317;24.6;28.4;21.9;0.0;44986.88
2;2025-04-15;22.8;26.7;19.7;0.00;0.00;2.4;75;3;43200.00;10.1;18;25.3;30.0;22.3;0.0;45039.46
2;2025-04-16;24.4;28.1;19.9;0.00;0.00;1.4;82;3;41711.85;14.8;93;28.2;32.7;23.0;0.0;45091.55
2;2025-04-17;27.3;31.8;22.5;0.00;0.00;1.3;84;3;37344.42;12.6;103;32.9;39.1;27.1;0.0;45143.10
2;2025-04-18;28.7;33.8;24.6;0.00;0.00;0.4;80;3;32990.35;12.3;146;34.8;42.3;28.6;0.0;45194.45
2;2025-04-19;28.6;32.4;24.2;0.00;0.00;0.8;84;3;43200.00;12.7;99;35.0;40.6;29.4;0.0;45245.74
2;2025-04-20;28.7;33.0;24.4;0.00;0.00;2.1;82;3;40275.77;12.2;103;35.1;41.4;29.1;0.0;45296.92
2;2025-04-21;28.5;33.3;23.6;0.00;0.00;2.3;82;3;43200.00;11.9;92;34.7;41.1;28.9;0.0;45347.94
2;2025-04-22;29.2;33.9;24.7;0.00;0.00;1.3;78;3;43200.00;12.2;108;35.3;41.7;29.7;0.0;45398.79
2;2025-04-23;29.1;34.4;24.8;0.70;0.70;1.9;74;53;43200.00;12.8;148;34.5;41.8;28.7;2.0;45449.41
2;2025-04-24;28.9;33.9;25.0;0.00;0.00;2.9;76;3;36635.48;16.8;159;34.3;41.8;28.7;0.0;45499.78
2;2025-04-25;28.0;31.8;24.8;0.30;0.30;1.5;82;51;31896.26;12.3;4;33.7;37.6;29.8;3.0;45549.83
2;2025-04-26;27.4;30.7;25.1;0.20;0.20;1.0;86;51;35919.82;12.8;68;33.1;37.3;30.9;2.0;45599.54
2;2025-04-27;27.9;31.8;24.2;0.00;0.00;1.8;82;3;41269.96;12.7;92;33.3;38.7;29.5;0.0;45648.87
2;2025-04-28;27.7;32.0;24.2;0.00;0.00;0.9;82;3;43200.00;14.7;76;33.1;38.7;29.9;0.0;45697.77
2;2025-04-29;27.0;30.8;24.4;0.20;0.20;1.1;82;51;43200.00;16.3;79;32.0;36.2;29.9;2.0;45746.20
2;2025-04-30;27.2;31.2;23.5;0.00;0.00;3.3;81;3;43200.00;17.7;96;31.9;36.1;28.6;0.0;45794.12
2;2025-05-01;27.5;31.2;24.0;0.40;0.40;1.5;82;51;43200.00;16.5;80;32.8;36.4;29.5;2.0;45841.47
2;2025-05-02;27.4;31.3;23.8;0.40;0.40;0.8;82;51;43200.00;14.7;85;32.6;36.7;29.2;3.0;45888.22
2;2025-05-03;28.4;32.5;23.8;0.00;0.00;1.9;78;3;42827.17;15.3;102;33.7;39.2;28.6;0.0;45934.32
2;2025-05-04;28.8;34.5;24.6;0.90;0.90;3.0;75;53;28927.14;14.4;170;34.0;41.6;29.1;3.0;45979.73
2;2025-05-05;29.9;34.6;25.1;0.80;0.80;2.3;69;53;42332.46;12.4;138;35.2;41.7;29.7;1.0;46024.40
2;2025-05-06;30.3;35.2;25.3;0.00;0.00;1.0;68;3;40899.51;15.2;135;35.4;41.4;30.4;0.0;46068.26
2;2025-05-07;30.8;36.4;25.9;0.30;0.30;2.0;70;51;39600.00;11.1;141;36.5;43.3;31.2;1.0;46111.31
2;2025-05-08;30.7;35.7;26.4;0.00;0.00;2.1;70;3;32400.00;15.2;155;36.2;42.5;31.2;0.0;46153.81
2;2025-05-09;30.5;36.8;26.3;5.70;5.70;2.9;71;63;36202.36;12.4;172;36.0;43.5;31.1;2.0;46195.90
2;2025-05-10;28.7;32.2;26.2;2.00;2.00;0.2;78;53;26986.80;9.7;217;34.4;37.6;32.2;9.0;46237.54
2;2025-05-11;25.8;27.8;23.7;9.10;9.10;1.1;89;61;15611.82;19.7;309;30.4;32.7;27.0;14.0;46278.68
2;2025-05-12;24.9;28.2;22.7;3.70;3.70;1.3;86;53;15431.94;15.1;301;28.6;32.0;25.6;13.0;46319.30
2;2025-05-13;25.9;28.4;23.9;2.20;2.20;1.7;86;53;23331.18;8.1;141;31.0;33.6;28.6;9.0;46359.35
2;2025-05-14;27.2;30.8;23.9;1.80;1.80;1.0;86;53;38320.42;11.4;119;33.0;38.1;29.2;7.0;46398.79
2;2025-05-15;27.9;32.4;24.6;0.20;0.20;1.0;85;51;41977.28;12.0;117;34.0;39.6;30.6;2.0;46437.59
2;2025-05-16;29.1;33.3;24.8;0.40;0.40;2.6;80;51;43344.84;11.1;141;35.2;40.8;30.6;2.0;46475.70
2;2025-05-17;29.5;34.1;25.6;0.30;0.30;0.4;78;51;44099.62;13.7;143;35.7;41.6;31.1;2.0;46513.08
2;2025-05-18;29.4;33.8;25.2;0.70;0.70;2.2;79;53;43586.31;12.0;133;35.7;41.0;31.0;2.0;46549.69
2;2025-05-19;28.8;34.1;25.1;3.80;3.80;0.8;80;63;44089.98;9.5;176;35.0;42.3;30.2;4.0;46585.49
2;2025-05-20;29.0;34.0;24.7;2.90;2.90;1.7;78;61;44085.78;11.5;158;34.8;41.5;30.5;5.0;46620.44
2;2025-05-21;29.6;35.2;24.7;2.00;2.00;3.0;74;61;44081.97;14.5;149;35.0;41.3;30.3;2.0;46654.49
2;2025-05-22;29.9;35.0;25.1;0.30;0.30;1.6;74;51;43822.99;16.7;122;35.6;42.0;30.4;1.0;46687.60
2;2025-05-23;30.2;35.3;25.5;0.20;0.20;0.4;70;51;44075.54;11.5;130;35.4;41.8;30.9;2.0;46719.73
2;2025-05-24;29.2;35.2;25.4;2.60;2.60;1.9;77;53;44329.14;23.4;114;34.5;41.4;30.4;8.0;46750.84
2;2025-05-25;27.9;33.1;24.9;9.30;9.30;3.1;81;61;41934.65;18.1;69;33.0;38.3;29.8;15.0;46780.88
2;2025-05-26;26.5;29.2;24.5;7.20;7.20;1.3;85;55;36625.07;14.7;69;31.3;33.2;29.6;17.0;46809.80
2;2025-05-27;27.8;32.0;24.4;7.30;7.30;0.6;82;63;43810.22;17.1;87;33.1;37.8;30.4;8.0;46837.57
2;2025-05-28;28.1;32.5;24.9;6.30;6.30;1.8;84;63;43808.92;13.0;97;34.2;39.6;31.1;9.0;46864.39
2;2025-05-29;28.4;33.3;24.6;14.70;14.70;1.5;83;63;40465.92;8.7;348;34.9;40.4;30.7;10.0;46890.34
2;2025-05-30;29.5;33.9;25.8;0.40;0.40;1.7;77;51;38263.07;12.5;130;35.4;39.0;32.0;4.0;46915.41
2;2025-05-31;31.2;37.1;26.7;0.20;0.20;2.4;66;51;38868.96;13.6;226;36.2;42.4;32.0;2.0;46939.56
2;2025-06-01;32.1;37.8;27.5;0.00;0.00;4.0;54;3;44067.44;14.6;209;35.6;41.8;30.1;0.0;46962.78
2;2025-06-02;32.9;39.1;26.8;0.00;0.00;3.8;54;3;43551.19;14.0;205;36.6;43.6;30.6;0.0;46985.04
2;2025-06-03;32.0;38.9;27.7;7.90;7.90;1.5;60;63;43675.61;12.7;181;36.7;44.5;32.1;6.0;47006.31
2;2025-06-04;30.8;36.6;26.4;2.40;2.40;1.7;66;53;42777.98;13.2;219;36.0;41.9;31.1;9.0;47026.58
2;2025-06-05;30.1;34.9;26.1;1.30;1.30;0.9;71;53;42372.77;11.0;174;35.6;40.8;31.4;7.0;47045.80
2;2025-06-06;30.6;35.8;25.8;3.70;3.70;0.6;71;63;44078.27;11.0;174;36.3;42.9;31.5;5.0;47063.98
2;2025-06-07;31.2;36.2;26.4;1.80;1.80;1.1;67;53;44341.40;11.7;141;36.5;42.2;31.9;4.0;47081.08
2;2025-06-08;30.0;36.2;25.7;5.80;5.80;1.1;74;61;44345.06;14.1;178;35.6;42.4;31.5;6.0;47097.07
2;2025-06-09;30.4;35.8;25.8;5.80;5.80;0.9;71;63;44609.28;9.2;196;36.2;41.8;30.8;2.0;47111.94
2;2025-06-10;29.1;35.8;26.1;39.50;39.50;2.1;79;65;33553.09;14.0;267;35.0;41.0;31.0;12.0;47125.67
2;2025-06-11;25.9;28.3;24.0;30.60;30.60;10.9;90;63;0.00;27.1;294;29.6;32.8;26.6;23.0;47138.22
2;2025-06-12;25.1;25.8;24.4;186.90;186.90;6.0;91;65;0.00;33.5;283;27.3;30.1;25.5;24.0;47149.57
2;2025-06-13;25.3;26.9;24.4;71.40;71.40;0.4;94;65;0.00;27.3;242;30.2;32.3;26.9;20.0;47159.71
2;2025-06-14;28.0;32.0;24.5;0.00;0.00;0.5;80;3;25398.04;8.6;194;33.5;37.6;29.9;0.0;47168.62
2;2025-06-15;29.5;34.5;25.1;0.20;0.20;1.7;76;51;43200.00;16.0;148;35.3;42.1;29.4;2.0;47176.26
2;2025-06-16;29.9;34.6;25.6;0.00;0.00;2.7;76;3;41446.33;10.6;155;36.0;42.4;29.6;0.0;47182.62
2;2025-06-17;29.4;34.7;26.0;2.70;2.70;2.9;80;61;42034.24;14.3;169;35.6;42.7;30.7;2.0;47187.74
2;2025-06-18;29.2;34.1;25.2;0.50;0.50;2.3;80;53;43200.00;10.7;166;35.4;41.8;30.5;1.0;47191.64
2;2025-06-19;28.6;33.1;24.9;2.90;2.90;0.9;82;55;44136.14;10.7;152;35.0;41.5;30.2;5.0;47194.33
2;2025-06-20;29.0;33.1;24.7;2.20;2.20;1.9;80;61;43200.00;10.4;153;35.1;40.5;29.9;2.0;47195.81
2;2025-06-21;28.8;32.8;24.8;1.10;1.10;2.5;79;53;43887.44;11.6;145;34.9;39.9;29.8;4.0;47196.09
2;2025-06-22;28.8;33.1;24.9;2.00;2.00;1.9;79;53;44155.62;10.3;146;34.9;40.2;30.5;4.0;47195.19
2;2025-06-23;28.6;32.6;25.0;1.60;1.60;1.3;80;61;43901.27;11.9;158;34.5;40.0;30.5;3.0;47193.09
2;2025-06-24;28.7;32.9;25.0;1.50;1.50;2.7;78;53;43908.53;12.3;137;34.5;39.3;30.2;4.0;47189.82
2;2025-06-25;28.7;33.4;25.2;3.30;3.30;1.0;78;61;44438.55;10.7;166;34.5;40.0;30.5;6.0;47185.39
2;2025-06-26;28.4;33.8;24.4;2.00;2.00;1.9;80;53;43452.08;10.1;177;34.2;40.2;29.6;3.0;47179.80
2;2025-06-27;28.0;33.4;24.9;27.70;27.70;2.2;82;65;41676.08;12.1;169;33.8;39.6;29.8;7.0;47173.07
2;2025-06-28;28.1;32.2;24.8;3.50;3.50;0.7;82;61;43200.00;8.3;188;34.1;39.1;30.3;5.0;47165.19
2;2025-06-29;28.6;32.7;25.0;0.90;0.90;2.8;79;53;39098.97;11.7;177;34.3;40.0;29.3;4.0;47156.20
2;2025-06-30;28.6;33.4;25.2;0.70;0.70;3.6;77;53;39115.23;12.1;170;33.9;40.9;28.9;2.0;47146.08
2;2025-07-01;28.1;32.2;25.1;12.80;12.80;2.0;83;63;42108.71;9.0;185;34.2;39.5;30.2;6.0;47134.86
2;2025-07-02;27.6;30.8;25.1;9.10;9.10;2.0;86;63;43091.78;11.3;151;33.7;37.1;31.0;7.0;47122.55
2;2025-07-03;27.2;30.5;24.8;17.90;17.90;1.2;88;65;23331.67;6.5;198;33.4;37.7;30.7;13.0;47109.15
2;2025-07-04;27.1;31.4;24.0;8.00;8.00;1.0;88;63;40591.68;7.5;206;33.4;39.0;29.0;7.0;47094.69
2;2025-07-05;27.3;31.7;24.5;16.10;16.10;0.7;89;63;38945.34;7.8;179;33.8;39.4;29.7;10.0;47079.17
2;2025-07-06;28.0;32.1;25.1;3.60;3.60;0.4;87;61;27703.43;10.1;142;34.7;39.7;31.1;9.0;47062.59
2;2025-07-07;29.2;33.4;25.3;0.40;0.40;2.2;78;51;43200.00;13.1;151;35.3;41.5;30.3;4.0;47044.83
2;2025-07-08;30.1;35.5;26.3;0.10;0.10;1.8;72;51;38413.42;9.6;193;35.7;42.1;30.8;1.0;47025.81
2;2025-07-09;30.2;34.2;26.4;1.80;1.80;0.4;68;53;36135.57;12.9;242;35.1;38.0;31.9;5.0;47005.59
2;2025-07-10;30.5;34.7;27.3;0.10;0.10;3.0;64;51;42265.80;15.3;255;34.5;39.2;30.9;1.0;46984.20
2;2025-07-11;28.2;31.8;26.3;4.90;4.90;1.2;80;63;30756.84;16.5;210;33.7;37.8;29.3;8.0;46961.68
2;2025-07-12;28.7;32.8;25.7;0.80;0.80;1.3;82;51;43200.00;14.2;132;35.0;40.3;32.1;6.0;46938.06
2;2025-07-13;28.7;32.6;25.6;6.60;6.60;0.3;84;63;43795.61;10.1;159;35.5;41.2;31.0;8.0;46913.37
2;2025-07-14;29.0;33.3;25.6;8.90;8.90;1.6;82;63;43545.67;13.6;169;35.6;42.7;31.0;9.0;46887.67
2;2025-07-15;29.4;33.7;25.3;8.50;8.50;2.8;80;63;43200.00;10.1;151;35.7;41.7;30.5;5.0;46860.98
2;2025-07-16;30.2;35.8;25.9;0.00;0.00;0.6;77;3;43200.00;10.0;191;36.5;42.2;31.8;0.0;46833.34
2;2025-07-17;29.5;33.8;25.8;4.70;4.70;1.5;79;63;43313.54;10.7;186;36.0;42.3;30.3;3.0;46804.78
2;2025-07-18;30.6;35.8;25.9;0.00;0.00;0.9;67;3;43200.00;16.9;253;35.4;40.9;30.5;0.0;46775.35
2;2025-07-19;30.5;35.7;24.9;0.00;0.00;0.4;67;3;39880.14;17.5;272;35.2;39.6;30.6;0.0;46745.07
2;2025-07-20;28.6;31.2;26.6;3.70;3.70;0.2;73;61;9145.21;18.7;269;33.3;36.0;29.5;5.0;46713.98
2;2025-07-21;29.2;31.2;26.9;0.90;0.90;0.4;72;51;0.00;10.1;300;34.4;36.7;32.2;6.0;46682.12
2;2025-07-22;29.5;31.7;26.1;2.50;2.50;1.4;69;53;440.79;18.7;196;33.7;36.9;30.3;5.0;46649.53
2;2025-07-23;30.5;35.2;27.0;2.20;2.20;2.5;65;61;40740.58;11.6;181;35.1;40.9;30.8;2.0;46616.23
2;2025-07-24;29.1;32.8;27.1;5.10;5.10;1.5;76;61;10453.21;10.4;230;34.6;38.1;31.3;8.0;46582.26
2;2025-07-25;26.9;30.3;24.4;13.10;13.10;0.7;85;63;11909.77;13.8;228;32.2;35.6;28.9;12.0;46547.65
2;2025-07-26;27.2;31.9;24.6;17.50;17.50;0.3;86;63;25785.34;13.2;212;32.9;39.6;28.8;14.0;46512.44
2;2025-07-27;27.6;30.1;24.8;4.20;4.20;0.0;86;61;27050.00;11.1;193;33.5;36.9;30.2;7.0;46476.35
2;2025-07-28;27.6;30.5;26.0;4.00;4.00;0.7;86;55;21561.57;10.5;159;33.8;37.0;31.0;8.0;46439.29
2;2025-07-29;29.0;33.3;25.6;3.00;3.00;0.2;84;55;20666.69;11.0;184;35.9;42.0;31.7;8.0;46401.31
2;2025-07-30;29.7;32.9;27.4;0.00;0.00;0.9;74;3;27919.86;13.4;201;35.3;38.5;33.1;0.0;46362.45
2;2025-07-31;31.0;35.4;27.3;0.10;0.10;0.5;66;51;43200.00;18.6;227;35.8;40.1;31.3;1.0;46322.76
2;2025-08-01;31.6;36.2;27.2;0.00;0.00;2.9;63;3;43200.00;11.0;193;36.5;42.4;31.2;0.0;46282.29
2;2025-08-02;31.4;36.8;27.3;1.00;1.00;4.2;66;53;43200.00;12.0;203;36.6;43.0;31.2;5.0;46241.08
2;2025-08-03;31.6;36.9;26.9;0.00;0.00;7.7;63;3;43200.00;13.8;202;36.0;42.2;31.4;0.0;46199.18
2;2025-08-04;32.0;38.2;26.8;0.00;0.00;0.0;60;3;43200.00;11.7;185;36.7;43.6;30.7;0.0;46156.63
2;2025-08-05;31.8;38.4;26.5;0.60;0.60;1.7;62;51;43200.00;14.6;152;36.7;45.4;30.1;3.0;46113.46
2;2025-08-06;31.3;36.5;26.8;0.10;0.10;1.7;65;51;40589.37;14.2;160;36.1;43.4;30.8;1.0;46069.74
2;2025-08-07;30.3;35.6;26.6;2.20;2.20;1.1;72;61;43200.00;13.9;158;35.8;42.0;32.0;1.0;46025.50
2;2025-08-08;29.9;35.1;24.8;0.30;0.30;2.7;71;51;43200.00;11.2;163;35.1;41.7;29.4;1.0;45980.78
2;2025-08-09;30.3;35.4;26.2;0.90;0.90;2.3;70;51;36549.02;12.1;184;35.5;42.2;31.0;3.0;45935.61
2;2025-08-10;29.8;36.0;26.6;8.20;8.20;1.3;72;63;43200.00;15.4;165;35.0;42.4;30.7;6.0;45890.06
2;2025-08-11;28.9;34.4;24.7;5.50;5.50;1.0;75;63;43200.00;11.9;163;34.3;40.3;29.4;8.0;45844.14
2;2025-08-12;28.9;33.7;25.4;8.50;8.50;1.3;82;63;43200.00;14.8;170;35.2;41.6;29.9;9.0;45797.90
2;2025-08-13;28.8;35.8;25.0;33.10;33.10;1.1;79;65;41895.49;16.2;189;34.4;42.6;29.5;11.0;45751.39
2;2025-08-14;29.2;35.9;24.8;4.60;4.60;1.8;76;61;43200.00;12.2;183;34.7;42.8;29.8;3.0;45704.62
2;2025-08-15;28.1;33.0;24.8;4.10;4.10;0.9;79;63;43191.72;13.1;156;33.5;38.7;29.2;4.0;45657.65
2;2025-08-16;27.0;31.5;24.3;21.10;21.10;2.3;85;65;41098.95;11.5;324;32.5;38.2;29.3;12.0;45610.15
2;2025-08-17;25.5;28.3;24.0;41.70;41.70;2.2;91;63;3455.26;14.8;287;30.2;33.3;27.6;16.0;45562.01
2;2025-08-18;27.3;31.3;24.2;1.00;1.00;0.6;84;51;33181.68;13.1;255;32.9;37.8;29.6;5.0;45513.27
2;2025-08-19;28.2;33.0;24.0;0.10;0.10;2.4;81;51;43200.00;11.7;141;34.1;40.4;28.8;1.0;45463.97
2;2025-08-20;28.5;32.3;25.0;1.70;1.70;0.9;81;55;43200.00;9.9;152;34.7;40.8;30.1;5.0;45414.17
2;2025-08-21;28.9;33.8;24.1;0.00;0.00;4.6;74;3;43200.00;17.8;121;33.6;40.6;28.9;0.0;45363.89
2;2025-08-22;27.9;32.1;24.1;2.30;2.30;1.1;80;55;42756.71;9.5;171;33.4;38.6;28.6;8.0;45313.19
2;2025-08-23;28.1;32.2;25.1;5.40;5.40;1.6;83;63;42509.12;11.7;283;34.0;39.2;30.4;11.0;45262.09
2;2025-08-24;26.0;29.2;24.6;13.40;13.40;3.2;88;63;5766.03;24.5;286;29.8;33.4;27.0;15.0;45210.65
2;2025-08-25;26.9;30.2;24.3;6.20;6.20;4.6;83;55;3413.32;17.2;164;31.1;35.7;27.5;12.0;45158.90
2;2025-08-26;27.7;31.3;25.0;37.50;37.50;2.4;83;65;32497.23;13.4;154;33.3;38.5;29.5;8.0;45106.88
2;2025-08-27;26.2;29.6;24.4;26.10;26.10;1.1;90;63;4879.08;12.9;181;31.8;35.7;28.7;21.0;45054.63
2;2025-08-28;26.9;31.0;24.2;3.00;3.00;1.5;86;55;43200.00;11.7;285;32.6;38.9;29.5;8.0;45002.19
2;2025-08-29;25.7;27.7;24.5;23.10;23.10;1.8;90;63;2727.57;17.8;297;30.1;31.8;28.2;16.0;44949.59
2;2025-08-30;26.5;31.2;24.3;72.10;72.10;2.2;90;65;30121.37;18.9;235;32.1;38.9;27.5;19.0;44896.87
2;2025-08-31;26.9;30.5;24.6;5.70;5.70;1.9;88;55;41218.78;13.0;31;32.8;37.5;30.0;14.0;44844.06
2;2025-09-01;26.4;29.3;24.4;8.90;8.90;1.8;89;63;40328.29;11.8;328;32.0;34.9;29.8;16.0;44791.21
2;2025-09-02;26.8;30.0;24.5;5.30;5.30;0.4;88;61;38868.27;12.8;357;32.5;36.2;29.6;10.0;44738.35
2;2025-09-03;27.5;31.1;24.3;2.10;2.10;1.7;85;53;43066.14;14.1;86;33.3;38.1;29.9;7.0;44685.50
2;2025-09-04;27.4;31.2;24.2;1.30;1.30;2.1;86;51;43021.19;12.6;113;33.6;39.1;30.0;8.0;44632.70
2;2025-09-05;27.7;32.1;24.3;1.60;1.60;0.6;85;53;42975.56;11.8;127;34.0;40.1;30.0;7.0;44579.64
2;2025-09-06;27.6;31.1;24.7;5.40;5.40;1.3;86;61;35603.66;11.7;74;33.6;38.3;29.4;11.0;44526.17
2;2025-09-07;27.4;32.4;24.7;16.20;16.20;2.3;86;65;40340.04;11.3;216;33.5;39.7;30.3;7.0;44472.35
2;2025-09-08;28.5;33.3;24.5;3.80;3.80;1.9;79;63;38367.39;11.6;180;34.1;41.3;28.8;6.0;44418.21
2;2025-09-09;28.7;32.7;25.6;1.40;1.40;1.5;76;53;30658.43;11.1;165;33.9;38.4;30.7;4.0;44363.78
2;2025-09-10;28.5;32.6;25.5;4.60;4.60;0.5;80;63;42737.81;9.0;158;34.5;40.1;31.7;5.0;44309.10
2;2025-09-11;28.2;32.9;24.0;0.20;0.20;2.3;78;51;42688.88;13.3;138;33.4;39.7;28.2;1.0;44254.22
2;2025-09-12;28.0;32.6;23.7;0.00;0.00;1.6;77;3;42639.65;18.3;115;32.7;38.8;28.4;0.0;44199.16
2;2025-09-13;27.3;31.6;23.2;1.60;1.60;2.4;80;53;41466.90;12.7;133;32.3;37.1;27.6;5.0;44143.96
2;2025-09-14;27.6;32.2;24.8;3.90;3.90;0.4;83;55;36674.19;9.9;147;33.2;38.4;30.4;12.0;44088.65
2;2025-09-15;26.9;31.7;24.0;13.00;13.00;0.7;87;63;33319.15;12.0;176;32.8;39.1;29.4;9.0;44033.28
2;2025-09-16;27.6;32.2;23.9;8.30;8.30;1.3;81;63;41537.74;16.3;15;32.9;37.9;29.2;6.0;43977.87
2;2025-09-17;26.2;29.6;24.1;6.10;6.10;1.0;87;61;19220.15;9.2;322;31.5;34.4;29.1;17.0;43922.46
2;2025-09-18;25.9;29.8;24.2;19.90;19.90;0.7;90;63;20395.63;14.2;307;31.2;34.9;28.9;23.0;43867.08
2;2025-09-19;26.4;29.7;24.1;9.30;9.30;1.9;91;63;28970.88;7.8;281;32.0;36.0;28.9;13.0;43811.77
2;2025-09-20;27.4;31.5;24.3;13.60;13.60;0.6;88;65;38615.74;11.5;228;33.7;39.2;30.0;11.0;43756.56
2;2025-09-21;27.5;32.3;24.5;12.30;12.30;1.4;86;65;41178.24;13.6;199;33.6;39.9;29.3;6.0;43701.49
2;2025-09-22;27.0;31.7;24.1;11.60;11.60;1.2;87;63;39764.05;11.4;269;33.0;38.6;29.5;8.0;43646.58
2;2025-09-23;27.2;31.3;24.3;2.10;2.10;3.1;85;55;33546.57;16.8;300;32.6;36.4;29.3;9.0;43591.89
2;2025-09-24;27.8;32.1;24.8;1.40;1.40;4.0;82;53;26489.91;22.0;284;32.7;36.4;29.9;7.0;43537.41
2;2025-09-25;27.7;31.7;25.1;3.10;3.10;0.4;82;61;33965.51;19.1;215;32.9;37.1;29.9;6.0;43482.83
2;2025-09-26;26.4;29.9;24.5;25.40;25.40;1.0;90;63;25015.51;9.9;119;32.0;36.4;29.6;19.0;43428.02
2;2025-09-27;24.8;26.9;23.1;67.40;67.40;1.0;95;65;306.00;18.1;326;29.3;30.9;27.4;24.0;43373.01
2;2025-09-28;24.5;25.8;23.3;96.90;96.90;13.1;94;65;0.00;37.4;262;26.8;28.3;25.5;24.0;43317.84
2;2025-09-29;27.2;31.5;24.5;19.00;19.00;5.2;85;63;10158.12;17.3;122;31.9;37.0;27.5;16.0;43262.54
2;2025-09-30;27.3;32.2;24.1;12.50;12.50;0.6;83;63;40436.36;12.4;180;32.9;39.8;28.4;6.0;43207.16
2;2025-10-01;27.2;31.6;23.1;0.20;0.20;1.5;83;51;40701.15;16.2;104;32.6;38.3;27.6;2.0;43151.73
2;2025-10-02;27.1;31.3;23.5;0.00;0.00;2.4;81;3;40245.37;11.6;97;32.3;37.8;28.3;0.0;43096.28
2;2025-10-03;27.5;31.3;24.1;0.20;0.20;3.0;82;51;39600.00;12.0;104;33.0;37.6;29.5;2.0;43040.85
2;2025-10-04;27.3;31.4;24.4;4.40;4.40;0.9;85;61;39600.00;10.9;254;33.0;38.8;29.0;4.0;42985.49
2;2025-10-05;28.7;34.3;23.5;0.00;0.00;2.7;74;3;26908.85;15.1;237;33.2;38.6;27.6;0.0;42930.23
2;2025-10-06;29.1;34.8;26.0;0.80;0.80;2.1;69;53;27783.09;15.3;163;33.6;41.1;29.4;2.0;42875.11
2;2025-10-07;27.9;32.5;24.2;1.30;1.30;2.6;79;53;39600.00;14.2;116;32.8;38.4;28.3;4.0;42820.16
2;2025-10-08;27.6;30.7;25.1;0.20;0.20;2.9;79;51;39907.85;13.7;94;32.4;36.1;30.2;2.0;42765.42
2;2025-10-09;25.9;29.3;24.3;16.90;16.90;0.5;88;65;35260.20;13.6;73;31.1;35.4;29.4;15.0;42710.93
2;2025-10-10;25.3;29.1;23.6;14.10;14.10;2.8;90;63;20998.36;12.6;120;30.2;35.0;27.8;22.0;42656.73
2;2025-10-11;25.9;29.8;23.7;11.00;11.00;1.5;89;63;39600.00;10.0;342;31.2;36.5;28.4;16.0;42602.86
2;2025-10-12;25.6;28.7;23.4;7.10;7.10;1.0;90;63;22792.63;10.7;279;30.8;34.0;27.7;17.0;42549.36
2;2025-10-13;25.8;29.9;23.9;12.40;12.40;0.6;91;63;29376.39;8.2;191;31.6;36.2;29.1;12.0;42496.26
2;2025-10-14;26.0;30.8;24.2;14.30;14.30;1.4;90;65;33445.52;10.8;244;31.7;37.0;29.5;7.0;42443.60
2;2025-10-15;26.5;30.5;23.3;10.60;10.60;0.9;87;63;39600.00;14.1;108;31.7;35.3;28.2;10.0;42391.02
2;2025-10-16;25.2;27.6;23.7;18.10;18.10;1.0;90;63;11470.21;10.3;143;30.2;32.2;28.0;18.0;42338.37
2;2025-10-17;25.3;28.7;23.4;19.30;19.30;0.6;92;63;21541.89;14.9;116;30.3;33.2;27.7;23.0;42285.69
2;2025-10-18;24.7;28.6;22.6;33.10;33.10;1.3;92;65;20095.95;11.1;181;29.7;33.8;26.1;22.0;42233.02
2;2025-10-19;25.3;29.9;22.6;19.20;19.20;1.1;88;63;35005.95;14.2;167;30.0;34.7;26.5;16.0;42180.41
2;2025-10-20;26.4;30.1;22.9;6.90;6.90;2.6;84;61;39600.00;19.5;343;30.2;34.2;27.0;18.0;42127.91
2;2025-10-21;25.7;28.5;24.2;23.20;23.20;11.2;83;63;29443.04;28.2;345;28.0;30.6;26.1;23.0;42075.56
2;2025-10-22;24.1;25.8;23.2;23.00;23.00;16.2;87;63;1016.44;30.5;342;25.7;27.1;24.1;24.0;42023.40
2;2025-10-23;23.5;24.2;22.9;143.90;143.90;14.2;92;65;0.00;27.0;354;25.5;27.1;24.1;24.0;41971.48
2;2025-10-24;24.2;25.8;22.8;43.00;43.00;5.4;90;65;0.00;17.1;9;27.6;28.8;26.0;24.0;41919.83
2;2025-10-25;24.6;26.7;23.3;15.80;15.80;6.4;86;61;3954.36;17.9;356;27.7;29.4;26.8;23.0;41868.53
2;2025-10-26;24.3;25.2;23.9;97.90;97.90;6.0;93;65;0.00;21.1;19;27.7;28.9;26.3;24.0;41817.60
2;2025-10-27;24.6;25.2;24.2;73.60;73.60;10.7;92;63;0.00;32.7;31;26.9;28.3;25.6;24.0;41767.09
2;2025-10-28;24.4;24.8;24.2;97.90;97.90;9.8;92;65;0.00;30.5;27;26.8;28.4;25.5;24.0;41717.06
2;2025-10-29;24.5;25.0;24.0;100.70;100.70;10.2;94;65;0.00;26.9;56;27.6;28.4;26.5;24.0;41667.55
2;2025-10-30;25.5;27.5;23.9;20.90;20.90;4.4;91;63;5622.79;18.9;99;29.7;32.5;27.1;19.0;41618.61
2;2025-10-31;25.5;29.2;23.6;11.00;11.00;3.0;91;63;27114.58;16.4;98;30.1;34.0;28.1;13.0;41570.30
2;2025-11-01;25.0;28.2;23.6;12.10;12.10;3.9;90;61;20893.49;13.8;107;29.4;32.1;28.0;22.0;41522.66
2;2025-11-02;24.5;26.5;23.4;65.60;65.60;2.3;94;65;1150.63;22.8;59;28.2;29.6;26.9;24.0;41475.75
2;2025-11-03;24.8;26.2;23.8;103.20;103.20;4.3;92;65;0.00;43.4;56;28.0;30.5;24.1;21.0;41429.61
2;2025-11-04;22.4;25.7;20.4;10.30;10.30;2.9;89;61;7200.00;26.3;284;23.6;28.8;20.6;15.0;41383.85
2;2025-11-05;22.3;24.1;20.6;10.30;10.30;1.2;92;61;4845.16;23.1;282;24.7;27.7;20.8;19.0;41338.32
2;2025-11-06;24.2;28.0;22.3;33.40;33.40;1.0;91;63;7443.89;30.9;353;27.3;31.0;25.5;23.0;41293.08
2;2025-11-07;27.0;30.7;24.1;11.90;11.90;5.8;81;63;36000.00;30.5;91;30.1;35.4;25.9;17.0;41248.17
2;2025-11-08;26.2;30.9;22.0;1.80;1.80;0.3;84;53;39600.00;17.1;108;30.8;37.3;25.5;5.0;41203.63
2;2025-11-09;26.5;29.7;24.0;0.70;0.70;2.3;87;51;38247.95;16.3;96;31.6;34.7;29.5;6.0;41159.53
2;2025-11-10;26.3;30.0;23.3;0.60;0.60;1.1;85;51;38280.74;9.3;67;31.3;35.4;28.4;3.0;41115.90
2;2025-11-11;26.1;29.7;23.8;1.80;1.80;1.1;86;51;33014.49;14.6;339;30.8;34.5;28.6;8.0;41072.81
2;2025-11-12;25.0;27.0;22.5;0.80;0.80;7.6;80;51;1629.48;16.2;334;27.8;29.2;25.3;6.0;41030.28
2;2025-11-13;23.8;27.7;21.2;1.10;1.10;6.9;76;51;38446.18;19.4;323;25.6;28.7;22.7;8.0;40988.40
2;2025-11-14;23.5;26.8;20.8;4.20;4.20;4.3;72;61;38160.91;17.7;334;25.1;28.4;22.4;7.0;40947.20
2;2025-11-15;23.0;24.9;21.0;20.20;20.20;1.3;90;63;2579.94;14.1;346;26.5;28.0;23.8;24.0;40906.74
2;2025-11-16;24.1;25.2;23.1;35.20;35.20;6.1;93;63;1288.05;22.2;72;27.5;29.3;26.6;24.0;40867.07
2;2025-11-17;24.1;25.3;23.3;48.10;48.10;4.3;93;63;0.00;18.7;93;27.6;29.9;26.5;24.0;40828.25
2;2025-11-18;24.6;26.9;22.5;15.90;15.90;6.1;79;61;4403.37;26.8;60;26.0;27.2;23.6;20.0;40790.34
2;2025-11-19;20.9;22.4;19.5;47.80;47.80;18.2;86;63;0.00;28.1;11;20.7;22.7;19.1;24.0;40753.38
2;2025-11-20;20.5;22.1;19.5;11.70;11.70;4.2;83;55;0.00;18.5;356;21.1;22.5;19.5;23.0;40717.45
2;2025-11-21;21.7;23.6;20.3;4.10;4.10;3.4;73;53;2053.88;20.6;346;22.0;23.2;20.3;11.0;40682.58
2;2025-11-22;22.2;24.3;20.8;5.00;5.00;2.1;80;61;6409.45;11.0;326;24.3;26.2;22.7;15.0;40648.85
2;2025-11-23;21.9;23.7;20.8;21.40;21.40;0.7;93;61;0.00;12.9;306;24.9;26.5;23.1;22.0;40616.30
2;2025-11-24;22.4;24.9;20.8;32.70;32.70;2.7;93;63;0.00;15.9;358;25.4;28.0;23.4;24.0;40584.62
2;2025-11-25;22.2;23.7;20.2;24.50;24.50;3.2;83;63;3567.06;18.4;9;23.8;24.9;22.2;19.0;40553.67
2;2025-11-26;20.9;24.4;19.1;7.10;7.10;1.3;88;61;20077.34;15.2;315;23.1;26.2;21.0;19.0;40523.49
2;2025-11-27;21.9;24.2;19.5;0.70;0.70;7.0;63;51;33192.39;29.2;351;20.6;22.3;19.7;4.0;40494.12
2;2025-11-28;22.1;24.4;20.1;0.00;0.00;4.5;55;3;32478.79;20.1;351;21.1;23.4;18.6;0.0;40465.60
2;2025-11-29;21.6;24.5;19.4;0.00;0.00;4.9;70;3;10902.58;13.6;283;22.2;24.8;19.1;0.0;40437.96
2;2025-11-30;22.8;25.6;20.1;0.00;0.00;5.6;78;3;12080.33;13.0;302;24.7;27.7;20.8;0.0;40411.25
2;2025-12-01;23.2;25.4;21.8;1.70;1.70;6.1;88;51;3470.65;18.4;302;26.0;28.0;24.6;12.0;40385.50
2;2025-12-02;24.1;26.9;21.3;1.80;1.80;4.7;88;53;38077.72;10.9;331;27.9;30.6;24.6;9.0;40360.75
2;2025-12-03;23.4;24.8;22.7;33.80;33.80;4.2;93;63;4700.09;20.4;352;26.3;27.4;25.4;24.0;40337.05
2;2025-12-04;23.7;25.3;22.7;21.30;21.30;9.1;89;61;7911.37;18.0;74;26.4;27.7;25.5;24.0;40314.42
2;2025-12-05;23.8;26.5;22.0;3.00;3.00;5.0;83;53;35686.61;19.6;99;26.1;27.9;24.7;15.0;40292.92
2;2025-12-06;22.9;25.8;20.6;5.40;5.40;4.9;81;61;32400.00;19.5;101;24.8;26.8;22.6;14.0;40272.58
2;2025-12-07;22.0;25.5;18.1;0.60;0.60;4.7;81;51;38977.36;14.8;105;23.9;27.4;19.9;4.0;40253.43
2;2025-12-08;21.7;25.9;18.7;2.40;2.40;1.2;84;53;22984.41;13.6;110;23.9;27.4;20.1;12.0;40235.52
2;2025-12-09;22.1;25.5;18.8;1.00;1.00;1.4;82;51;19221.57;16.8;102;24.3;26.1;21.3;7.0;40218.90
2;2025-12-10;21.9;23.8;20.9;9.50;9.50;4.1;90;63;0.00;14.2;291;24.5;25.4;23.6;22.0;40203.58
2;2025-12-11;23.3;26.4;21.0;17.90;17.90;1.7;90;63;32462.80;16.7;88;26.5;29.0;23.2;18.0;40189.62
2;2025-12-12;24.3;27.4;22.5;1.50;1.50;9.6;84;51;37485.45;19.1;99;26.9;29.8;25.5;9.0;40177.06
2;2025-12-13;23.9;27.5;20.7;4.30;4.30;5.4;84;61;38023.05;19.8;98;26.5;29.3;23.4;8.0;40165.93
2;2025-12-14;22.7;24.8;21.4;18.40;18.40;6.4;86;63;17645.41;22.8;57;24.5;25.5;23.2;24.0;40156.10
2;2025-12-15;22.0;24.2;20.9;8.40;8.40;3.1;88;61;10003.01;11.6;57;24.7;26.4;23.7;21.0;40147.52
2;2025-12-16;22.2;24.4;20.5;9.90;9.90;2.4;91;61;13028.46;14.4;76;25.4;27.7;23.6;22.0;40140.20
2;2025-12-17;22.4;24.0;21.3;21.10;21.10;1.0;90;63;4079.10;19.5;75;25.3;25.8;24.7;23.0;40134.13
2;2025-12-18;22.7;26.4;19.5;0.60;0.60;1.2;82;51;37320.45;12.8;56;25.4;28.0;22.2;5.0;40129.31
2;2025-12-19;22.4;25.4;20.5;1.60;1.60;0.6;86;51;34865.09;11.3;352;25.4;27.4;23.4;7.0;40125.74
2;2025-12-20;22.5;25.2;20.6;7.20;7.20;2.2;87;53;18836.41;14.6;358;25.5;27.8;23.3;21.0;40123.43
2;2025-12-21;22.4;24.3;20.8;12.50;12.50;2.0;92;63;19077.38;15.9;22;25.6;28.1;23.9;23.0;40122.37
2;2025-12-22;23.2;26.1;20.8;5.80;5.80;6.0;86;55;35454.11;19.1;100;25.6;28.6;23.8;18.0;40122.56
2;2025-12-23;23.8;27.3;20.5;0.40;0.40;5.3;84;51;37131.57;20.9;105;26.2;29.3;23.5;3.0;40124.00
2;2025-12-24;23.4;27.3;19.7;1.70;1.70;4.4;86;53;37145.70;14.6;103;26.6;30.5;22.0;8.0;40126.69
2;2025-12-25;22.1;24.4;20.6;25.50;25.50;0.9;92;63;7555.83;21.3;17;24.7;27.5;21.1;24.0;40130.63
2;2025-12-26;19.9;21.0;18.9;9.70;9.70;3.9;86;61;125.32;19.7;347;20.6;21.8;19.6;20.0;40135.81
2;2025-12-27;19.6;20.9;18.6;8.60;8.60;3.3;91;61;72.03;14.0;280;21.5;22.7;20.3;16.0;40142.23
2;2025-12-28;20.8;24.1;18.0;3.60;3.60;1.1;90;51;29636.69;12.7;30;23.3;26.3;20.4;18.0;40149.89
2;2025-12-29;21.7;24.9;19.2;1.40;1.40;1.5;87;51;32484.78;13.0;94;24.1;26.4;21.5;8.0;40158.78
2;2025-12-30;22.2;25.4;18.6;0.10;0.10;3.4;80;51;36000.00;15.5;105;23.9;26.4;21.1;1.0;40168.90
2;2025-12-31;22.4;26.7;18.6;0.00;0.00;4.6;76;3;37492.09;19.1;105;23.6;28.1;20.3;0.0;40180.26